<?xml version="1.0" encoding="UTF-8"?>
<kml xmlns="http://www.opengis.net/kml/2.2">
  <Document>
    <name>YYZ by Night</name>
    <description/>
    <Style id="icon-1899-006064-normal">
      <IconStyle>
        <color>ff646000</color>
        <scale>1</scale>
        <Icon>
          <href>https://www.gstatic.com/mapspro/images/stock/503-wht-blank_maps.png</href>
        </Icon>
        <hotSpot x="32" xunits="pixels" y="64" yunits="insetPixels"/>
      </IconStyle>
      <LabelStyle>
        <scale>0</scale>
      </LabelStyle>
    </Style>
    <Style id="icon-1899-006064-highlight">
      <IconStyle>
        <color>ff646000</color>
        <scale>1</scale>
        <Icon>
          <href>https://www.gstatic.com/mapspro/images/stock/503-wht-blank_maps.png</href>
        </Icon>
        <hotSpot x="32" xunits="pixels" y="64" yunits="insetPixels"/>
      </IconStyle>
      <LabelStyle>
        <scale>1</scale>
      </LabelStyle>
    </Style>
    <StyleMap id="icon-1899-006064">
      <Pair>
        <key>normal</key>
        <styleUrl>#icon-1899-006064-normal</styleUrl>
      </Pair>
      <Pair>
        <key>highlight</key>
        <styleUrl>#icon-1899-006064-highlight</styleUrl>
      </Pair>
    </StyleMap>
    <Style id="icon-1899-1A237E-normal">
      <IconStyle>
        <color>ff7e231a</color>
        <scale>1</scale>
        <Icon>
          <href>https://www.gstatic.com/mapspro/images/stock/503-wht-blank_maps.png</href>
        </Icon>
        <hotSpot x="32" xunits="pixels" y="64" yunits="insetPixels"/>
      </IconStyle>
      <LabelStyle>
        <scale>0</scale>
      </LabelStyle>
    </Style>
    <Style id="icon-1899-1A237E-highlight">
      <IconStyle>
        <color>ff7e231a</color>
        <scale>1</scale>
        <Icon>
          <href>https://www.gstatic.com/mapspro/images/stock/503-wht-blank_maps.png</href>
        </Icon>
        <hotSpot x="32" xunits="pixels" y="64" yunits="insetPixels"/>
      </IconStyle>
      <LabelStyle>
        <scale>1</scale>
      </LabelStyle>
    </Style>
    <StyleMap id="icon-1899-1A237E">
      <Pair>
        <key>normal</key>
        <styleUrl>#icon-1899-1A237E-normal</styleUrl>
      </Pair>
      <Pair>
        <key>highlight</key>
        <styleUrl>#icon-1899-1A237E-highlight</styleUrl>
      </Pair>
    </StyleMap>
    <Style id="icon-1899-558B2F-normal">
      <IconStyle>
        <color>ff2f8b55</color>
        <scale>1</scale>
        <Icon>
          <href>https://www.gstatic.com/mapspro/images/stock/503-wht-blank_maps.png</href>
        </Icon>
        <hotSpot x="32" xunits="pixels" y="64" yunits="insetPixels"/>
      </IconStyle>
      <LabelStyle>
        <scale>0</scale>
      </LabelStyle>
    </Style>
    <Style id="icon-1899-558B2F-highlight">
      <IconStyle>
        <color>ff2f8b55</color>
        <scale>1</scale>
        <Icon>
          <href>https://www.gstatic.com/mapspro/images/stock/503-wht-blank_maps.png</href>
        </Icon>
        <hotSpot x="32" xunits="pixels" y="64" yunits="insetPixels"/>
      </IconStyle>
      <LabelStyle>
        <scale>1</scale>
      </LabelStyle>
    </Style>
    <StyleMap id="icon-1899-558B2F">
      <Pair>
        <key>normal</key>
        <styleUrl>#icon-1899-558B2F-normal</styleUrl>
      </Pair>
      <Pair>
        <key>highlight</key>
        <styleUrl>#icon-1899-558B2F-highlight</styleUrl>
      </Pair>
    </StyleMap>
    <Style id="icon-1899-673AB7-normal">
      <IconStyle>
        <color>ffb73a67</color>
        <scale>1</scale>
        <Icon>
          <href>https://www.gstatic.com/mapspro/images/stock/503-wht-blank_maps.png</href>
        </Icon>
        <hotSpot x="32" xunits="pixels" y="64" yunits="insetPixels"/>
      </IconStyle>
      <LabelStyle>
        <scale>0</scale>
      </LabelStyle>
    </Style>
    <Style id="icon-1899-673AB7-highlight">
      <IconStyle>
        <color>ffb73a67</color>
        <scale>1</scale>
        <Icon>
          <href>https://www.gstatic.com/mapspro/images/stock/503-wht-blank_maps.png</href>
        </Icon>
        <hotSpot x="32" xunits="pixels" y="64" yunits="insetPixels"/>
      </IconStyle>
      <LabelStyle>
        <scale>1</scale>
      </LabelStyle>
    </Style>
    <StyleMap id="icon-1899-673AB7">
      <Pair>
        <key>normal</key>
        <styleUrl>#icon-1899-673AB7-normal</styleUrl>
      </Pair>
      <Pair>
        <key>highlight</key>
        <styleUrl>#icon-1899-673AB7-highlight</styleUrl>
      </Pair>
    </StyleMap>
    <Style id="icon-1899-BDBDBD-normal">
      <IconStyle>
        <color>ffbdbdbd</color>
        <scale>1</scale>
        <Icon>
          <href>https://www.gstatic.com/mapspro/images/stock/503-wht-blank_maps.png</href>
        </Icon>
        <hotSpot x="32" xunits="pixels" y="64" yunits="insetPixels"/>
      </IconStyle>
      <LabelStyle>
        <scale>0</scale>
      </LabelStyle>
    </Style>
    <Style id="icon-1899-BDBDBD-highlight">
      <IconStyle>
        <color>ffbdbdbd</color>
        <scale>1</scale>
        <Icon>
          <href>https://www.gstatic.com/mapspro/images/stock/503-wht-blank_maps.png</href>
        </Icon>
        <hotSpot x="32" xunits="pixels" y="64" yunits="insetPixels"/>
      </IconStyle>
      <LabelStyle>
        <scale>1</scale>
      </LabelStyle>
    </Style>
    <StyleMap id="icon-1899-BDBDBD">
      <Pair>
        <key>normal</key>
        <styleUrl>#icon-1899-BDBDBD-normal</styleUrl>
      </Pair>
      <Pair>
        <key>highlight</key>
        <styleUrl>#icon-1899-BDBDBD-highlight</styleUrl>
      </Pair>
    </StyleMap>
    <Style id="icon-1899-F57C00-normal">
      <IconStyle>
        <color>ff007cf5</color>
        <scale>1</scale>
        <Icon>
          <href>https://www.gstatic.com/mapspro/images/stock/503-wht-blank_maps.png</href>
        </Icon>
        <hotSpot x="32" xunits="pixels" y="64" yunits="insetPixels"/>
      </IconStyle>
      <LabelStyle>
        <scale>0</scale>
      </LabelStyle>
    </Style>
    <Style id="icon-1899-F57C00-highlight">
      <IconStyle>
        <color>ff007cf5</color>
        <scale>1</scale>
        <Icon>
          <href>https://www.gstatic.com/mapspro/images/stock/503-wht-blank_maps.png</href>
        </Icon>
        <hotSpot x="32" xunits="pixels" y="64" yunits="insetPixels"/>
      </IconStyle>
      <LabelStyle>
        <scale>1</scale>
      </LabelStyle>
    </Style>
    <StyleMap id="icon-1899-F57C00">
      <Pair>
        <key>normal</key>
        <styleUrl>#icon-1899-F57C00-normal</styleUrl>
      </Pair>
      <Pair>
        <key>highlight</key>
        <styleUrl>#icon-1899-F57C00-highlight</styleUrl>
      </Pair>
    </StyleMap>
    <Style id="icon-1899-FFD600-normal">
      <IconStyle>
        <color>ff00d6ff</color>
        <scale>1</scale>
        <Icon>
          <href>https://www.gstatic.com/mapspro/images/stock/503-wht-blank_maps.png</href>
        </Icon>
        <hotSpot x="32" xunits="pixels" y="64" yunits="insetPixels"/>
      </IconStyle>
      <LabelStyle>
        <scale>0</scale>
      </LabelStyle>
    </Style>
    <Style id="icon-1899-FFD600-highlight">
      <IconStyle>
        <color>ff00d6ff</color>
        <scale>1</scale>
        <Icon>
          <href>https://www.gstatic.com/mapspro/images/stock/503-wht-blank_maps.png</href>
        </Icon>
        <hotSpot x="32" xunits="pixels" y="64" yunits="insetPixels"/>
      </IconStyle>
      <LabelStyle>
        <scale>1</scale>
      </LabelStyle>
    </Style>
    <StyleMap id="icon-1899-FFD600">
      <Pair>
        <key>normal</key>
        <styleUrl>#icon-1899-FFD600-normal</styleUrl>
      </Pair>
      <Pair>
        <key>highlight</key>
        <styleUrl>#icon-1899-FFD600-highlight</styleUrl>
      </Pair>
    </StyleMap>
    <Style id="poly-006064-1200-74-nodesc-normal">
      <LineStyle>
        <color>ff646000</color>
        <width>1.2</width>
      </LineStyle>
      <PolyStyle>
        <color>4a646000</color>
        <fill>1</fill>
        <outline>1</outline>
      </PolyStyle>
      <BalloonStyle>
        <text><![CDATA[<h3>$[name]</h3>]]></text>
      </BalloonStyle>
    </Style>
    <Style id="poly-006064-1200-74-nodesc-highlight">
      <LineStyle>
        <color>ff646000</color>
        <width>1.8</width>
      </LineStyle>
      <PolyStyle>
        <color>4a646000</color>
        <fill>1</fill>
        <outline>1</outline>
      </PolyStyle>
      <BalloonStyle>
        <text><![CDATA[<h3>$[name]</h3>]]></text>
      </BalloonStyle>
    </Style>
    <StyleMap id="poly-006064-1200-74-nodesc">
      <Pair>
        <key>normal</key>
        <styleUrl>#poly-006064-1200-74-nodesc-normal</styleUrl>
      </Pair>
      <Pair>
        <key>highlight</key>
        <styleUrl>#poly-006064-1200-74-nodesc-highlight</styleUrl>
      </Pair>
    </StyleMap>
    <Style id="poly-006064-1200-77-nodesc-normal">
      <LineStyle>
        <color>ff646000</color>
        <width>1.2</width>
      </LineStyle>
      <PolyStyle>
        <color>4d646000</color>
        <fill>1</fill>
        <outline>1</outline>
      </PolyStyle>
      <BalloonStyle>
        <text><![CDATA[<h3>$[name]</h3>]]></text>
      </BalloonStyle>
    </Style>
    <Style id="poly-006064-1200-77-nodesc-highlight">
      <LineStyle>
        <color>ff646000</color>
        <width>1.8</width>
      </LineStyle>
      <PolyStyle>
        <color>4d646000</color>
        <fill>1</fill>
        <outline>1</outline>
      </PolyStyle>
      <BalloonStyle>
        <text><![CDATA[<h3>$[name]</h3>]]></text>
      </BalloonStyle>
    </Style>
    <StyleMap id="poly-006064-1200-77-nodesc">
      <Pair>
        <key>normal</key>
        <styleUrl>#poly-006064-1200-77-nodesc-normal</styleUrl>
      </Pair>
      <Pair>
        <key>highlight</key>
        <styleUrl>#poly-006064-1200-77-nodesc-highlight</styleUrl>
      </Pair>
    </StyleMap>
    <Style id="poly-006064-1200-79-nodesc-normal">
      <LineStyle>
        <color>ff646000</color>
        <width>1.2</width>
      </LineStyle>
      <PolyStyle>
        <color>4f646000</color>
        <fill>1</fill>
        <outline>1</outline>
      </PolyStyle>
      <BalloonStyle>
        <text><![CDATA[<h3>$[name]</h3>]]></text>
      </BalloonStyle>
    </Style>
    <Style id="poly-006064-1200-79-nodesc-highlight">
      <LineStyle>
        <color>ff646000</color>
        <width>1.8</width>
      </LineStyle>
      <PolyStyle>
        <color>4f646000</color>
        <fill>1</fill>
        <outline>1</outline>
      </PolyStyle>
      <BalloonStyle>
        <text><![CDATA[<h3>$[name]</h3>]]></text>
      </BalloonStyle>
    </Style>
    <StyleMap id="poly-006064-1200-79-nodesc">
      <Pair>
        <key>normal</key>
        <styleUrl>#poly-006064-1200-79-nodesc-normal</styleUrl>
      </Pair>
      <Pair>
        <key>highlight</key>
        <styleUrl>#poly-006064-1200-79-nodesc-highlight</styleUrl>
      </Pair>
    </StyleMap>
    <Style id="poly-006064-1200-82-nodesc-normal">
      <LineStyle>
        <color>ff646000</color>
        <width>1.2</width>
      </LineStyle>
      <PolyStyle>
        <color>52646000</color>
        <fill>1</fill>
        <outline>1</outline>
      </PolyStyle>
      <BalloonStyle>
        <text><![CDATA[<h3>$[name]</h3>]]></text>
      </BalloonStyle>
    </Style>
    <Style id="poly-006064-1200-82-nodesc-highlight">
      <LineStyle>
        <color>ff646000</color>
        <width>1.8</width>
      </LineStyle>
      <PolyStyle>
        <color>52646000</color>
        <fill>1</fill>
        <outline>1</outline>
      </PolyStyle>
      <BalloonStyle>
        <text><![CDATA[<h3>$[name]</h3>]]></text>
      </BalloonStyle>
    </Style>
    <StyleMap id="poly-006064-1200-82-nodesc">
      <Pair>
        <key>normal</key>
        <styleUrl>#poly-006064-1200-82-nodesc-normal</styleUrl>
      </Pair>
      <Pair>
        <key>highlight</key>
        <styleUrl>#poly-006064-1200-82-nodesc-highlight</styleUrl>
      </Pair>
    </StyleMap>
    <Style id="poly-0097A7-1200-61-nodesc-normal">
      <LineStyle>
        <color>ffa79700</color>
        <width>1.2</width>
      </LineStyle>
      <PolyStyle>
        <color>3da79700</color>
        <fill>1</fill>
        <outline>1</outline>
      </PolyStyle>
      <BalloonStyle>
        <text><![CDATA[<h3>$[name]</h3>]]></text>
      </BalloonStyle>
    </Style>
    <Style id="poly-0097A7-1200-61-nodesc-highlight">
      <LineStyle>
        <color>ffa79700</color>
        <width>1.8</width>
      </LineStyle>
      <PolyStyle>
        <color>3da79700</color>
        <fill>1</fill>
        <outline>1</outline>
      </PolyStyle>
      <BalloonStyle>
        <text><![CDATA[<h3>$[name]</h3>]]></text>
      </BalloonStyle>
    </Style>
    <StyleMap id="poly-0097A7-1200-61-nodesc">
      <Pair>
        <key>normal</key>
        <styleUrl>#poly-0097A7-1200-61-nodesc-normal</styleUrl>
      </Pair>
      <Pair>
        <key>highlight</key>
        <styleUrl>#poly-0097A7-1200-61-nodesc-highlight</styleUrl>
      </Pair>
    </StyleMap>
    <Style id="poly-0097A7-1200-71-nodesc-normal">
      <LineStyle>
        <color>ffa79700</color>
        <width>1.2</width>
      </LineStyle>
      <PolyStyle>
        <color>47a79700</color>
        <fill>1</fill>
        <outline>1</outline>
      </PolyStyle>
      <BalloonStyle>
        <text><![CDATA[<h3>$[name]</h3>]]></text>
      </BalloonStyle>
    </Style>
    <Style id="poly-0097A7-1200-71-nodesc-highlight">
      <LineStyle>
        <color>ffa79700</color>
        <width>1.8</width>
      </LineStyle>
      <PolyStyle>
        <color>47a79700</color>
        <fill>1</fill>
        <outline>1</outline>
      </PolyStyle>
      <BalloonStyle>
        <text><![CDATA[<h3>$[name]</h3>]]></text>
      </BalloonStyle>
    </Style>
    <StyleMap id="poly-0097A7-1200-71-nodesc">
      <Pair>
        <key>normal</key>
        <styleUrl>#poly-0097A7-1200-71-nodesc-normal</styleUrl>
      </Pair>
      <Pair>
        <key>highlight</key>
        <styleUrl>#poly-0097A7-1200-71-nodesc-highlight</styleUrl>
      </Pair>
    </StyleMap>
    <Style id="poly-0097A7-1200-74-nodesc-normal">
      <LineStyle>
        <color>ffa79700</color>
        <width>1.2</width>
      </LineStyle>
      <PolyStyle>
        <color>4aa79700</color>
        <fill>1</fill>
        <outline>1</outline>
      </PolyStyle>
      <BalloonStyle>
        <text><![CDATA[<h3>$[name]</h3>]]></text>
      </BalloonStyle>
    </Style>
    <Style id="poly-0097A7-1200-74-nodesc-highlight">
      <LineStyle>
        <color>ffa79700</color>
        <width>1.8</width>
      </LineStyle>
      <PolyStyle>
        <color>4aa79700</color>
        <fill>1</fill>
        <outline>1</outline>
      </PolyStyle>
      <BalloonStyle>
        <text><![CDATA[<h3>$[name]</h3>]]></text>
      </BalloonStyle>
    </Style>
    <StyleMap id="poly-0097A7-1200-74-nodesc">
      <Pair>
        <key>normal</key>
        <styleUrl>#poly-0097A7-1200-74-nodesc-normal</styleUrl>
      </Pair>
      <Pair>
        <key>highlight</key>
        <styleUrl>#poly-0097A7-1200-74-nodesc-highlight</styleUrl>
      </Pair>
    </StyleMap>
    <Style id="poly-0097A7-1200-76-normal">
      <LineStyle>
        <color>ffa79700</color>
        <width>1.2</width>
      </LineStyle>
      <PolyStyle>
        <color>4ca79700</color>
        <fill>1</fill>
        <outline>1</outline>
      </PolyStyle>
    </Style>
    <Style id="poly-0097A7-1200-76-highlight">
      <LineStyle>
        <color>ffa79700</color>
        <width>1.8</width>
      </LineStyle>
      <PolyStyle>
        <color>4ca79700</color>
        <fill>1</fill>
        <outline>1</outline>
      </PolyStyle>
    </Style>
    <StyleMap id="poly-0097A7-1200-76">
      <Pair>
        <key>normal</key>
        <styleUrl>#poly-0097A7-1200-76-normal</styleUrl>
      </Pair>
      <Pair>
        <key>highlight</key>
        <styleUrl>#poly-0097A7-1200-76-highlight</styleUrl>
      </Pair>
    </StyleMap>
    <Style id="poly-0097A7-1200-79-nodesc-normal">
      <LineStyle>
        <color>ffa79700</color>
        <width>1.2</width>
      </LineStyle>
      <PolyStyle>
        <color>4fa79700</color>
        <fill>1</fill>
        <outline>1</outline>
      </PolyStyle>
      <BalloonStyle>
        <text><![CDATA[<h3>$[name]</h3>]]></text>
      </BalloonStyle>
    </Style>
    <Style id="poly-0097A7-1200-79-nodesc-highlight">
      <LineStyle>
        <color>ffa79700</color>
        <width>1.8</width>
      </LineStyle>
      <PolyStyle>
        <color>4fa79700</color>
        <fill>1</fill>
        <outline>1</outline>
      </PolyStyle>
      <BalloonStyle>
        <text><![CDATA[<h3>$[name]</h3>]]></text>
      </BalloonStyle>
    </Style>
    <StyleMap id="poly-0097A7-1200-79-nodesc">
      <Pair>
        <key>normal</key>
        <styleUrl>#poly-0097A7-1200-79-nodesc-normal</styleUrl>
      </Pair>
      <Pair>
        <key>highlight</key>
        <styleUrl>#poly-0097A7-1200-79-nodesc-highlight</styleUrl>
      </Pair>
    </StyleMap>
    <Style id="poly-01579B-1200-69-nodesc-normal">
      <LineStyle>
        <color>ff9b5701</color>
        <width>1.2</width>
      </LineStyle>
      <PolyStyle>
        <color>459b5701</color>
        <fill>1</fill>
        <outline>1</outline>
      </PolyStyle>
      <BalloonStyle>
        <text><![CDATA[<h3>$[name]</h3>]]></text>
      </BalloonStyle>
    </Style>
    <Style id="poly-01579B-1200-69-nodesc-highlight">
      <LineStyle>
        <color>ff9b5701</color>
        <width>1.8</width>
      </LineStyle>
      <PolyStyle>
        <color>459b5701</color>
        <fill>1</fill>
        <outline>1</outline>
      </PolyStyle>
      <BalloonStyle>
        <text><![CDATA[<h3>$[name]</h3>]]></text>
      </BalloonStyle>
    </Style>
    <StyleMap id="poly-01579B-1200-69-nodesc">
      <Pair>
        <key>normal</key>
        <styleUrl>#poly-01579B-1200-69-nodesc-normal</styleUrl>
      </Pair>
      <Pair>
        <key>highlight</key>
        <styleUrl>#poly-01579B-1200-69-nodesc-highlight</styleUrl>
      </Pair>
    </StyleMap>
    <Style id="poly-01579B-1200-71-nodesc-normal">
      <LineStyle>
        <color>ff9b5701</color>
        <width>1.2</width>
      </LineStyle>
      <PolyStyle>
        <color>479b5701</color>
        <fill>1</fill>
        <outline>1</outline>
      </PolyStyle>
      <BalloonStyle>
        <text><![CDATA[<h3>$[name]</h3>]]></text>
      </BalloonStyle>
    </Style>
    <Style id="poly-01579B-1200-71-nodesc-highlight">
      <LineStyle>
        <color>ff9b5701</color>
        <width>1.8</width>
      </LineStyle>
      <PolyStyle>
        <color>479b5701</color>
        <fill>1</fill>
        <outline>1</outline>
      </PolyStyle>
      <BalloonStyle>
        <text><![CDATA[<h3>$[name]</h3>]]></text>
      </BalloonStyle>
    </Style>
    <StyleMap id="poly-01579B-1200-71-nodesc">
      <Pair>
        <key>normal</key>
        <styleUrl>#poly-01579B-1200-71-nodesc-normal</styleUrl>
      </Pair>
      <Pair>
        <key>highlight</key>
        <styleUrl>#poly-01579B-1200-71-nodesc-highlight</styleUrl>
      </Pair>
    </StyleMap>
    <Style id="poly-01579B-1200-77-nodesc-normal">
      <LineStyle>
        <color>ff9b5701</color>
        <width>1.2</width>
      </LineStyle>
      <PolyStyle>
        <color>4d9b5701</color>
        <fill>1</fill>
        <outline>1</outline>
      </PolyStyle>
      <BalloonStyle>
        <text><![CDATA[<h3>$[name]</h3>]]></text>
      </BalloonStyle>
    </Style>
    <Style id="poly-01579B-1200-77-nodesc-highlight">
      <LineStyle>
        <color>ff9b5701</color>
        <width>1.8</width>
      </LineStyle>
      <PolyStyle>
        <color>4d9b5701</color>
        <fill>1</fill>
        <outline>1</outline>
      </PolyStyle>
      <BalloonStyle>
        <text><![CDATA[<h3>$[name]</h3>]]></text>
      </BalloonStyle>
    </Style>
    <StyleMap id="poly-01579B-1200-77-nodesc">
      <Pair>
        <key>normal</key>
        <styleUrl>#poly-01579B-1200-77-nodesc-normal</styleUrl>
      </Pair>
      <Pair>
        <key>highlight</key>
        <styleUrl>#poly-01579B-1200-77-nodesc-highlight</styleUrl>
      </Pair>
    </StyleMap>
    <Style id="poly-01579B-1200-79-nodesc-normal">
      <LineStyle>
        <color>ff9b5701</color>
        <width>1.2</width>
      </LineStyle>
      <PolyStyle>
        <color>4f9b5701</color>
        <fill>1</fill>
        <outline>1</outline>
      </PolyStyle>
      <BalloonStyle>
        <text><![CDATA[<h3>$[name]</h3>]]></text>
      </BalloonStyle>
    </Style>
    <Style id="poly-01579B-1200-79-nodesc-highlight">
      <LineStyle>
        <color>ff9b5701</color>
        <width>1.8</width>
      </LineStyle>
      <PolyStyle>
        <color>4f9b5701</color>
        <fill>1</fill>
        <outline>1</outline>
      </PolyStyle>
      <BalloonStyle>
        <text><![CDATA[<h3>$[name]</h3>]]></text>
      </BalloonStyle>
    </Style>
    <StyleMap id="poly-01579B-1200-79-nodesc">
      <Pair>
        <key>normal</key>
        <styleUrl>#poly-01579B-1200-79-nodesc-normal</styleUrl>
      </Pair>
      <Pair>
        <key>highlight</key>
        <styleUrl>#poly-01579B-1200-79-nodesc-highlight</styleUrl>
      </Pair>
    </StyleMap>
    <Style id="poly-01579B-1200-82-nodesc-normal">
      <LineStyle>
        <color>ff9b5701</color>
        <width>1.2</width>
      </LineStyle>
      <PolyStyle>
        <color>529b5701</color>
        <fill>1</fill>
        <outline>1</outline>
      </PolyStyle>
      <BalloonStyle>
        <text><![CDATA[<h3>$[name]</h3>]]></text>
      </BalloonStyle>
    </Style>
    <Style id="poly-01579B-1200-82-nodesc-highlight">
      <LineStyle>
        <color>ff9b5701</color>
        <width>1.8</width>
      </LineStyle>
      <PolyStyle>
        <color>529b5701</color>
        <fill>1</fill>
        <outline>1</outline>
      </PolyStyle>
      <BalloonStyle>
        <text><![CDATA[<h3>$[name]</h3>]]></text>
      </BalloonStyle>
    </Style>
    <StyleMap id="poly-01579B-1200-82-nodesc">
      <Pair>
        <key>normal</key>
        <styleUrl>#poly-01579B-1200-82-nodesc-normal</styleUrl>
      </Pair>
      <Pair>
        <key>highlight</key>
        <styleUrl>#poly-01579B-1200-82-nodesc-highlight</styleUrl>
      </Pair>
    </StyleMap>
    <Style id="poly-0288D1-1200-54-nodesc-normal">
      <LineStyle>
        <color>ffd18802</color>
        <width>1.2</width>
      </LineStyle>
      <PolyStyle>
        <color>36d18802</color>
        <fill>1</fill>
        <outline>1</outline>
      </PolyStyle>
      <BalloonStyle>
        <text><![CDATA[<h3>$[name]</h3>]]></text>
      </BalloonStyle>
    </Style>
    <Style id="poly-0288D1-1200-54-nodesc-highlight">
      <LineStyle>
        <color>ffd18802</color>
        <width>1.8</width>
      </LineStyle>
      <PolyStyle>
        <color>36d18802</color>
        <fill>1</fill>
        <outline>1</outline>
      </PolyStyle>
      <BalloonStyle>
        <text><![CDATA[<h3>$[name]</h3>]]></text>
      </BalloonStyle>
    </Style>
    <StyleMap id="poly-0288D1-1200-54-nodesc">
      <Pair>
        <key>normal</key>
        <styleUrl>#poly-0288D1-1200-54-nodesc-normal</styleUrl>
      </Pair>
      <Pair>
        <key>highlight</key>
        <styleUrl>#poly-0288D1-1200-54-nodesc-highlight</styleUrl>
      </Pair>
    </StyleMap>
    <Style id="poly-0288D1-1200-77-nodesc-normal">
      <LineStyle>
        <color>ffd18802</color>
        <width>1.2</width>
      </LineStyle>
      <PolyStyle>
        <color>4dd18802</color>
        <fill>1</fill>
        <outline>1</outline>
      </PolyStyle>
      <BalloonStyle>
        <text><![CDATA[<h3>$[name]</h3>]]></text>
      </BalloonStyle>
    </Style>
    <Style id="poly-0288D1-1200-77-nodesc-highlight">
      <LineStyle>
        <color>ffd18802</color>
        <width>1.8</width>
      </LineStyle>
      <PolyStyle>
        <color>4dd18802</color>
        <fill>1</fill>
        <outline>1</outline>
      </PolyStyle>
      <BalloonStyle>
        <text><![CDATA[<h3>$[name]</h3>]]></text>
      </BalloonStyle>
    </Style>
    <StyleMap id="poly-0288D1-1200-77-nodesc">
      <Pair>
        <key>normal</key>
        <styleUrl>#poly-0288D1-1200-77-nodesc-normal</styleUrl>
      </Pair>
      <Pair>
        <key>highlight</key>
        <styleUrl>#poly-0288D1-1200-77-nodesc-highlight</styleUrl>
      </Pair>
    </StyleMap>
    <Style id="poly-0288D1-1200-79-nodesc-normal">
      <LineStyle>
        <color>ffd18802</color>
        <width>1.2</width>
      </LineStyle>
      <PolyStyle>
        <color>4fd18802</color>
        <fill>1</fill>
        <outline>1</outline>
      </PolyStyle>
      <BalloonStyle>
        <text><![CDATA[<h3>$[name]</h3>]]></text>
      </BalloonStyle>
    </Style>
    <Style id="poly-0288D1-1200-79-nodesc-highlight">
      <LineStyle>
        <color>ffd18802</color>
        <width>1.8</width>
      </LineStyle>
      <PolyStyle>
        <color>4fd18802</color>
        <fill>1</fill>
        <outline>1</outline>
      </PolyStyle>
      <BalloonStyle>
        <text><![CDATA[<h3>$[name]</h3>]]></text>
      </BalloonStyle>
    </Style>
    <StyleMap id="poly-0288D1-1200-79-nodesc">
      <Pair>
        <key>normal</key>
        <styleUrl>#poly-0288D1-1200-79-nodesc-normal</styleUrl>
      </Pair>
      <Pair>
        <key>highlight</key>
        <styleUrl>#poly-0288D1-1200-79-nodesc-highlight</styleUrl>
      </Pair>
    </StyleMap>
    <Style id="poly-0288D1-1200-82-nodesc-normal">
      <LineStyle>
        <color>ffd18802</color>
        <width>1.2</width>
      </LineStyle>
      <PolyStyle>
        <color>52d18802</color>
        <fill>1</fill>
        <outline>1</outline>
      </PolyStyle>
      <BalloonStyle>
        <text><![CDATA[<h3>$[name]</h3>]]></text>
      </BalloonStyle>
    </Style>
    <Style id="poly-0288D1-1200-82-nodesc-highlight">
      <LineStyle>
        <color>ffd18802</color>
        <width>1.8</width>
      </LineStyle>
      <PolyStyle>
        <color>52d18802</color>
        <fill>1</fill>
        <outline>1</outline>
      </PolyStyle>
      <BalloonStyle>
        <text><![CDATA[<h3>$[name]</h3>]]></text>
      </BalloonStyle>
    </Style>
    <StyleMap id="poly-0288D1-1200-82-nodesc">
      <Pair>
        <key>normal</key>
        <styleUrl>#poly-0288D1-1200-82-nodesc-normal</styleUrl>
      </Pair>
      <Pair>
        <key>highlight</key>
        <styleUrl>#poly-0288D1-1200-82-nodesc-highlight</styleUrl>
      </Pair>
    </StyleMap>
    <Style id="poly-097138-1200-69-nodesc-normal">
      <LineStyle>
        <color>ff387109</color>
        <width>1.2</width>
      </LineStyle>
      <PolyStyle>
        <color>45387109</color>
        <fill>1</fill>
        <outline>1</outline>
      </PolyStyle>
      <BalloonStyle>
        <text><![CDATA[<h3>$[name]</h3>]]></text>
      </BalloonStyle>
    </Style>
    <Style id="poly-097138-1200-69-nodesc-highlight">
      <LineStyle>
        <color>ff387109</color>
        <width>1.8</width>
      </LineStyle>
      <PolyStyle>
        <color>45387109</color>
        <fill>1</fill>
        <outline>1</outline>
      </PolyStyle>
      <BalloonStyle>
        <text><![CDATA[<h3>$[name]</h3>]]></text>
      </BalloonStyle>
    </Style>
    <StyleMap id="poly-097138-1200-69-nodesc">
      <Pair>
        <key>normal</key>
        <styleUrl>#poly-097138-1200-69-nodesc-normal</styleUrl>
      </Pair>
      <Pair>
        <key>highlight</key>
        <styleUrl>#poly-097138-1200-69-nodesc-highlight</styleUrl>
      </Pair>
    </StyleMap>
    <Style id="poly-097138-1200-71-nodesc-normal">
      <LineStyle>
        <color>ff387109</color>
        <width>1.2</width>
      </LineStyle>
      <PolyStyle>
        <color>47387109</color>
        <fill>1</fill>
        <outline>1</outline>
      </PolyStyle>
      <BalloonStyle>
        <text><![CDATA[<h3>$[name]</h3>]]></text>
      </BalloonStyle>
    </Style>
    <Style id="poly-097138-1200-71-nodesc-highlight">
      <LineStyle>
        <color>ff387109</color>
        <width>1.8</width>
      </LineStyle>
      <PolyStyle>
        <color>47387109</color>
        <fill>1</fill>
        <outline>1</outline>
      </PolyStyle>
      <BalloonStyle>
        <text><![CDATA[<h3>$[name]</h3>]]></text>
      </BalloonStyle>
    </Style>
    <StyleMap id="poly-097138-1200-71-nodesc">
      <Pair>
        <key>normal</key>
        <styleUrl>#poly-097138-1200-71-nodesc-normal</styleUrl>
      </Pair>
      <Pair>
        <key>highlight</key>
        <styleUrl>#poly-097138-1200-71-nodesc-highlight</styleUrl>
      </Pair>
    </StyleMap>
    <Style id="poly-097138-1200-77-nodesc-normal">
      <LineStyle>
        <color>ff387109</color>
        <width>1.2</width>
      </LineStyle>
      <PolyStyle>
        <color>4d387109</color>
        <fill>1</fill>
        <outline>1</outline>
      </PolyStyle>
      <BalloonStyle>
        <text><![CDATA[<h3>$[name]</h3>]]></text>
      </BalloonStyle>
    </Style>
    <Style id="poly-097138-1200-77-nodesc-highlight">
      <LineStyle>
        <color>ff387109</color>
        <width>1.8</width>
      </LineStyle>
      <PolyStyle>
        <color>4d387109</color>
        <fill>1</fill>
        <outline>1</outline>
      </PolyStyle>
      <BalloonStyle>
        <text><![CDATA[<h3>$[name]</h3>]]></text>
      </BalloonStyle>
    </Style>
    <StyleMap id="poly-097138-1200-77-nodesc">
      <Pair>
        <key>normal</key>
        <styleUrl>#poly-097138-1200-77-nodesc-normal</styleUrl>
      </Pair>
      <Pair>
        <key>highlight</key>
        <styleUrl>#poly-097138-1200-77-nodesc-highlight</styleUrl>
      </Pair>
    </StyleMap>
    <Style id="poly-097138-1200-79-nodesc-normal">
      <LineStyle>
        <color>ff387109</color>
        <width>1.2</width>
      </LineStyle>
      <PolyStyle>
        <color>4f387109</color>
        <fill>1</fill>
        <outline>1</outline>
      </PolyStyle>
      <BalloonStyle>
        <text><![CDATA[<h3>$[name]</h3>]]></text>
      </BalloonStyle>
    </Style>
    <Style id="poly-097138-1200-79-nodesc-highlight">
      <LineStyle>
        <color>ff387109</color>
        <width>1.8</width>
      </LineStyle>
      <PolyStyle>
        <color>4f387109</color>
        <fill>1</fill>
        <outline>1</outline>
      </PolyStyle>
      <BalloonStyle>
        <text><![CDATA[<h3>$[name]</h3>]]></text>
      </BalloonStyle>
    </Style>
    <StyleMap id="poly-097138-1200-79-nodesc">
      <Pair>
        <key>normal</key>
        <styleUrl>#poly-097138-1200-79-nodesc-normal</styleUrl>
      </Pair>
      <Pair>
        <key>highlight</key>
        <styleUrl>#poly-097138-1200-79-nodesc-highlight</styleUrl>
      </Pair>
    </StyleMap>
    <Style id="poly-097138-1200-82-nodesc-normal">
      <LineStyle>
        <color>ff387109</color>
        <width>1.2</width>
      </LineStyle>
      <PolyStyle>
        <color>52387109</color>
        <fill>1</fill>
        <outline>1</outline>
      </PolyStyle>
      <BalloonStyle>
        <text><![CDATA[<h3>$[name]</h3>]]></text>
      </BalloonStyle>
    </Style>
    <Style id="poly-097138-1200-82-nodesc-highlight">
      <LineStyle>
        <color>ff387109</color>
        <width>1.8</width>
      </LineStyle>
      <PolyStyle>
        <color>52387109</color>
        <fill>1</fill>
        <outline>1</outline>
      </PolyStyle>
      <BalloonStyle>
        <text><![CDATA[<h3>$[name]</h3>]]></text>
      </BalloonStyle>
    </Style>
    <StyleMap id="poly-097138-1200-82-nodesc">
      <Pair>
        <key>normal</key>
        <styleUrl>#poly-097138-1200-82-nodesc-normal</styleUrl>
      </Pair>
      <Pair>
        <key>highlight</key>
        <styleUrl>#poly-097138-1200-82-nodesc-highlight</styleUrl>
      </Pair>
    </StyleMap>
    <Style id="poly-0F9D58-1200-64-nodesc-normal">
      <LineStyle>
        <color>ff589d0f</color>
        <width>1.2</width>
      </LineStyle>
      <PolyStyle>
        <color>40589d0f</color>
        <fill>1</fill>
        <outline>1</outline>
      </PolyStyle>
      <BalloonStyle>
        <text><![CDATA[<h3>$[name]</h3>]]></text>
      </BalloonStyle>
    </Style>
    <Style id="poly-0F9D58-1200-64-nodesc-highlight">
      <LineStyle>
        <color>ff589d0f</color>
        <width>1.8</width>
      </LineStyle>
      <PolyStyle>
        <color>40589d0f</color>
        <fill>1</fill>
        <outline>1</outline>
      </PolyStyle>
      <BalloonStyle>
        <text><![CDATA[<h3>$[name]</h3>]]></text>
      </BalloonStyle>
    </Style>
    <StyleMap id="poly-0F9D58-1200-64-nodesc">
      <Pair>
        <key>normal</key>
        <styleUrl>#poly-0F9D58-1200-64-nodesc-normal</styleUrl>
      </Pair>
      <Pair>
        <key>highlight</key>
        <styleUrl>#poly-0F9D58-1200-64-nodesc-highlight</styleUrl>
      </Pair>
    </StyleMap>
    <Style id="poly-0F9D58-1200-69-nodesc-normal">
      <LineStyle>
        <color>ff589d0f</color>
        <width>1.2</width>
      </LineStyle>
      <PolyStyle>
        <color>45589d0f</color>
        <fill>1</fill>
        <outline>1</outline>
      </PolyStyle>
      <BalloonStyle>
        <text><![CDATA[<h3>$[name]</h3>]]></text>
      </BalloonStyle>
    </Style>
    <Style id="poly-0F9D58-1200-69-nodesc-highlight">
      <LineStyle>
        <color>ff589d0f</color>
        <width>1.8</width>
      </LineStyle>
      <PolyStyle>
        <color>45589d0f</color>
        <fill>1</fill>
        <outline>1</outline>
      </PolyStyle>
      <BalloonStyle>
        <text><![CDATA[<h3>$[name]</h3>]]></text>
      </BalloonStyle>
    </Style>
    <StyleMap id="poly-0F9D58-1200-69-nodesc">
      <Pair>
        <key>normal</key>
        <styleUrl>#poly-0F9D58-1200-69-nodesc-normal</styleUrl>
      </Pair>
      <Pair>
        <key>highlight</key>
        <styleUrl>#poly-0F9D58-1200-69-nodesc-highlight</styleUrl>
      </Pair>
    </StyleMap>
    <Style id="poly-0F9D58-1200-74-nodesc-normal">
      <LineStyle>
        <color>ff589d0f</color>
        <width>1.2</width>
      </LineStyle>
      <PolyStyle>
        <color>4a589d0f</color>
        <fill>1</fill>
        <outline>1</outline>
      </PolyStyle>
      <BalloonStyle>
        <text><![CDATA[<h3>$[name]</h3>]]></text>
      </BalloonStyle>
    </Style>
    <Style id="poly-0F9D58-1200-74-nodesc-highlight">
      <LineStyle>
        <color>ff589d0f</color>
        <width>1.8</width>
      </LineStyle>
      <PolyStyle>
        <color>4a589d0f</color>
        <fill>1</fill>
        <outline>1</outline>
      </PolyStyle>
      <BalloonStyle>
        <text><![CDATA[<h3>$[name]</h3>]]></text>
      </BalloonStyle>
    </Style>
    <StyleMap id="poly-0F9D58-1200-74-nodesc">
      <Pair>
        <key>normal</key>
        <styleUrl>#poly-0F9D58-1200-74-nodesc-normal</styleUrl>
      </Pair>
      <Pair>
        <key>highlight</key>
        <styleUrl>#poly-0F9D58-1200-74-nodesc-highlight</styleUrl>
      </Pair>
    </StyleMap>
    <Style id="poly-0F9D58-1200-77-nodesc-normal">
      <LineStyle>
        <color>ff589d0f</color>
        <width>1.2</width>
      </LineStyle>
      <PolyStyle>
        <color>4d589d0f</color>
        <fill>1</fill>
        <outline>1</outline>
      </PolyStyle>
      <BalloonStyle>
        <text><![CDATA[<h3>$[name]</h3>]]></text>
      </BalloonStyle>
    </Style>
    <Style id="poly-0F9D58-1200-77-nodesc-highlight">
      <LineStyle>
        <color>ff589d0f</color>
        <width>1.8</width>
      </LineStyle>
      <PolyStyle>
        <color>4d589d0f</color>
        <fill>1</fill>
        <outline>1</outline>
      </PolyStyle>
      <BalloonStyle>
        <text><![CDATA[<h3>$[name]</h3>]]></text>
      </BalloonStyle>
    </Style>
    <StyleMap id="poly-0F9D58-1200-77-nodesc">
      <Pair>
        <key>normal</key>
        <styleUrl>#poly-0F9D58-1200-77-nodesc-normal</styleUrl>
      </Pair>
      <Pair>
        <key>highlight</key>
        <styleUrl>#poly-0F9D58-1200-77-nodesc-highlight</styleUrl>
      </Pair>
    </StyleMap>
    <Style id="poly-0F9D58-1200-79-nodesc-normal">
      <LineStyle>
        <color>ff589d0f</color>
        <width>1.2</width>
      </LineStyle>
      <PolyStyle>
        <color>4f589d0f</color>
        <fill>1</fill>
        <outline>1</outline>
      </PolyStyle>
      <BalloonStyle>
        <text><![CDATA[<h3>$[name]</h3>]]></text>
      </BalloonStyle>
    </Style>
    <Style id="poly-0F9D58-1200-79-nodesc-highlight">
      <LineStyle>
        <color>ff589d0f</color>
        <width>1.8</width>
      </LineStyle>
      <PolyStyle>
        <color>4f589d0f</color>
        <fill>1</fill>
        <outline>1</outline>
      </PolyStyle>
      <BalloonStyle>
        <text><![CDATA[<h3>$[name]</h3>]]></text>
      </BalloonStyle>
    </Style>
    <StyleMap id="poly-0F9D58-1200-79-nodesc">
      <Pair>
        <key>normal</key>
        <styleUrl>#poly-0F9D58-1200-79-nodesc-normal</styleUrl>
      </Pair>
      <Pair>
        <key>highlight</key>
        <styleUrl>#poly-0F9D58-1200-79-nodesc-highlight</styleUrl>
      </Pair>
    </StyleMap>
    <Style id="poly-0F9D58-1200-82-nodesc-normal">
      <LineStyle>
        <color>ff589d0f</color>
        <width>1.2</width>
      </LineStyle>
      <PolyStyle>
        <color>52589d0f</color>
        <fill>1</fill>
        <outline>1</outline>
      </PolyStyle>
      <BalloonStyle>
        <text><![CDATA[<h3>$[name]</h3>]]></text>
      </BalloonStyle>
    </Style>
    <Style id="poly-0F9D58-1200-82-nodesc-highlight">
      <LineStyle>
        <color>ff589d0f</color>
        <width>1.8</width>
      </LineStyle>
      <PolyStyle>
        <color>52589d0f</color>
        <fill>1</fill>
        <outline>1</outline>
      </PolyStyle>
      <BalloonStyle>
        <text><![CDATA[<h3>$[name]</h3>]]></text>
      </BalloonStyle>
    </Style>
    <StyleMap id="poly-0F9D58-1200-82-nodesc">
      <Pair>
        <key>normal</key>
        <styleUrl>#poly-0F9D58-1200-82-nodesc-normal</styleUrl>
      </Pair>
      <Pair>
        <key>highlight</key>
        <styleUrl>#poly-0F9D58-1200-82-nodesc-highlight</styleUrl>
      </Pair>
    </StyleMap>
    <Style id="poly-0F9D58-1200-87-nodesc-normal">
      <LineStyle>
        <color>ff589d0f</color>
        <width>1.2</width>
      </LineStyle>
      <PolyStyle>
        <color>57589d0f</color>
        <fill>1</fill>
        <outline>1</outline>
      </PolyStyle>
      <BalloonStyle>
        <text><![CDATA[<h3>$[name]</h3>]]></text>
      </BalloonStyle>
    </Style>
    <Style id="poly-0F9D58-1200-87-nodesc-highlight">
      <LineStyle>
        <color>ff589d0f</color>
        <width>1.8</width>
      </LineStyle>
      <PolyStyle>
        <color>57589d0f</color>
        <fill>1</fill>
        <outline>1</outline>
      </PolyStyle>
      <BalloonStyle>
        <text><![CDATA[<h3>$[name]</h3>]]></text>
      </BalloonStyle>
    </Style>
    <StyleMap id="poly-0F9D58-1200-87-nodesc">
      <Pair>
        <key>normal</key>
        <styleUrl>#poly-0F9D58-1200-87-nodesc-normal</styleUrl>
      </Pair>
      <Pair>
        <key>highlight</key>
        <styleUrl>#poly-0F9D58-1200-87-nodesc-highlight</styleUrl>
      </Pair>
    </StyleMap>
    <Style id="poly-1A237E-1200-56-nodesc-normal">
      <LineStyle>
        <color>ff7e231a</color>
        <width>1.2</width>
      </LineStyle>
      <PolyStyle>
        <color>387e231a</color>
        <fill>1</fill>
        <outline>1</outline>
      </PolyStyle>
      <BalloonStyle>
        <text><![CDATA[<h3>$[name]</h3>]]></text>
      </BalloonStyle>
    </Style>
    <Style id="poly-1A237E-1200-56-nodesc-highlight">
      <LineStyle>
        <color>ff7e231a</color>
        <width>1.8</width>
      </LineStyle>
      <PolyStyle>
        <color>387e231a</color>
        <fill>1</fill>
        <outline>1</outline>
      </PolyStyle>
      <BalloonStyle>
        <text><![CDATA[<h3>$[name]</h3>]]></text>
      </BalloonStyle>
    </Style>
    <StyleMap id="poly-1A237E-1200-56-nodesc">
      <Pair>
        <key>normal</key>
        <styleUrl>#poly-1A237E-1200-56-nodesc-normal</styleUrl>
      </Pair>
      <Pair>
        <key>highlight</key>
        <styleUrl>#poly-1A237E-1200-56-nodesc-highlight</styleUrl>
      </Pair>
    </StyleMap>
    <Style id="poly-1A237E-1200-74-nodesc-normal">
      <LineStyle>
        <color>ff7e231a</color>
        <width>1.2</width>
      </LineStyle>
      <PolyStyle>
        <color>4a7e231a</color>
        <fill>1</fill>
        <outline>1</outline>
      </PolyStyle>
      <BalloonStyle>
        <text><![CDATA[<h3>$[name]</h3>]]></text>
      </BalloonStyle>
    </Style>
    <Style id="poly-1A237E-1200-74-nodesc-highlight">
      <LineStyle>
        <color>ff7e231a</color>
        <width>1.8</width>
      </LineStyle>
      <PolyStyle>
        <color>4a7e231a</color>
        <fill>1</fill>
        <outline>1</outline>
      </PolyStyle>
      <BalloonStyle>
        <text><![CDATA[<h3>$[name]</h3>]]></text>
      </BalloonStyle>
    </Style>
    <StyleMap id="poly-1A237E-1200-74-nodesc">
      <Pair>
        <key>normal</key>
        <styleUrl>#poly-1A237E-1200-74-nodesc-normal</styleUrl>
      </Pair>
      <Pair>
        <key>highlight</key>
        <styleUrl>#poly-1A237E-1200-74-nodesc-highlight</styleUrl>
      </Pair>
    </StyleMap>
    <Style id="poly-1A237E-1200-79-nodesc-normal">
      <LineStyle>
        <color>ff7e231a</color>
        <width>1.2</width>
      </LineStyle>
      <PolyStyle>
        <color>4f7e231a</color>
        <fill>1</fill>
        <outline>1</outline>
      </PolyStyle>
      <BalloonStyle>
        <text><![CDATA[<h3>$[name]</h3>]]></text>
      </BalloonStyle>
    </Style>
    <Style id="poly-1A237E-1200-79-nodesc-highlight">
      <LineStyle>
        <color>ff7e231a</color>
        <width>1.8</width>
      </LineStyle>
      <PolyStyle>
        <color>4f7e231a</color>
        <fill>1</fill>
        <outline>1</outline>
      </PolyStyle>
      <BalloonStyle>
        <text><![CDATA[<h3>$[name]</h3>]]></text>
      </BalloonStyle>
    </Style>
    <StyleMap id="poly-1A237E-1200-79-nodesc">
      <Pair>
        <key>normal</key>
        <styleUrl>#poly-1A237E-1200-79-nodesc-normal</styleUrl>
      </Pair>
      <Pair>
        <key>highlight</key>
        <styleUrl>#poly-1A237E-1200-79-nodesc-highlight</styleUrl>
      </Pair>
    </StyleMap>
    <Style id="poly-3949AB-1200-74-nodesc-normal">
      <LineStyle>
        <color>ffab4939</color>
        <width>1.2</width>
      </LineStyle>
      <PolyStyle>
        <color>4aab4939</color>
        <fill>1</fill>
        <outline>1</outline>
      </PolyStyle>
      <BalloonStyle>
        <text><![CDATA[<h3>$[name]</h3>]]></text>
      </BalloonStyle>
    </Style>
    <Style id="poly-3949AB-1200-74-nodesc-highlight">
      <LineStyle>
        <color>ffab4939</color>
        <width>1.8</width>
      </LineStyle>
      <PolyStyle>
        <color>4aab4939</color>
        <fill>1</fill>
        <outline>1</outline>
      </PolyStyle>
      <BalloonStyle>
        <text><![CDATA[<h3>$[name]</h3>]]></text>
      </BalloonStyle>
    </Style>
    <StyleMap id="poly-3949AB-1200-74-nodesc">
      <Pair>
        <key>normal</key>
        <styleUrl>#poly-3949AB-1200-74-nodesc-normal</styleUrl>
      </Pair>
      <Pair>
        <key>highlight</key>
        <styleUrl>#poly-3949AB-1200-74-nodesc-highlight</styleUrl>
      </Pair>
    </StyleMap>
    <Style id="poly-3949AB-1200-77-nodesc-normal">
      <LineStyle>
        <color>ffab4939</color>
        <width>1.2</width>
      </LineStyle>
      <PolyStyle>
        <color>4dab4939</color>
        <fill>1</fill>
        <outline>1</outline>
      </PolyStyle>
      <BalloonStyle>
        <text><![CDATA[<h3>$[name]</h3>]]></text>
      </BalloonStyle>
    </Style>
    <Style id="poly-3949AB-1200-77-nodesc-highlight">
      <LineStyle>
        <color>ffab4939</color>
        <width>1.8</width>
      </LineStyle>
      <PolyStyle>
        <color>4dab4939</color>
        <fill>1</fill>
        <outline>1</outline>
      </PolyStyle>
      <BalloonStyle>
        <text><![CDATA[<h3>$[name]</h3>]]></text>
      </BalloonStyle>
    </Style>
    <StyleMap id="poly-3949AB-1200-77-nodesc">
      <Pair>
        <key>normal</key>
        <styleUrl>#poly-3949AB-1200-77-nodesc-normal</styleUrl>
      </Pair>
      <Pair>
        <key>highlight</key>
        <styleUrl>#poly-3949AB-1200-77-nodesc-highlight</styleUrl>
      </Pair>
    </StyleMap>
    <Style id="poly-424242-1200-77-nodesc-normal">
      <LineStyle>
        <color>ff424242</color>
        <width>1.2</width>
      </LineStyle>
      <PolyStyle>
        <color>4d424242</color>
        <fill>1</fill>
        <outline>1</outline>
      </PolyStyle>
      <BalloonStyle>
        <text><![CDATA[<h3>$[name]</h3>]]></text>
      </BalloonStyle>
    </Style>
    <Style id="poly-424242-1200-77-nodesc-highlight">
      <LineStyle>
        <color>ff424242</color>
        <width>1.8</width>
      </LineStyle>
      <PolyStyle>
        <color>4d424242</color>
        <fill>1</fill>
        <outline>1</outline>
      </PolyStyle>
      <BalloonStyle>
        <text><![CDATA[<h3>$[name]</h3>]]></text>
      </BalloonStyle>
    </Style>
    <StyleMap id="poly-424242-1200-77-nodesc">
      <Pair>
        <key>normal</key>
        <styleUrl>#poly-424242-1200-77-nodesc-normal</styleUrl>
      </Pair>
      <Pair>
        <key>highlight</key>
        <styleUrl>#poly-424242-1200-77-nodesc-highlight</styleUrl>
      </Pair>
    </StyleMap>
    <Style id="poly-424242-1200-82-nodesc-normal">
      <LineStyle>
        <color>ff424242</color>
        <width>1.2</width>
      </LineStyle>
      <PolyStyle>
        <color>52424242</color>
        <fill>1</fill>
        <outline>1</outline>
      </PolyStyle>
      <BalloonStyle>
        <text><![CDATA[<h3>$[name]</h3>]]></text>
      </BalloonStyle>
    </Style>
    <Style id="poly-424242-1200-82-nodesc-highlight">
      <LineStyle>
        <color>ff424242</color>
        <width>1.8</width>
      </LineStyle>
      <PolyStyle>
        <color>52424242</color>
        <fill>1</fill>
        <outline>1</outline>
      </PolyStyle>
      <BalloonStyle>
        <text><![CDATA[<h3>$[name]</h3>]]></text>
      </BalloonStyle>
    </Style>
    <StyleMap id="poly-424242-1200-82-nodesc">
      <Pair>
        <key>normal</key>
        <styleUrl>#poly-424242-1200-82-nodesc-normal</styleUrl>
      </Pair>
      <Pair>
        <key>highlight</key>
        <styleUrl>#poly-424242-1200-82-nodesc-highlight</styleUrl>
      </Pair>
    </StyleMap>
    <Style id="poly-4E342E-1200-71-nodesc-normal">
      <LineStyle>
        <color>ff2e344e</color>
        <width>1.2</width>
      </LineStyle>
      <PolyStyle>
        <color>472e344e</color>
        <fill>1</fill>
        <outline>1</outline>
      </PolyStyle>
      <BalloonStyle>
        <text><![CDATA[<h3>$[name]</h3>]]></text>
      </BalloonStyle>
    </Style>
    <Style id="poly-4E342E-1200-71-nodesc-highlight">
      <LineStyle>
        <color>ff2e344e</color>
        <width>1.8</width>
      </LineStyle>
      <PolyStyle>
        <color>472e344e</color>
        <fill>1</fill>
        <outline>1</outline>
      </PolyStyle>
      <BalloonStyle>
        <text><![CDATA[<h3>$[name]</h3>]]></text>
      </BalloonStyle>
    </Style>
    <StyleMap id="poly-4E342E-1200-71-nodesc">
      <Pair>
        <key>normal</key>
        <styleUrl>#poly-4E342E-1200-71-nodesc-normal</styleUrl>
      </Pair>
      <Pair>
        <key>highlight</key>
        <styleUrl>#poly-4E342E-1200-71-nodesc-highlight</styleUrl>
      </Pair>
    </StyleMap>
    <Style id="poly-4E342E-1200-74-nodesc-normal">
      <LineStyle>
        <color>ff2e344e</color>
        <width>1.2</width>
      </LineStyle>
      <PolyStyle>
        <color>4a2e344e</color>
        <fill>1</fill>
        <outline>1</outline>
      </PolyStyle>
      <BalloonStyle>
        <text><![CDATA[<h3>$[name]</h3>]]></text>
      </BalloonStyle>
    </Style>
    <Style id="poly-4E342E-1200-74-nodesc-highlight">
      <LineStyle>
        <color>ff2e344e</color>
        <width>1.8</width>
      </LineStyle>
      <PolyStyle>
        <color>4a2e344e</color>
        <fill>1</fill>
        <outline>1</outline>
      </PolyStyle>
      <BalloonStyle>
        <text><![CDATA[<h3>$[name]</h3>]]></text>
      </BalloonStyle>
    </Style>
    <StyleMap id="poly-4E342E-1200-74-nodesc">
      <Pair>
        <key>normal</key>
        <styleUrl>#poly-4E342E-1200-74-nodesc-normal</styleUrl>
      </Pair>
      <Pair>
        <key>highlight</key>
        <styleUrl>#poly-4E342E-1200-74-nodesc-highlight</styleUrl>
      </Pair>
    </StyleMap>
    <Style id="poly-4E342E-1200-77-nodesc-normal">
      <LineStyle>
        <color>ff2e344e</color>
        <width>1.2</width>
      </LineStyle>
      <PolyStyle>
        <color>4d2e344e</color>
        <fill>1</fill>
        <outline>1</outline>
      </PolyStyle>
      <BalloonStyle>
        <text><![CDATA[<h3>$[name]</h3>]]></text>
      </BalloonStyle>
    </Style>
    <Style id="poly-4E342E-1200-77-nodesc-highlight">
      <LineStyle>
        <color>ff2e344e</color>
        <width>1.8</width>
      </LineStyle>
      <PolyStyle>
        <color>4d2e344e</color>
        <fill>1</fill>
        <outline>1</outline>
      </PolyStyle>
      <BalloonStyle>
        <text><![CDATA[<h3>$[name]</h3>]]></text>
      </BalloonStyle>
    </Style>
    <StyleMap id="poly-4E342E-1200-77-nodesc">
      <Pair>
        <key>normal</key>
        <styleUrl>#poly-4E342E-1200-77-nodesc-normal</styleUrl>
      </Pair>
      <Pair>
        <key>highlight</key>
        <styleUrl>#poly-4E342E-1200-77-nodesc-highlight</styleUrl>
      </Pair>
    </StyleMap>
    <Style id="poly-4E342E-1200-82-nodesc-normal">
      <LineStyle>
        <color>ff2e344e</color>
        <width>1.2</width>
      </LineStyle>
      <PolyStyle>
        <color>522e344e</color>
        <fill>1</fill>
        <outline>1</outline>
      </PolyStyle>
      <BalloonStyle>
        <text><![CDATA[<h3>$[name]</h3>]]></text>
      </BalloonStyle>
    </Style>
    <Style id="poly-4E342E-1200-82-nodesc-highlight">
      <LineStyle>
        <color>ff2e344e</color>
        <width>1.8</width>
      </LineStyle>
      <PolyStyle>
        <color>522e344e</color>
        <fill>1</fill>
        <outline>1</outline>
      </PolyStyle>
      <BalloonStyle>
        <text><![CDATA[<h3>$[name]</h3>]]></text>
      </BalloonStyle>
    </Style>
    <StyleMap id="poly-4E342E-1200-82-nodesc">
      <Pair>
        <key>normal</key>
        <styleUrl>#poly-4E342E-1200-82-nodesc-normal</styleUrl>
      </Pair>
      <Pair>
        <key>highlight</key>
        <styleUrl>#poly-4E342E-1200-82-nodesc-highlight</styleUrl>
      </Pair>
    </StyleMap>
    <Style id="poly-4E342E-1200-87-nodesc-normal">
      <LineStyle>
        <color>ff2e344e</color>
        <width>1.2</width>
      </LineStyle>
      <PolyStyle>
        <color>572e344e</color>
        <fill>1</fill>
        <outline>1</outline>
      </PolyStyle>
      <BalloonStyle>
        <text><![CDATA[<h3>$[name]</h3>]]></text>
      </BalloonStyle>
    </Style>
    <Style id="poly-4E342E-1200-87-nodesc-highlight">
      <LineStyle>
        <color>ff2e344e</color>
        <width>1.8</width>
      </LineStyle>
      <PolyStyle>
        <color>572e344e</color>
        <fill>1</fill>
        <outline>1</outline>
      </PolyStyle>
      <BalloonStyle>
        <text><![CDATA[<h3>$[name]</h3>]]></text>
      </BalloonStyle>
    </Style>
    <StyleMap id="poly-4E342E-1200-87-nodesc">
      <Pair>
        <key>normal</key>
        <styleUrl>#poly-4E342E-1200-87-nodesc-normal</styleUrl>
      </Pair>
      <Pair>
        <key>highlight</key>
        <styleUrl>#poly-4E342E-1200-87-nodesc-highlight</styleUrl>
      </Pair>
    </StyleMap>
    <Style id="poly-558B2F-1200-71-nodesc-normal">
      <LineStyle>
        <color>ff2f8b55</color>
        <width>1.2</width>
      </LineStyle>
      <PolyStyle>
        <color>472f8b55</color>
        <fill>1</fill>
        <outline>1</outline>
      </PolyStyle>
      <BalloonStyle>
        <text><![CDATA[<h3>$[name]</h3>]]></text>
      </BalloonStyle>
    </Style>
    <Style id="poly-558B2F-1200-71-nodesc-highlight">
      <LineStyle>
        <color>ff2f8b55</color>
        <width>1.8</width>
      </LineStyle>
      <PolyStyle>
        <color>472f8b55</color>
        <fill>1</fill>
        <outline>1</outline>
      </PolyStyle>
      <BalloonStyle>
        <text><![CDATA[<h3>$[name]</h3>]]></text>
      </BalloonStyle>
    </Style>
    <StyleMap id="poly-558B2F-1200-71-nodesc">
      <Pair>
        <key>normal</key>
        <styleUrl>#poly-558B2F-1200-71-nodesc-normal</styleUrl>
      </Pair>
      <Pair>
        <key>highlight</key>
        <styleUrl>#poly-558B2F-1200-71-nodesc-highlight</styleUrl>
      </Pair>
    </StyleMap>
    <Style id="poly-558B2F-1200-74-nodesc-normal">
      <LineStyle>
        <color>ff2f8b55</color>
        <width>1.2</width>
      </LineStyle>
      <PolyStyle>
        <color>4a2f8b55</color>
        <fill>1</fill>
        <outline>1</outline>
      </PolyStyle>
      <BalloonStyle>
        <text><![CDATA[<h3>$[name]</h3>]]></text>
      </BalloonStyle>
    </Style>
    <Style id="poly-558B2F-1200-74-nodesc-highlight">
      <LineStyle>
        <color>ff2f8b55</color>
        <width>1.8</width>
      </LineStyle>
      <PolyStyle>
        <color>4a2f8b55</color>
        <fill>1</fill>
        <outline>1</outline>
      </PolyStyle>
      <BalloonStyle>
        <text><![CDATA[<h3>$[name]</h3>]]></text>
      </BalloonStyle>
    </Style>
    <StyleMap id="poly-558B2F-1200-74-nodesc">
      <Pair>
        <key>normal</key>
        <styleUrl>#poly-558B2F-1200-74-nodesc-normal</styleUrl>
      </Pair>
      <Pair>
        <key>highlight</key>
        <styleUrl>#poly-558B2F-1200-74-nodesc-highlight</styleUrl>
      </Pair>
    </StyleMap>
    <Style id="poly-558B2F-1200-79-nodesc-normal">
      <LineStyle>
        <color>ff2f8b55</color>
        <width>1.2</width>
      </LineStyle>
      <PolyStyle>
        <color>4f2f8b55</color>
        <fill>1</fill>
        <outline>1</outline>
      </PolyStyle>
      <BalloonStyle>
        <text><![CDATA[<h3>$[name]</h3>]]></text>
      </BalloonStyle>
    </Style>
    <Style id="poly-558B2F-1200-79-nodesc-highlight">
      <LineStyle>
        <color>ff2f8b55</color>
        <width>1.8</width>
      </LineStyle>
      <PolyStyle>
        <color>4f2f8b55</color>
        <fill>1</fill>
        <outline>1</outline>
      </PolyStyle>
      <BalloonStyle>
        <text><![CDATA[<h3>$[name]</h3>]]></text>
      </BalloonStyle>
    </Style>
    <StyleMap id="poly-558B2F-1200-79-nodesc">
      <Pair>
        <key>normal</key>
        <styleUrl>#poly-558B2F-1200-79-nodesc-normal</styleUrl>
      </Pair>
      <Pair>
        <key>highlight</key>
        <styleUrl>#poly-558B2F-1200-79-nodesc-highlight</styleUrl>
      </Pair>
    </StyleMap>
    <Style id="poly-558B2F-1200-82-nodesc-normal">
      <LineStyle>
        <color>ff2f8b55</color>
        <width>1.2</width>
      </LineStyle>
      <PolyStyle>
        <color>522f8b55</color>
        <fill>1</fill>
        <outline>1</outline>
      </PolyStyle>
      <BalloonStyle>
        <text><![CDATA[<h3>$[name]</h3>]]></text>
      </BalloonStyle>
    </Style>
    <Style id="poly-558B2F-1200-82-nodesc-highlight">
      <LineStyle>
        <color>ff2f8b55</color>
        <width>1.8</width>
      </LineStyle>
      <PolyStyle>
        <color>522f8b55</color>
        <fill>1</fill>
        <outline>1</outline>
      </PolyStyle>
      <BalloonStyle>
        <text><![CDATA[<h3>$[name]</h3>]]></text>
      </BalloonStyle>
    </Style>
    <StyleMap id="poly-558B2F-1200-82-nodesc">
      <Pair>
        <key>normal</key>
        <styleUrl>#poly-558B2F-1200-82-nodesc-normal</styleUrl>
      </Pair>
      <Pair>
        <key>highlight</key>
        <styleUrl>#poly-558B2F-1200-82-nodesc-highlight</styleUrl>
      </Pair>
    </StyleMap>
    <Style id="poly-673AB7-1200-71-nodesc-normal">
      <LineStyle>
        <color>ffb73a67</color>
        <width>1.2</width>
      </LineStyle>
      <PolyStyle>
        <color>47b73a67</color>
        <fill>1</fill>
        <outline>1</outline>
      </PolyStyle>
      <BalloonStyle>
        <text><![CDATA[<h3>$[name]</h3>]]></text>
      </BalloonStyle>
    </Style>
    <Style id="poly-673AB7-1200-71-nodesc-highlight">
      <LineStyle>
        <color>ffb73a67</color>
        <width>1.8</width>
      </LineStyle>
      <PolyStyle>
        <color>47b73a67</color>
        <fill>1</fill>
        <outline>1</outline>
      </PolyStyle>
      <BalloonStyle>
        <text><![CDATA[<h3>$[name]</h3>]]></text>
      </BalloonStyle>
    </Style>
    <StyleMap id="poly-673AB7-1200-71-nodesc">
      <Pair>
        <key>normal</key>
        <styleUrl>#poly-673AB7-1200-71-nodesc-normal</styleUrl>
      </Pair>
      <Pair>
        <key>highlight</key>
        <styleUrl>#poly-673AB7-1200-71-nodesc-highlight</styleUrl>
      </Pair>
    </StyleMap>
    <Style id="poly-673AB7-1200-74-nodesc-normal">
      <LineStyle>
        <color>ffb73a67</color>
        <width>1.2</width>
      </LineStyle>
      <PolyStyle>
        <color>4ab73a67</color>
        <fill>1</fill>
        <outline>1</outline>
      </PolyStyle>
      <BalloonStyle>
        <text><![CDATA[<h3>$[name]</h3>]]></text>
      </BalloonStyle>
    </Style>
    <Style id="poly-673AB7-1200-74-nodesc-highlight">
      <LineStyle>
        <color>ffb73a67</color>
        <width>1.8</width>
      </LineStyle>
      <PolyStyle>
        <color>4ab73a67</color>
        <fill>1</fill>
        <outline>1</outline>
      </PolyStyle>
      <BalloonStyle>
        <text><![CDATA[<h3>$[name]</h3>]]></text>
      </BalloonStyle>
    </Style>
    <StyleMap id="poly-673AB7-1200-74-nodesc">
      <Pair>
        <key>normal</key>
        <styleUrl>#poly-673AB7-1200-74-nodesc-normal</styleUrl>
      </Pair>
      <Pair>
        <key>highlight</key>
        <styleUrl>#poly-673AB7-1200-74-nodesc-highlight</styleUrl>
      </Pair>
    </StyleMap>
    <Style id="poly-673AB7-1200-79-nodesc-normal">
      <LineStyle>
        <color>ffb73a67</color>
        <width>1.2</width>
      </LineStyle>
      <PolyStyle>
        <color>4fb73a67</color>
        <fill>1</fill>
        <outline>1</outline>
      </PolyStyle>
      <BalloonStyle>
        <text><![CDATA[<h3>$[name]</h3>]]></text>
      </BalloonStyle>
    </Style>
    <Style id="poly-673AB7-1200-79-nodesc-highlight">
      <LineStyle>
        <color>ffb73a67</color>
        <width>1.8</width>
      </LineStyle>
      <PolyStyle>
        <color>4fb73a67</color>
        <fill>1</fill>
        <outline>1</outline>
      </PolyStyle>
      <BalloonStyle>
        <text><![CDATA[<h3>$[name]</h3>]]></text>
      </BalloonStyle>
    </Style>
    <StyleMap id="poly-673AB7-1200-79-nodesc">
      <Pair>
        <key>normal</key>
        <styleUrl>#poly-673AB7-1200-79-nodesc-normal</styleUrl>
      </Pair>
      <Pair>
        <key>highlight</key>
        <styleUrl>#poly-673AB7-1200-79-nodesc-highlight</styleUrl>
      </Pair>
    </StyleMap>
    <Style id="poly-673AB7-1200-82-nodesc-normal">
      <LineStyle>
        <color>ffb73a67</color>
        <width>1.2</width>
      </LineStyle>
      <PolyStyle>
        <color>52b73a67</color>
        <fill>1</fill>
        <outline>1</outline>
      </PolyStyle>
      <BalloonStyle>
        <text><![CDATA[<h3>$[name]</h3>]]></text>
      </BalloonStyle>
    </Style>
    <Style id="poly-673AB7-1200-82-nodesc-highlight">
      <LineStyle>
        <color>ffb73a67</color>
        <width>1.8</width>
      </LineStyle>
      <PolyStyle>
        <color>52b73a67</color>
        <fill>1</fill>
        <outline>1</outline>
      </PolyStyle>
      <BalloonStyle>
        <text><![CDATA[<h3>$[name]</h3>]]></text>
      </BalloonStyle>
    </Style>
    <StyleMap id="poly-673AB7-1200-82-nodesc">
      <Pair>
        <key>normal</key>
        <styleUrl>#poly-673AB7-1200-82-nodesc-normal</styleUrl>
      </Pair>
      <Pair>
        <key>highlight</key>
        <styleUrl>#poly-673AB7-1200-82-nodesc-highlight</styleUrl>
      </Pair>
    </StyleMap>
    <Style id="poly-673AB7-1200-84-nodesc-normal">
      <LineStyle>
        <color>ffb73a67</color>
        <width>1.2</width>
      </LineStyle>
      <PolyStyle>
        <color>54b73a67</color>
        <fill>1</fill>
        <outline>1</outline>
      </PolyStyle>
      <BalloonStyle>
        <text><![CDATA[<h3>$[name]</h3>]]></text>
      </BalloonStyle>
    </Style>
    <Style id="poly-673AB7-1200-84-nodesc-highlight">
      <LineStyle>
        <color>ffb73a67</color>
        <width>1.8</width>
      </LineStyle>
      <PolyStyle>
        <color>54b73a67</color>
        <fill>1</fill>
        <outline>1</outline>
      </PolyStyle>
      <BalloonStyle>
        <text><![CDATA[<h3>$[name]</h3>]]></text>
      </BalloonStyle>
    </Style>
    <StyleMap id="poly-673AB7-1200-84-nodesc">
      <Pair>
        <key>normal</key>
        <styleUrl>#poly-673AB7-1200-84-nodesc-normal</styleUrl>
      </Pair>
      <Pair>
        <key>highlight</key>
        <styleUrl>#poly-673AB7-1200-84-nodesc-highlight</styleUrl>
      </Pair>
    </StyleMap>
    <Style id="poly-757575-1200-71-nodesc-normal">
      <LineStyle>
        <color>ff757575</color>
        <width>1.2</width>
      </LineStyle>
      <PolyStyle>
        <color>47757575</color>
        <fill>1</fill>
        <outline>1</outline>
      </PolyStyle>
      <BalloonStyle>
        <text><![CDATA[<h3>$[name]</h3>]]></text>
      </BalloonStyle>
    </Style>
    <Style id="poly-757575-1200-71-nodesc-highlight">
      <LineStyle>
        <color>ff757575</color>
        <width>1.8</width>
      </LineStyle>
      <PolyStyle>
        <color>47757575</color>
        <fill>1</fill>
        <outline>1</outline>
      </PolyStyle>
      <BalloonStyle>
        <text><![CDATA[<h3>$[name]</h3>]]></text>
      </BalloonStyle>
    </Style>
    <StyleMap id="poly-757575-1200-71-nodesc">
      <Pair>
        <key>normal</key>
        <styleUrl>#poly-757575-1200-71-nodesc-normal</styleUrl>
      </Pair>
      <Pair>
        <key>highlight</key>
        <styleUrl>#poly-757575-1200-71-nodesc-highlight</styleUrl>
      </Pair>
    </StyleMap>
    <Style id="poly-757575-1200-74-nodesc-normal">
      <LineStyle>
        <color>ff757575</color>
        <width>1.2</width>
      </LineStyle>
      <PolyStyle>
        <color>4a757575</color>
        <fill>1</fill>
        <outline>1</outline>
      </PolyStyle>
      <BalloonStyle>
        <text><![CDATA[<h3>$[name]</h3>]]></text>
      </BalloonStyle>
    </Style>
    <Style id="poly-757575-1200-74-nodesc-highlight">
      <LineStyle>
        <color>ff757575</color>
        <width>1.8</width>
      </LineStyle>
      <PolyStyle>
        <color>4a757575</color>
        <fill>1</fill>
        <outline>1</outline>
      </PolyStyle>
      <BalloonStyle>
        <text><![CDATA[<h3>$[name]</h3>]]></text>
      </BalloonStyle>
    </Style>
    <StyleMap id="poly-757575-1200-74-nodesc">
      <Pair>
        <key>normal</key>
        <styleUrl>#poly-757575-1200-74-nodesc-normal</styleUrl>
      </Pair>
      <Pair>
        <key>highlight</key>
        <styleUrl>#poly-757575-1200-74-nodesc-highlight</styleUrl>
      </Pair>
    </StyleMap>
    <Style id="poly-757575-1200-76-normal">
      <LineStyle>
        <color>ff757575</color>
        <width>1.2</width>
      </LineStyle>
      <PolyStyle>
        <color>4c757575</color>
        <fill>1</fill>
        <outline>1</outline>
      </PolyStyle>
    </Style>
    <Style id="poly-757575-1200-76-highlight">
      <LineStyle>
        <color>ff757575</color>
        <width>1.8</width>
      </LineStyle>
      <PolyStyle>
        <color>4c757575</color>
        <fill>1</fill>
        <outline>1</outline>
      </PolyStyle>
    </Style>
    <StyleMap id="poly-757575-1200-76">
      <Pair>
        <key>normal</key>
        <styleUrl>#poly-757575-1200-76-normal</styleUrl>
      </Pair>
      <Pair>
        <key>highlight</key>
        <styleUrl>#poly-757575-1200-76-highlight</styleUrl>
      </Pair>
    </StyleMap>
    <Style id="poly-757575-1200-79-nodesc-normal">
      <LineStyle>
        <color>ff757575</color>
        <width>1.2</width>
      </LineStyle>
      <PolyStyle>
        <color>4f757575</color>
        <fill>1</fill>
        <outline>1</outline>
      </PolyStyle>
      <BalloonStyle>
        <text><![CDATA[<h3>$[name]</h3>]]></text>
      </BalloonStyle>
    </Style>
    <Style id="poly-757575-1200-79-nodesc-highlight">
      <LineStyle>
        <color>ff757575</color>
        <width>1.8</width>
      </LineStyle>
      <PolyStyle>
        <color>4f757575</color>
        <fill>1</fill>
        <outline>1</outline>
      </PolyStyle>
      <BalloonStyle>
        <text><![CDATA[<h3>$[name]</h3>]]></text>
      </BalloonStyle>
    </Style>
    <StyleMap id="poly-757575-1200-79-nodesc">
      <Pair>
        <key>normal</key>
        <styleUrl>#poly-757575-1200-79-nodesc-normal</styleUrl>
      </Pair>
      <Pair>
        <key>highlight</key>
        <styleUrl>#poly-757575-1200-79-nodesc-highlight</styleUrl>
      </Pair>
    </StyleMap>
    <Style id="poly-795548-1200-74-nodesc-normal">
      <LineStyle>
        <color>ff485579</color>
        <width>1.2</width>
      </LineStyle>
      <PolyStyle>
        <color>4a485579</color>
        <fill>1</fill>
        <outline>1</outline>
      </PolyStyle>
      <BalloonStyle>
        <text><![CDATA[<h3>$[name]</h3>]]></text>
      </BalloonStyle>
    </Style>
    <Style id="poly-795548-1200-74-nodesc-highlight">
      <LineStyle>
        <color>ff485579</color>
        <width>1.8</width>
      </LineStyle>
      <PolyStyle>
        <color>4a485579</color>
        <fill>1</fill>
        <outline>1</outline>
      </PolyStyle>
      <BalloonStyle>
        <text><![CDATA[<h3>$[name]</h3>]]></text>
      </BalloonStyle>
    </Style>
    <StyleMap id="poly-795548-1200-74-nodesc">
      <Pair>
        <key>normal</key>
        <styleUrl>#poly-795548-1200-74-nodesc-normal</styleUrl>
      </Pair>
      <Pair>
        <key>highlight</key>
        <styleUrl>#poly-795548-1200-74-nodesc-highlight</styleUrl>
      </Pair>
    </StyleMap>
    <Style id="poly-795548-1200-77-nodesc-normal">
      <LineStyle>
        <color>ff485579</color>
        <width>1.2</width>
      </LineStyle>
      <PolyStyle>
        <color>4d485579</color>
        <fill>1</fill>
        <outline>1</outline>
      </PolyStyle>
      <BalloonStyle>
        <text><![CDATA[<h3>$[name]</h3>]]></text>
      </BalloonStyle>
    </Style>
    <Style id="poly-795548-1200-77-nodesc-highlight">
      <LineStyle>
        <color>ff485579</color>
        <width>1.8</width>
      </LineStyle>
      <PolyStyle>
        <color>4d485579</color>
        <fill>1</fill>
        <outline>1</outline>
      </PolyStyle>
      <BalloonStyle>
        <text><![CDATA[<h3>$[name]</h3>]]></text>
      </BalloonStyle>
    </Style>
    <StyleMap id="poly-795548-1200-77-nodesc">
      <Pair>
        <key>normal</key>
        <styleUrl>#poly-795548-1200-77-nodesc-normal</styleUrl>
      </Pair>
      <Pair>
        <key>highlight</key>
        <styleUrl>#poly-795548-1200-77-nodesc-highlight</styleUrl>
      </Pair>
    </StyleMap>
    <Style id="poly-795548-1200-79-nodesc-normal">
      <LineStyle>
        <color>ff485579</color>
        <width>1.2</width>
      </LineStyle>
      <PolyStyle>
        <color>4f485579</color>
        <fill>1</fill>
        <outline>1</outline>
      </PolyStyle>
      <BalloonStyle>
        <text><![CDATA[<h3>$[name]</h3>]]></text>
      </BalloonStyle>
    </Style>
    <Style id="poly-795548-1200-79-nodesc-highlight">
      <LineStyle>
        <color>ff485579</color>
        <width>1.8</width>
      </LineStyle>
      <PolyStyle>
        <color>4f485579</color>
        <fill>1</fill>
        <outline>1</outline>
      </PolyStyle>
      <BalloonStyle>
        <text><![CDATA[<h3>$[name]</h3>]]></text>
      </BalloonStyle>
    </Style>
    <StyleMap id="poly-795548-1200-79-nodesc">
      <Pair>
        <key>normal</key>
        <styleUrl>#poly-795548-1200-79-nodesc-normal</styleUrl>
      </Pair>
      <Pair>
        <key>highlight</key>
        <styleUrl>#poly-795548-1200-79-nodesc-highlight</styleUrl>
      </Pair>
    </StyleMap>
    <Style id="poly-795548-1200-82-nodesc-normal">
      <LineStyle>
        <color>ff485579</color>
        <width>1.2</width>
      </LineStyle>
      <PolyStyle>
        <color>52485579</color>
        <fill>1</fill>
        <outline>1</outline>
      </PolyStyle>
      <BalloonStyle>
        <text><![CDATA[<h3>$[name]</h3>]]></text>
      </BalloonStyle>
    </Style>
    <Style id="poly-795548-1200-82-nodesc-highlight">
      <LineStyle>
        <color>ff485579</color>
        <width>1.8</width>
      </LineStyle>
      <PolyStyle>
        <color>52485579</color>
        <fill>1</fill>
        <outline>1</outline>
      </PolyStyle>
      <BalloonStyle>
        <text><![CDATA[<h3>$[name]</h3>]]></text>
      </BalloonStyle>
    </Style>
    <StyleMap id="poly-795548-1200-82-nodesc">
      <Pair>
        <key>normal</key>
        <styleUrl>#poly-795548-1200-82-nodesc-normal</styleUrl>
      </Pair>
      <Pair>
        <key>highlight</key>
        <styleUrl>#poly-795548-1200-82-nodesc-highlight</styleUrl>
      </Pair>
    </StyleMap>
    <Style id="poly-7CB342-1200-66-nodesc-normal">
      <LineStyle>
        <color>ff42b37c</color>
        <width>1.2</width>
      </LineStyle>
      <PolyStyle>
        <color>4242b37c</color>
        <fill>1</fill>
        <outline>1</outline>
      </PolyStyle>
      <BalloonStyle>
        <text><![CDATA[<h3>$[name]</h3>]]></text>
      </BalloonStyle>
    </Style>
    <Style id="poly-7CB342-1200-66-nodesc-highlight">
      <LineStyle>
        <color>ff42b37c</color>
        <width>1.8</width>
      </LineStyle>
      <PolyStyle>
        <color>4242b37c</color>
        <fill>1</fill>
        <outline>1</outline>
      </PolyStyle>
      <BalloonStyle>
        <text><![CDATA[<h3>$[name]</h3>]]></text>
      </BalloonStyle>
    </Style>
    <StyleMap id="poly-7CB342-1200-66-nodesc">
      <Pair>
        <key>normal</key>
        <styleUrl>#poly-7CB342-1200-66-nodesc-normal</styleUrl>
      </Pair>
      <Pair>
        <key>highlight</key>
        <styleUrl>#poly-7CB342-1200-66-nodesc-highlight</styleUrl>
      </Pair>
    </StyleMap>
    <Style id="poly-7CB342-1200-74-nodesc-normal">
      <LineStyle>
        <color>ff42b37c</color>
        <width>1.2</width>
      </LineStyle>
      <PolyStyle>
        <color>4a42b37c</color>
        <fill>1</fill>
        <outline>1</outline>
      </PolyStyle>
      <BalloonStyle>
        <text><![CDATA[<h3>$[name]</h3>]]></text>
      </BalloonStyle>
    </Style>
    <Style id="poly-7CB342-1200-74-nodesc-highlight">
      <LineStyle>
        <color>ff42b37c</color>
        <width>1.8</width>
      </LineStyle>
      <PolyStyle>
        <color>4a42b37c</color>
        <fill>1</fill>
        <outline>1</outline>
      </PolyStyle>
      <BalloonStyle>
        <text><![CDATA[<h3>$[name]</h3>]]></text>
      </BalloonStyle>
    </Style>
    <StyleMap id="poly-7CB342-1200-74-nodesc">
      <Pair>
        <key>normal</key>
        <styleUrl>#poly-7CB342-1200-74-nodesc-normal</styleUrl>
      </Pair>
      <Pair>
        <key>highlight</key>
        <styleUrl>#poly-7CB342-1200-74-nodesc-highlight</styleUrl>
      </Pair>
    </StyleMap>
    <Style id="poly-7CB342-1200-77-nodesc-normal">
      <LineStyle>
        <color>ff42b37c</color>
        <width>1.2</width>
      </LineStyle>
      <PolyStyle>
        <color>4d42b37c</color>
        <fill>1</fill>
        <outline>1</outline>
      </PolyStyle>
      <BalloonStyle>
        <text><![CDATA[<h3>$[name]</h3>]]></text>
      </BalloonStyle>
    </Style>
    <Style id="poly-7CB342-1200-77-nodesc-highlight">
      <LineStyle>
        <color>ff42b37c</color>
        <width>1.8</width>
      </LineStyle>
      <PolyStyle>
        <color>4d42b37c</color>
        <fill>1</fill>
        <outline>1</outline>
      </PolyStyle>
      <BalloonStyle>
        <text><![CDATA[<h3>$[name]</h3>]]></text>
      </BalloonStyle>
    </Style>
    <StyleMap id="poly-7CB342-1200-77-nodesc">
      <Pair>
        <key>normal</key>
        <styleUrl>#poly-7CB342-1200-77-nodesc-normal</styleUrl>
      </Pair>
      <Pair>
        <key>highlight</key>
        <styleUrl>#poly-7CB342-1200-77-nodesc-highlight</styleUrl>
      </Pair>
    </StyleMap>
    <Style id="poly-7CB342-1200-79-nodesc-normal">
      <LineStyle>
        <color>ff42b37c</color>
        <width>1.2</width>
      </LineStyle>
      <PolyStyle>
        <color>4f42b37c</color>
        <fill>1</fill>
        <outline>1</outline>
      </PolyStyle>
      <BalloonStyle>
        <text><![CDATA[<h3>$[name]</h3>]]></text>
      </BalloonStyle>
    </Style>
    <Style id="poly-7CB342-1200-79-nodesc-highlight">
      <LineStyle>
        <color>ff42b37c</color>
        <width>1.8</width>
      </LineStyle>
      <PolyStyle>
        <color>4f42b37c</color>
        <fill>1</fill>
        <outline>1</outline>
      </PolyStyle>
      <BalloonStyle>
        <text><![CDATA[<h3>$[name]</h3>]]></text>
      </BalloonStyle>
    </Style>
    <StyleMap id="poly-7CB342-1200-79-nodesc">
      <Pair>
        <key>normal</key>
        <styleUrl>#poly-7CB342-1200-79-nodesc-normal</styleUrl>
      </Pair>
      <Pair>
        <key>highlight</key>
        <styleUrl>#poly-7CB342-1200-79-nodesc-highlight</styleUrl>
      </Pair>
    </StyleMap>
    <Style id="poly-817717-1200-69-nodesc-normal">
      <LineStyle>
        <color>ff177781</color>
        <width>1.2</width>
      </LineStyle>
      <PolyStyle>
        <color>45177781</color>
        <fill>1</fill>
        <outline>1</outline>
      </PolyStyle>
      <BalloonStyle>
        <text><![CDATA[<h3>$[name]</h3>]]></text>
      </BalloonStyle>
    </Style>
    <Style id="poly-817717-1200-69-nodesc-highlight">
      <LineStyle>
        <color>ff177781</color>
        <width>1.8</width>
      </LineStyle>
      <PolyStyle>
        <color>45177781</color>
        <fill>1</fill>
        <outline>1</outline>
      </PolyStyle>
      <BalloonStyle>
        <text><![CDATA[<h3>$[name]</h3>]]></text>
      </BalloonStyle>
    </Style>
    <StyleMap id="poly-817717-1200-69-nodesc">
      <Pair>
        <key>normal</key>
        <styleUrl>#poly-817717-1200-69-nodesc-normal</styleUrl>
      </Pair>
      <Pair>
        <key>highlight</key>
        <styleUrl>#poly-817717-1200-69-nodesc-highlight</styleUrl>
      </Pair>
    </StyleMap>
    <Style id="poly-817717-1200-71-nodesc-normal">
      <LineStyle>
        <color>ff177781</color>
        <width>1.2</width>
      </LineStyle>
      <PolyStyle>
        <color>47177781</color>
        <fill>1</fill>
        <outline>1</outline>
      </PolyStyle>
      <BalloonStyle>
        <text><![CDATA[<h3>$[name]</h3>]]></text>
      </BalloonStyle>
    </Style>
    <Style id="poly-817717-1200-71-nodesc-highlight">
      <LineStyle>
        <color>ff177781</color>
        <width>1.8</width>
      </LineStyle>
      <PolyStyle>
        <color>47177781</color>
        <fill>1</fill>
        <outline>1</outline>
      </PolyStyle>
      <BalloonStyle>
        <text><![CDATA[<h3>$[name]</h3>]]></text>
      </BalloonStyle>
    </Style>
    <StyleMap id="poly-817717-1200-71-nodesc">
      <Pair>
        <key>normal</key>
        <styleUrl>#poly-817717-1200-71-nodesc-normal</styleUrl>
      </Pair>
      <Pair>
        <key>highlight</key>
        <styleUrl>#poly-817717-1200-71-nodesc-highlight</styleUrl>
      </Pair>
    </StyleMap>
    <Style id="poly-817717-1200-74-nodesc-normal">
      <LineStyle>
        <color>ff177781</color>
        <width>1.2</width>
      </LineStyle>
      <PolyStyle>
        <color>4a177781</color>
        <fill>1</fill>
        <outline>1</outline>
      </PolyStyle>
      <BalloonStyle>
        <text><![CDATA[<h3>$[name]</h3>]]></text>
      </BalloonStyle>
    </Style>
    <Style id="poly-817717-1200-74-nodesc-highlight">
      <LineStyle>
        <color>ff177781</color>
        <width>1.8</width>
      </LineStyle>
      <PolyStyle>
        <color>4a177781</color>
        <fill>1</fill>
        <outline>1</outline>
      </PolyStyle>
      <BalloonStyle>
        <text><![CDATA[<h3>$[name]</h3>]]></text>
      </BalloonStyle>
    </Style>
    <StyleMap id="poly-817717-1200-74-nodesc">
      <Pair>
        <key>normal</key>
        <styleUrl>#poly-817717-1200-74-nodesc-normal</styleUrl>
      </Pair>
      <Pair>
        <key>highlight</key>
        <styleUrl>#poly-817717-1200-74-nodesc-highlight</styleUrl>
      </Pair>
    </StyleMap>
    <Style id="poly-817717-1200-84-nodesc-normal">
      <LineStyle>
        <color>ff177781</color>
        <width>1.2</width>
      </LineStyle>
      <PolyStyle>
        <color>54177781</color>
        <fill>1</fill>
        <outline>1</outline>
      </PolyStyle>
      <BalloonStyle>
        <text><![CDATA[<h3>$[name]</h3>]]></text>
      </BalloonStyle>
    </Style>
    <Style id="poly-817717-1200-84-nodesc-highlight">
      <LineStyle>
        <color>ff177781</color>
        <width>1.8</width>
      </LineStyle>
      <PolyStyle>
        <color>54177781</color>
        <fill>1</fill>
        <outline>1</outline>
      </PolyStyle>
      <BalloonStyle>
        <text><![CDATA[<h3>$[name]</h3>]]></text>
      </BalloonStyle>
    </Style>
    <StyleMap id="poly-817717-1200-84-nodesc">
      <Pair>
        <key>normal</key>
        <styleUrl>#poly-817717-1200-84-nodesc-normal</styleUrl>
      </Pair>
      <Pair>
        <key>highlight</key>
        <styleUrl>#poly-817717-1200-84-nodesc-highlight</styleUrl>
      </Pair>
    </StyleMap>
    <Style id="poly-87CEAC-1200-74-nodesc-normal">
      <LineStyle>
        <color>ffacce87</color>
        <width>1.2</width>
      </LineStyle>
      <PolyStyle>
        <color>4aacce87</color>
        <fill>1</fill>
        <outline>1</outline>
      </PolyStyle>
      <BalloonStyle>
        <text><![CDATA[<h3>$[name]</h3>]]></text>
      </BalloonStyle>
    </Style>
    <Style id="poly-87CEAC-1200-74-nodesc-highlight">
      <LineStyle>
        <color>ffacce87</color>
        <width>1.8</width>
      </LineStyle>
      <PolyStyle>
        <color>4aacce87</color>
        <fill>1</fill>
        <outline>1</outline>
      </PolyStyle>
      <BalloonStyle>
        <text><![CDATA[<h3>$[name]</h3>]]></text>
      </BalloonStyle>
    </Style>
    <StyleMap id="poly-87CEAC-1200-74-nodesc">
      <Pair>
        <key>normal</key>
        <styleUrl>#poly-87CEAC-1200-74-nodesc-normal</styleUrl>
      </Pair>
      <Pair>
        <key>highlight</key>
        <styleUrl>#poly-87CEAC-1200-74-nodesc-highlight</styleUrl>
      </Pair>
    </StyleMap>
    <Style id="poly-87CEAC-1200-77-nodesc-normal">
      <LineStyle>
        <color>ffacce87</color>
        <width>1.2</width>
      </LineStyle>
      <PolyStyle>
        <color>4dacce87</color>
        <fill>1</fill>
        <outline>1</outline>
      </PolyStyle>
      <BalloonStyle>
        <text><![CDATA[<h3>$[name]</h3>]]></text>
      </BalloonStyle>
    </Style>
    <Style id="poly-87CEAC-1200-77-nodesc-highlight">
      <LineStyle>
        <color>ffacce87</color>
        <width>1.8</width>
      </LineStyle>
      <PolyStyle>
        <color>4dacce87</color>
        <fill>1</fill>
        <outline>1</outline>
      </PolyStyle>
      <BalloonStyle>
        <text><![CDATA[<h3>$[name]</h3>]]></text>
      </BalloonStyle>
    </Style>
    <StyleMap id="poly-87CEAC-1200-77-nodesc">
      <Pair>
        <key>normal</key>
        <styleUrl>#poly-87CEAC-1200-77-nodesc-normal</styleUrl>
      </Pair>
      <Pair>
        <key>highlight</key>
        <styleUrl>#poly-87CEAC-1200-77-nodesc-highlight</styleUrl>
      </Pair>
    </StyleMap>
    <Style id="poly-880E4F-1200-69-nodesc-normal">
      <LineStyle>
        <color>ff4f0e88</color>
        <width>1.2</width>
      </LineStyle>
      <PolyStyle>
        <color>454f0e88</color>
        <fill>1</fill>
        <outline>1</outline>
      </PolyStyle>
      <BalloonStyle>
        <text><![CDATA[<h3>$[name]</h3>]]></text>
      </BalloonStyle>
    </Style>
    <Style id="poly-880E4F-1200-69-nodesc-highlight">
      <LineStyle>
        <color>ff4f0e88</color>
        <width>1.8</width>
      </LineStyle>
      <PolyStyle>
        <color>454f0e88</color>
        <fill>1</fill>
        <outline>1</outline>
      </PolyStyle>
      <BalloonStyle>
        <text><![CDATA[<h3>$[name]</h3>]]></text>
      </BalloonStyle>
    </Style>
    <StyleMap id="poly-880E4F-1200-69-nodesc">
      <Pair>
        <key>normal</key>
        <styleUrl>#poly-880E4F-1200-69-nodesc-normal</styleUrl>
      </Pair>
      <Pair>
        <key>highlight</key>
        <styleUrl>#poly-880E4F-1200-69-nodesc-highlight</styleUrl>
      </Pair>
    </StyleMap>
    <Style id="poly-880E4F-1200-71-nodesc-normal">
      <LineStyle>
        <color>ff4f0e88</color>
        <width>1.2</width>
      </LineStyle>
      <PolyStyle>
        <color>474f0e88</color>
        <fill>1</fill>
        <outline>1</outline>
      </PolyStyle>
      <BalloonStyle>
        <text><![CDATA[<h3>$[name]</h3>]]></text>
      </BalloonStyle>
    </Style>
    <Style id="poly-880E4F-1200-71-nodesc-highlight">
      <LineStyle>
        <color>ff4f0e88</color>
        <width>1.8</width>
      </LineStyle>
      <PolyStyle>
        <color>474f0e88</color>
        <fill>1</fill>
        <outline>1</outline>
      </PolyStyle>
      <BalloonStyle>
        <text><![CDATA[<h3>$[name]</h3>]]></text>
      </BalloonStyle>
    </Style>
    <StyleMap id="poly-880E4F-1200-71-nodesc">
      <Pair>
        <key>normal</key>
        <styleUrl>#poly-880E4F-1200-71-nodesc-normal</styleUrl>
      </Pair>
      <Pair>
        <key>highlight</key>
        <styleUrl>#poly-880E4F-1200-71-nodesc-highlight</styleUrl>
      </Pair>
    </StyleMap>
    <Style id="poly-880E4F-1200-77-nodesc-normal">
      <LineStyle>
        <color>ff4f0e88</color>
        <width>1.2</width>
      </LineStyle>
      <PolyStyle>
        <color>4d4f0e88</color>
        <fill>1</fill>
        <outline>1</outline>
      </PolyStyle>
      <BalloonStyle>
        <text><![CDATA[<h3>$[name]</h3>]]></text>
      </BalloonStyle>
    </Style>
    <Style id="poly-880E4F-1200-77-nodesc-highlight">
      <LineStyle>
        <color>ff4f0e88</color>
        <width>1.8</width>
      </LineStyle>
      <PolyStyle>
        <color>4d4f0e88</color>
        <fill>1</fill>
        <outline>1</outline>
      </PolyStyle>
      <BalloonStyle>
        <text><![CDATA[<h3>$[name]</h3>]]></text>
      </BalloonStyle>
    </Style>
    <StyleMap id="poly-880E4F-1200-77-nodesc">
      <Pair>
        <key>normal</key>
        <styleUrl>#poly-880E4F-1200-77-nodesc-normal</styleUrl>
      </Pair>
      <Pair>
        <key>highlight</key>
        <styleUrl>#poly-880E4F-1200-77-nodesc-highlight</styleUrl>
      </Pair>
    </StyleMap>
    <Style id="poly-880E4F-1200-79-nodesc-normal">
      <LineStyle>
        <color>ff4f0e88</color>
        <width>1.2</width>
      </LineStyle>
      <PolyStyle>
        <color>4f4f0e88</color>
        <fill>1</fill>
        <outline>1</outline>
      </PolyStyle>
      <BalloonStyle>
        <text><![CDATA[<h3>$[name]</h3>]]></text>
      </BalloonStyle>
    </Style>
    <Style id="poly-880E4F-1200-79-nodesc-highlight">
      <LineStyle>
        <color>ff4f0e88</color>
        <width>1.8</width>
      </LineStyle>
      <PolyStyle>
        <color>4f4f0e88</color>
        <fill>1</fill>
        <outline>1</outline>
      </PolyStyle>
      <BalloonStyle>
        <text><![CDATA[<h3>$[name]</h3>]]></text>
      </BalloonStyle>
    </Style>
    <StyleMap id="poly-880E4F-1200-79-nodesc">
      <Pair>
        <key>normal</key>
        <styleUrl>#poly-880E4F-1200-79-nodesc-normal</styleUrl>
      </Pair>
      <Pair>
        <key>highlight</key>
        <styleUrl>#poly-880E4F-1200-79-nodesc-highlight</styleUrl>
      </Pair>
    </StyleMap>
    <Style id="poly-880E4F-1200-82-nodesc-normal">
      <LineStyle>
        <color>ff4f0e88</color>
        <width>1.2</width>
      </LineStyle>
      <PolyStyle>
        <color>524f0e88</color>
        <fill>1</fill>
        <outline>1</outline>
      </PolyStyle>
      <BalloonStyle>
        <text><![CDATA[<h3>$[name]</h3>]]></text>
      </BalloonStyle>
    </Style>
    <Style id="poly-880E4F-1200-82-nodesc-highlight">
      <LineStyle>
        <color>ff4f0e88</color>
        <width>1.8</width>
      </LineStyle>
      <PolyStyle>
        <color>524f0e88</color>
        <fill>1</fill>
        <outline>1</outline>
      </PolyStyle>
      <BalloonStyle>
        <text><![CDATA[<h3>$[name]</h3>]]></text>
      </BalloonStyle>
    </Style>
    <StyleMap id="poly-880E4F-1200-82-nodesc">
      <Pair>
        <key>normal</key>
        <styleUrl>#poly-880E4F-1200-82-nodesc-normal</styleUrl>
      </Pair>
      <Pair>
        <key>highlight</key>
        <styleUrl>#poly-880E4F-1200-82-nodesc-highlight</styleUrl>
      </Pair>
    </StyleMap>
    <Style id="poly-9C27B0-1200-74-nodesc-normal">
      <LineStyle>
        <color>ffb0279c</color>
        <width>1.2</width>
      </LineStyle>
      <PolyStyle>
        <color>4ab0279c</color>
        <fill>1</fill>
        <outline>1</outline>
      </PolyStyle>
      <BalloonStyle>
        <text><![CDATA[<h3>$[name]</h3>]]></text>
      </BalloonStyle>
    </Style>
    <Style id="poly-9C27B0-1200-74-nodesc-highlight">
      <LineStyle>
        <color>ffb0279c</color>
        <width>1.8</width>
      </LineStyle>
      <PolyStyle>
        <color>4ab0279c</color>
        <fill>1</fill>
        <outline>1</outline>
      </PolyStyle>
      <BalloonStyle>
        <text><![CDATA[<h3>$[name]</h3>]]></text>
      </BalloonStyle>
    </Style>
    <StyleMap id="poly-9C27B0-1200-74-nodesc">
      <Pair>
        <key>normal</key>
        <styleUrl>#poly-9C27B0-1200-74-nodesc-normal</styleUrl>
      </Pair>
      <Pair>
        <key>highlight</key>
        <styleUrl>#poly-9C27B0-1200-74-nodesc-highlight</styleUrl>
      </Pair>
    </StyleMap>
    <Style id="poly-9C27B0-1200-76-normal">
      <LineStyle>
        <color>ffb0279c</color>
        <width>1.2</width>
      </LineStyle>
      <PolyStyle>
        <color>4cb0279c</color>
        <fill>1</fill>
        <outline>1</outline>
      </PolyStyle>
    </Style>
    <Style id="poly-9C27B0-1200-76-highlight">
      <LineStyle>
        <color>ffb0279c</color>
        <width>1.8</width>
      </LineStyle>
      <PolyStyle>
        <color>4cb0279c</color>
        <fill>1</fill>
        <outline>1</outline>
      </PolyStyle>
    </Style>
    <StyleMap id="poly-9C27B0-1200-76">
      <Pair>
        <key>normal</key>
        <styleUrl>#poly-9C27B0-1200-76-normal</styleUrl>
      </Pair>
      <Pair>
        <key>highlight</key>
        <styleUrl>#poly-9C27B0-1200-76-highlight</styleUrl>
      </Pair>
    </StyleMap>
    <Style id="poly-9C27B0-1200-77-nodesc-normal">
      <LineStyle>
        <color>ffb0279c</color>
        <width>1.2</width>
      </LineStyle>
      <PolyStyle>
        <color>4db0279c</color>
        <fill>1</fill>
        <outline>1</outline>
      </PolyStyle>
      <BalloonStyle>
        <text><![CDATA[<h3>$[name]</h3>]]></text>
      </BalloonStyle>
    </Style>
    <Style id="poly-9C27B0-1200-77-nodesc-highlight">
      <LineStyle>
        <color>ffb0279c</color>
        <width>1.8</width>
      </LineStyle>
      <PolyStyle>
        <color>4db0279c</color>
        <fill>1</fill>
        <outline>1</outline>
      </PolyStyle>
      <BalloonStyle>
        <text><![CDATA[<h3>$[name]</h3>]]></text>
      </BalloonStyle>
    </Style>
    <StyleMap id="poly-9C27B0-1200-77-nodesc">
      <Pair>
        <key>normal</key>
        <styleUrl>#poly-9C27B0-1200-77-nodesc-normal</styleUrl>
      </Pair>
      <Pair>
        <key>highlight</key>
        <styleUrl>#poly-9C27B0-1200-77-nodesc-highlight</styleUrl>
      </Pair>
    </StyleMap>
    <Style id="poly-9C27B0-1200-79-nodesc-normal">
      <LineStyle>
        <color>ffb0279c</color>
        <width>1.2</width>
      </LineStyle>
      <PolyStyle>
        <color>4fb0279c</color>
        <fill>1</fill>
        <outline>1</outline>
      </PolyStyle>
      <BalloonStyle>
        <text><![CDATA[<h3>$[name]</h3>]]></text>
      </BalloonStyle>
    </Style>
    <Style id="poly-9C27B0-1200-79-nodesc-highlight">
      <LineStyle>
        <color>ffb0279c</color>
        <width>1.8</width>
      </LineStyle>
      <PolyStyle>
        <color>4fb0279c</color>
        <fill>1</fill>
        <outline>1</outline>
      </PolyStyle>
      <BalloonStyle>
        <text><![CDATA[<h3>$[name]</h3>]]></text>
      </BalloonStyle>
    </Style>
    <StyleMap id="poly-9C27B0-1200-79-nodesc">
      <Pair>
        <key>normal</key>
        <styleUrl>#poly-9C27B0-1200-79-nodesc-normal</styleUrl>
      </Pair>
      <Pair>
        <key>highlight</key>
        <styleUrl>#poly-9C27B0-1200-79-nodesc-highlight</styleUrl>
      </Pair>
    </StyleMap>
    <Style id="poly-9C27B0-1200-84-nodesc-normal">
      <LineStyle>
        <color>ffb0279c</color>
        <width>1.2</width>
      </LineStyle>
      <PolyStyle>
        <color>54b0279c</color>
        <fill>1</fill>
        <outline>1</outline>
      </PolyStyle>
      <BalloonStyle>
        <text><![CDATA[<h3>$[name]</h3>]]></text>
      </BalloonStyle>
    </Style>
    <Style id="poly-9C27B0-1200-84-nodesc-highlight">
      <LineStyle>
        <color>ffb0279c</color>
        <width>1.8</width>
      </LineStyle>
      <PolyStyle>
        <color>54b0279c</color>
        <fill>1</fill>
        <outline>1</outline>
      </PolyStyle>
      <BalloonStyle>
        <text><![CDATA[<h3>$[name]</h3>]]></text>
      </BalloonStyle>
    </Style>
    <StyleMap id="poly-9C27B0-1200-84-nodesc">
      <Pair>
        <key>normal</key>
        <styleUrl>#poly-9C27B0-1200-84-nodesc-normal</styleUrl>
      </Pair>
      <Pair>
        <key>highlight</key>
        <styleUrl>#poly-9C27B0-1200-84-nodesc-highlight</styleUrl>
      </Pair>
    </StyleMap>
    <Style id="poly-9C27B0-1200-87-nodesc-normal">
      <LineStyle>
        <color>ffb0279c</color>
        <width>1.2</width>
      </LineStyle>
      <PolyStyle>
        <color>57b0279c</color>
        <fill>1</fill>
        <outline>1</outline>
      </PolyStyle>
      <BalloonStyle>
        <text><![CDATA[<h3>$[name]</h3>]]></text>
      </BalloonStyle>
    </Style>
    <Style id="poly-9C27B0-1200-87-nodesc-highlight">
      <LineStyle>
        <color>ffb0279c</color>
        <width>1.8</width>
      </LineStyle>
      <PolyStyle>
        <color>57b0279c</color>
        <fill>1</fill>
        <outline>1</outline>
      </PolyStyle>
      <BalloonStyle>
        <text><![CDATA[<h3>$[name]</h3>]]></text>
      </BalloonStyle>
    </Style>
    <StyleMap id="poly-9C27B0-1200-87-nodesc">
      <Pair>
        <key>normal</key>
        <styleUrl>#poly-9C27B0-1200-87-nodesc-normal</styleUrl>
      </Pair>
      <Pair>
        <key>highlight</key>
        <styleUrl>#poly-9C27B0-1200-87-nodesc-highlight</styleUrl>
      </Pair>
    </StyleMap>
    <Style id="poly-9FA8DA-1200-64-nodesc-normal">
      <LineStyle>
        <color>ffdaa89f</color>
        <width>1.2</width>
      </LineStyle>
      <PolyStyle>
        <color>40daa89f</color>
        <fill>1</fill>
        <outline>1</outline>
      </PolyStyle>
      <BalloonStyle>
        <text><![CDATA[<h3>$[name]</h3>]]></text>
      </BalloonStyle>
    </Style>
    <Style id="poly-9FA8DA-1200-64-nodesc-highlight">
      <LineStyle>
        <color>ffdaa89f</color>
        <width>1.8</width>
      </LineStyle>
      <PolyStyle>
        <color>40daa89f</color>
        <fill>1</fill>
        <outline>1</outline>
      </PolyStyle>
      <BalloonStyle>
        <text><![CDATA[<h3>$[name]</h3>]]></text>
      </BalloonStyle>
    </Style>
    <StyleMap id="poly-9FA8DA-1200-64-nodesc">
      <Pair>
        <key>normal</key>
        <styleUrl>#poly-9FA8DA-1200-64-nodesc-normal</styleUrl>
      </Pair>
      <Pair>
        <key>highlight</key>
        <styleUrl>#poly-9FA8DA-1200-64-nodesc-highlight</styleUrl>
      </Pair>
    </StyleMap>
    <Style id="poly-9FA8DA-1200-74-nodesc-normal">
      <LineStyle>
        <color>ffdaa89f</color>
        <width>1.2</width>
      </LineStyle>
      <PolyStyle>
        <color>4adaa89f</color>
        <fill>1</fill>
        <outline>1</outline>
      </PolyStyle>
      <BalloonStyle>
        <text><![CDATA[<h3>$[name]</h3>]]></text>
      </BalloonStyle>
    </Style>
    <Style id="poly-9FA8DA-1200-74-nodesc-highlight">
      <LineStyle>
        <color>ffdaa89f</color>
        <width>1.8</width>
      </LineStyle>
      <PolyStyle>
        <color>4adaa89f</color>
        <fill>1</fill>
        <outline>1</outline>
      </PolyStyle>
      <BalloonStyle>
        <text><![CDATA[<h3>$[name]</h3>]]></text>
      </BalloonStyle>
    </Style>
    <StyleMap id="poly-9FA8DA-1200-74-nodesc">
      <Pair>
        <key>normal</key>
        <styleUrl>#poly-9FA8DA-1200-74-nodesc-normal</styleUrl>
      </Pair>
      <Pair>
        <key>highlight</key>
        <styleUrl>#poly-9FA8DA-1200-74-nodesc-highlight</styleUrl>
      </Pair>
    </StyleMap>
    <Style id="poly-A1C2FA-1200-71-nodesc-normal">
      <LineStyle>
        <color>fffac2a1</color>
        <width>1.2</width>
      </LineStyle>
      <PolyStyle>
        <color>47fac2a1</color>
        <fill>1</fill>
        <outline>1</outline>
      </PolyStyle>
      <BalloonStyle>
        <text><![CDATA[<h3>$[name]</h3>]]></text>
      </BalloonStyle>
    </Style>
    <Style id="poly-A1C2FA-1200-71-nodesc-highlight">
      <LineStyle>
        <color>fffac2a1</color>
        <width>1.8</width>
      </LineStyle>
      <PolyStyle>
        <color>47fac2a1</color>
        <fill>1</fill>
        <outline>1</outline>
      </PolyStyle>
      <BalloonStyle>
        <text><![CDATA[<h3>$[name]</h3>]]></text>
      </BalloonStyle>
    </Style>
    <StyleMap id="poly-A1C2FA-1200-71-nodesc">
      <Pair>
        <key>normal</key>
        <styleUrl>#poly-A1C2FA-1200-71-nodesc-normal</styleUrl>
      </Pair>
      <Pair>
        <key>highlight</key>
        <styleUrl>#poly-A1C2FA-1200-71-nodesc-highlight</styleUrl>
      </Pair>
    </StyleMap>
    <Style id="poly-A1C2FA-1200-74-nodesc-normal">
      <LineStyle>
        <color>fffac2a1</color>
        <width>1.2</width>
      </LineStyle>
      <PolyStyle>
        <color>4afac2a1</color>
        <fill>1</fill>
        <outline>1</outline>
      </PolyStyle>
      <BalloonStyle>
        <text><![CDATA[<h3>$[name]</h3>]]></text>
      </BalloonStyle>
    </Style>
    <Style id="poly-A1C2FA-1200-74-nodesc-highlight">
      <LineStyle>
        <color>fffac2a1</color>
        <width>1.8</width>
      </LineStyle>
      <PolyStyle>
        <color>4afac2a1</color>
        <fill>1</fill>
        <outline>1</outline>
      </PolyStyle>
      <BalloonStyle>
        <text><![CDATA[<h3>$[name]</h3>]]></text>
      </BalloonStyle>
    </Style>
    <StyleMap id="poly-A1C2FA-1200-74-nodesc">
      <Pair>
        <key>normal</key>
        <styleUrl>#poly-A1C2FA-1200-74-nodesc-normal</styleUrl>
      </Pair>
      <Pair>
        <key>highlight</key>
        <styleUrl>#poly-A1C2FA-1200-74-nodesc-highlight</styleUrl>
      </Pair>
    </StyleMap>
    <Style id="poly-A1C2FA-1200-79-nodesc-normal">
      <LineStyle>
        <color>fffac2a1</color>
        <width>1.2</width>
      </LineStyle>
      <PolyStyle>
        <color>4ffac2a1</color>
        <fill>1</fill>
        <outline>1</outline>
      </PolyStyle>
      <BalloonStyle>
        <text><![CDATA[<h3>$[name]</h3>]]></text>
      </BalloonStyle>
    </Style>
    <Style id="poly-A1C2FA-1200-79-nodesc-highlight">
      <LineStyle>
        <color>fffac2a1</color>
        <width>1.8</width>
      </LineStyle>
      <PolyStyle>
        <color>4ffac2a1</color>
        <fill>1</fill>
        <outline>1</outline>
      </PolyStyle>
      <BalloonStyle>
        <text><![CDATA[<h3>$[name]</h3>]]></text>
      </BalloonStyle>
    </Style>
    <StyleMap id="poly-A1C2FA-1200-79-nodesc">
      <Pair>
        <key>normal</key>
        <styleUrl>#poly-A1C2FA-1200-79-nodesc-normal</styleUrl>
      </Pair>
      <Pair>
        <key>highlight</key>
        <styleUrl>#poly-A1C2FA-1200-79-nodesc-highlight</styleUrl>
      </Pair>
    </StyleMap>
    <Style id="poly-A52714-1200-71-nodesc-normal">
      <LineStyle>
        <color>ff1427a5</color>
        <width>1.2</width>
      </LineStyle>
      <PolyStyle>
        <color>471427a5</color>
        <fill>1</fill>
        <outline>1</outline>
      </PolyStyle>
      <BalloonStyle>
        <text><![CDATA[<h3>$[name]</h3>]]></text>
      </BalloonStyle>
    </Style>
    <Style id="poly-A52714-1200-71-nodesc-highlight">
      <LineStyle>
        <color>ff1427a5</color>
        <width>1.8</width>
      </LineStyle>
      <PolyStyle>
        <color>471427a5</color>
        <fill>1</fill>
        <outline>1</outline>
      </PolyStyle>
      <BalloonStyle>
        <text><![CDATA[<h3>$[name]</h3>]]></text>
      </BalloonStyle>
    </Style>
    <StyleMap id="poly-A52714-1200-71-nodesc">
      <Pair>
        <key>normal</key>
        <styleUrl>#poly-A52714-1200-71-nodesc-normal</styleUrl>
      </Pair>
      <Pair>
        <key>highlight</key>
        <styleUrl>#poly-A52714-1200-71-nodesc-highlight</styleUrl>
      </Pair>
    </StyleMap>
    <Style id="poly-A52714-1200-74-nodesc-normal">
      <LineStyle>
        <color>ff1427a5</color>
        <width>1.2</width>
      </LineStyle>
      <PolyStyle>
        <color>4a1427a5</color>
        <fill>1</fill>
        <outline>1</outline>
      </PolyStyle>
      <BalloonStyle>
        <text><![CDATA[<h3>$[name]</h3>]]></text>
      </BalloonStyle>
    </Style>
    <Style id="poly-A52714-1200-74-nodesc-highlight">
      <LineStyle>
        <color>ff1427a5</color>
        <width>1.8</width>
      </LineStyle>
      <PolyStyle>
        <color>4a1427a5</color>
        <fill>1</fill>
        <outline>1</outline>
      </PolyStyle>
      <BalloonStyle>
        <text><![CDATA[<h3>$[name]</h3>]]></text>
      </BalloonStyle>
    </Style>
    <StyleMap id="poly-A52714-1200-74-nodesc">
      <Pair>
        <key>normal</key>
        <styleUrl>#poly-A52714-1200-74-nodesc-normal</styleUrl>
      </Pair>
      <Pair>
        <key>highlight</key>
        <styleUrl>#poly-A52714-1200-74-nodesc-highlight</styleUrl>
      </Pair>
    </StyleMap>
    <Style id="poly-A52714-1200-77-nodesc-normal">
      <LineStyle>
        <color>ff1427a5</color>
        <width>1.2</width>
      </LineStyle>
      <PolyStyle>
        <color>4d1427a5</color>
        <fill>1</fill>
        <outline>1</outline>
      </PolyStyle>
      <BalloonStyle>
        <text><![CDATA[<h3>$[name]</h3>]]></text>
      </BalloonStyle>
    </Style>
    <Style id="poly-A52714-1200-77-nodesc-highlight">
      <LineStyle>
        <color>ff1427a5</color>
        <width>1.8</width>
      </LineStyle>
      <PolyStyle>
        <color>4d1427a5</color>
        <fill>1</fill>
        <outline>1</outline>
      </PolyStyle>
      <BalloonStyle>
        <text><![CDATA[<h3>$[name]</h3>]]></text>
      </BalloonStyle>
    </Style>
    <StyleMap id="poly-A52714-1200-77-nodesc">
      <Pair>
        <key>normal</key>
        <styleUrl>#poly-A52714-1200-77-nodesc-normal</styleUrl>
      </Pair>
      <Pair>
        <key>highlight</key>
        <styleUrl>#poly-A52714-1200-77-nodesc-highlight</styleUrl>
      </Pair>
    </StyleMap>
    <Style id="poly-A52714-1200-79-nodesc-normal">
      <LineStyle>
        <color>ff1427a5</color>
        <width>1.2</width>
      </LineStyle>
      <PolyStyle>
        <color>4f1427a5</color>
        <fill>1</fill>
        <outline>1</outline>
      </PolyStyle>
      <BalloonStyle>
        <text><![CDATA[<h3>$[name]</h3>]]></text>
      </BalloonStyle>
    </Style>
    <Style id="poly-A52714-1200-79-nodesc-highlight">
      <LineStyle>
        <color>ff1427a5</color>
        <width>1.8</width>
      </LineStyle>
      <PolyStyle>
        <color>4f1427a5</color>
        <fill>1</fill>
        <outline>1</outline>
      </PolyStyle>
      <BalloonStyle>
        <text><![CDATA[<h3>$[name]</h3>]]></text>
      </BalloonStyle>
    </Style>
    <StyleMap id="poly-A52714-1200-79-nodesc">
      <Pair>
        <key>normal</key>
        <styleUrl>#poly-A52714-1200-79-nodesc-normal</styleUrl>
      </Pair>
      <Pair>
        <key>highlight</key>
        <styleUrl>#poly-A52714-1200-79-nodesc-highlight</styleUrl>
      </Pair>
    </StyleMap>
    <Style id="poly-A52714-1200-82-nodesc-normal">
      <LineStyle>
        <color>ff1427a5</color>
        <width>1.2</width>
      </LineStyle>
      <PolyStyle>
        <color>521427a5</color>
        <fill>1</fill>
        <outline>1</outline>
      </PolyStyle>
      <BalloonStyle>
        <text><![CDATA[<h3>$[name]</h3>]]></text>
      </BalloonStyle>
    </Style>
    <Style id="poly-A52714-1200-82-nodesc-highlight">
      <LineStyle>
        <color>ff1427a5</color>
        <width>1.8</width>
      </LineStyle>
      <PolyStyle>
        <color>521427a5</color>
        <fill>1</fill>
        <outline>1</outline>
      </PolyStyle>
      <BalloonStyle>
        <text><![CDATA[<h3>$[name]</h3>]]></text>
      </BalloonStyle>
    </Style>
    <StyleMap id="poly-A52714-1200-82-nodesc">
      <Pair>
        <key>normal</key>
        <styleUrl>#poly-A52714-1200-82-nodesc-normal</styleUrl>
      </Pair>
      <Pair>
        <key>highlight</key>
        <styleUrl>#poly-A52714-1200-82-nodesc-highlight</styleUrl>
      </Pair>
    </StyleMap>
    <Style id="poly-AFB42B-1200-77-nodesc-normal">
      <LineStyle>
        <color>ff2bb4af</color>
        <width>1.2</width>
      </LineStyle>
      <PolyStyle>
        <color>4d2bb4af</color>
        <fill>1</fill>
        <outline>1</outline>
      </PolyStyle>
      <BalloonStyle>
        <text><![CDATA[<h3>$[name]</h3>]]></text>
      </BalloonStyle>
    </Style>
    <Style id="poly-AFB42B-1200-77-nodesc-highlight">
      <LineStyle>
        <color>ff2bb4af</color>
        <width>1.8</width>
      </LineStyle>
      <PolyStyle>
        <color>4d2bb4af</color>
        <fill>1</fill>
        <outline>1</outline>
      </PolyStyle>
      <BalloonStyle>
        <text><![CDATA[<h3>$[name]</h3>]]></text>
      </BalloonStyle>
    </Style>
    <StyleMap id="poly-AFB42B-1200-77-nodesc">
      <Pair>
        <key>normal</key>
        <styleUrl>#poly-AFB42B-1200-77-nodesc-normal</styleUrl>
      </Pair>
      <Pair>
        <key>highlight</key>
        <styleUrl>#poly-AFB42B-1200-77-nodesc-highlight</styleUrl>
      </Pair>
    </StyleMap>
    <Style id="poly-AFB42B-1200-82-nodesc-normal">
      <LineStyle>
        <color>ff2bb4af</color>
        <width>1.2</width>
      </LineStyle>
      <PolyStyle>
        <color>522bb4af</color>
        <fill>1</fill>
        <outline>1</outline>
      </PolyStyle>
      <BalloonStyle>
        <text><![CDATA[<h3>$[name]</h3>]]></text>
      </BalloonStyle>
    </Style>
    <Style id="poly-AFB42B-1200-82-nodesc-highlight">
      <LineStyle>
        <color>ff2bb4af</color>
        <width>1.8</width>
      </LineStyle>
      <PolyStyle>
        <color>522bb4af</color>
        <fill>1</fill>
        <outline>1</outline>
      </PolyStyle>
      <BalloonStyle>
        <text><![CDATA[<h3>$[name]</h3>]]></text>
      </BalloonStyle>
    </Style>
    <StyleMap id="poly-AFB42B-1200-82-nodesc">
      <Pair>
        <key>normal</key>
        <styleUrl>#poly-AFB42B-1200-82-nodesc-normal</styleUrl>
      </Pair>
      <Pair>
        <key>highlight</key>
        <styleUrl>#poly-AFB42B-1200-82-nodesc-highlight</styleUrl>
      </Pair>
    </StyleMap>
    <Style id="poly-AFB42B-1200-84-nodesc-normal">
      <LineStyle>
        <color>ff2bb4af</color>
        <width>1.2</width>
      </LineStyle>
      <PolyStyle>
        <color>542bb4af</color>
        <fill>1</fill>
        <outline>1</outline>
      </PolyStyle>
      <BalloonStyle>
        <text><![CDATA[<h3>$[name]</h3>]]></text>
      </BalloonStyle>
    </Style>
    <Style id="poly-AFB42B-1200-84-nodesc-highlight">
      <LineStyle>
        <color>ff2bb4af</color>
        <width>1.8</width>
      </LineStyle>
      <PolyStyle>
        <color>542bb4af</color>
        <fill>1</fill>
        <outline>1</outline>
      </PolyStyle>
      <BalloonStyle>
        <text><![CDATA[<h3>$[name]</h3>]]></text>
      </BalloonStyle>
    </Style>
    <StyleMap id="poly-AFB42B-1200-84-nodesc">
      <Pair>
        <key>normal</key>
        <styleUrl>#poly-AFB42B-1200-84-nodesc-normal</styleUrl>
      </Pair>
      <Pair>
        <key>highlight</key>
        <styleUrl>#poly-AFB42B-1200-84-nodesc-highlight</styleUrl>
      </Pair>
    </StyleMap>
    <Style id="poly-BCAAA4-1200-74-nodesc-normal">
      <LineStyle>
        <color>ffa4aabc</color>
        <width>1.2</width>
      </LineStyle>
      <PolyStyle>
        <color>4aa4aabc</color>
        <fill>1</fill>
        <outline>1</outline>
      </PolyStyle>
      <BalloonStyle>
        <text><![CDATA[<h3>$[name]</h3>]]></text>
      </BalloonStyle>
    </Style>
    <Style id="poly-BCAAA4-1200-74-nodesc-highlight">
      <LineStyle>
        <color>ffa4aabc</color>
        <width>1.8</width>
      </LineStyle>
      <PolyStyle>
        <color>4aa4aabc</color>
        <fill>1</fill>
        <outline>1</outline>
      </PolyStyle>
      <BalloonStyle>
        <text><![CDATA[<h3>$[name]</h3>]]></text>
      </BalloonStyle>
    </Style>
    <StyleMap id="poly-BCAAA4-1200-74-nodesc">
      <Pair>
        <key>normal</key>
        <styleUrl>#poly-BCAAA4-1200-74-nodesc-normal</styleUrl>
      </Pair>
      <Pair>
        <key>highlight</key>
        <styleUrl>#poly-BCAAA4-1200-74-nodesc-highlight</styleUrl>
      </Pair>
    </StyleMap>
    <Style id="poly-BCAAA4-1200-82-nodesc-normal">
      <LineStyle>
        <color>ffa4aabc</color>
        <width>1.2</width>
      </LineStyle>
      <PolyStyle>
        <color>52a4aabc</color>
        <fill>1</fill>
        <outline>1</outline>
      </PolyStyle>
      <BalloonStyle>
        <text><![CDATA[<h3>$[name]</h3>]]></text>
      </BalloonStyle>
    </Style>
    <Style id="poly-BCAAA4-1200-82-nodesc-highlight">
      <LineStyle>
        <color>ffa4aabc</color>
        <width>1.8</width>
      </LineStyle>
      <PolyStyle>
        <color>52a4aabc</color>
        <fill>1</fill>
        <outline>1</outline>
      </PolyStyle>
      <BalloonStyle>
        <text><![CDATA[<h3>$[name]</h3>]]></text>
      </BalloonStyle>
    </Style>
    <StyleMap id="poly-BCAAA4-1200-82-nodesc">
      <Pair>
        <key>normal</key>
        <styleUrl>#poly-BCAAA4-1200-82-nodesc-normal</styleUrl>
      </Pair>
      <Pair>
        <key>highlight</key>
        <styleUrl>#poly-BCAAA4-1200-82-nodesc-highlight</styleUrl>
      </Pair>
    </StyleMap>
    <Style id="poly-BDBDBD-1200-76-normal">
      <LineStyle>
        <color>ffbdbdbd</color>
        <width>1.2</width>
      </LineStyle>
      <PolyStyle>
        <color>4cbdbdbd</color>
        <fill>1</fill>
        <outline>1</outline>
      </PolyStyle>
    </Style>
    <Style id="poly-BDBDBD-1200-76-highlight">
      <LineStyle>
        <color>ffbdbdbd</color>
        <width>1.8</width>
      </LineStyle>
      <PolyStyle>
        <color>4cbdbdbd</color>
        <fill>1</fill>
        <outline>1</outline>
      </PolyStyle>
    </Style>
    <StyleMap id="poly-BDBDBD-1200-76">
      <Pair>
        <key>normal</key>
        <styleUrl>#poly-BDBDBD-1200-76-normal</styleUrl>
      </Pair>
      <Pair>
        <key>highlight</key>
        <styleUrl>#poly-BDBDBD-1200-76-highlight</styleUrl>
      </Pair>
    </StyleMap>
    <Style id="poly-C2185B-1200-66-nodesc-normal">
      <LineStyle>
        <color>ff5b18c2</color>
        <width>1.2</width>
      </LineStyle>
      <PolyStyle>
        <color>425b18c2</color>
        <fill>1</fill>
        <outline>1</outline>
      </PolyStyle>
      <BalloonStyle>
        <text><![CDATA[<h3>$[name]</h3>]]></text>
      </BalloonStyle>
    </Style>
    <Style id="poly-C2185B-1200-66-nodesc-highlight">
      <LineStyle>
        <color>ff5b18c2</color>
        <width>1.8</width>
      </LineStyle>
      <PolyStyle>
        <color>425b18c2</color>
        <fill>1</fill>
        <outline>1</outline>
      </PolyStyle>
      <BalloonStyle>
        <text><![CDATA[<h3>$[name]</h3>]]></text>
      </BalloonStyle>
    </Style>
    <StyleMap id="poly-C2185B-1200-66-nodesc">
      <Pair>
        <key>normal</key>
        <styleUrl>#poly-C2185B-1200-66-nodesc-normal</styleUrl>
      </Pair>
      <Pair>
        <key>highlight</key>
        <styleUrl>#poly-C2185B-1200-66-nodesc-highlight</styleUrl>
      </Pair>
    </StyleMap>
    <Style id="poly-C2185B-1200-74-nodesc-normal">
      <LineStyle>
        <color>ff5b18c2</color>
        <width>1.2</width>
      </LineStyle>
      <PolyStyle>
        <color>4a5b18c2</color>
        <fill>1</fill>
        <outline>1</outline>
      </PolyStyle>
      <BalloonStyle>
        <text><![CDATA[<h3>$[name]</h3>]]></text>
      </BalloonStyle>
    </Style>
    <Style id="poly-C2185B-1200-74-nodesc-highlight">
      <LineStyle>
        <color>ff5b18c2</color>
        <width>1.8</width>
      </LineStyle>
      <PolyStyle>
        <color>4a5b18c2</color>
        <fill>1</fill>
        <outline>1</outline>
      </PolyStyle>
      <BalloonStyle>
        <text><![CDATA[<h3>$[name]</h3>]]></text>
      </BalloonStyle>
    </Style>
    <StyleMap id="poly-C2185B-1200-74-nodesc">
      <Pair>
        <key>normal</key>
        <styleUrl>#poly-C2185B-1200-74-nodesc-normal</styleUrl>
      </Pair>
      <Pair>
        <key>highlight</key>
        <styleUrl>#poly-C2185B-1200-74-nodesc-highlight</styleUrl>
      </Pair>
    </StyleMap>
    <Style id="poly-C2185B-1200-76-normal">
      <LineStyle>
        <color>ff5b18c2</color>
        <width>1.2</width>
      </LineStyle>
      <PolyStyle>
        <color>4c5b18c2</color>
        <fill>1</fill>
        <outline>1</outline>
      </PolyStyle>
    </Style>
    <Style id="poly-C2185B-1200-76-highlight">
      <LineStyle>
        <color>ff5b18c2</color>
        <width>1.8</width>
      </LineStyle>
      <PolyStyle>
        <color>4c5b18c2</color>
        <fill>1</fill>
        <outline>1</outline>
      </PolyStyle>
    </Style>
    <StyleMap id="poly-C2185B-1200-76">
      <Pair>
        <key>normal</key>
        <styleUrl>#poly-C2185B-1200-76-normal</styleUrl>
      </Pair>
      <Pair>
        <key>highlight</key>
        <styleUrl>#poly-C2185B-1200-76-highlight</styleUrl>
      </Pair>
    </StyleMap>
    <Style id="poly-C2185B-1200-77-nodesc-normal">
      <LineStyle>
        <color>ff5b18c2</color>
        <width>1.2</width>
      </LineStyle>
      <PolyStyle>
        <color>4d5b18c2</color>
        <fill>1</fill>
        <outline>1</outline>
      </PolyStyle>
      <BalloonStyle>
        <text><![CDATA[<h3>$[name]</h3>]]></text>
      </BalloonStyle>
    </Style>
    <Style id="poly-C2185B-1200-77-nodesc-highlight">
      <LineStyle>
        <color>ff5b18c2</color>
        <width>1.8</width>
      </LineStyle>
      <PolyStyle>
        <color>4d5b18c2</color>
        <fill>1</fill>
        <outline>1</outline>
      </PolyStyle>
      <BalloonStyle>
        <text><![CDATA[<h3>$[name]</h3>]]></text>
      </BalloonStyle>
    </Style>
    <StyleMap id="poly-C2185B-1200-77-nodesc">
      <Pair>
        <key>normal</key>
        <styleUrl>#poly-C2185B-1200-77-nodesc-normal</styleUrl>
      </Pair>
      <Pair>
        <key>highlight</key>
        <styleUrl>#poly-C2185B-1200-77-nodesc-highlight</styleUrl>
      </Pair>
    </StyleMap>
    <Style id="poly-C2185B-1200-79-nodesc-normal">
      <LineStyle>
        <color>ff5b18c2</color>
        <width>1.2</width>
      </LineStyle>
      <PolyStyle>
        <color>4f5b18c2</color>
        <fill>1</fill>
        <outline>1</outline>
      </PolyStyle>
      <BalloonStyle>
        <text><![CDATA[<h3>$[name]</h3>]]></text>
      </BalloonStyle>
    </Style>
    <Style id="poly-C2185B-1200-79-nodesc-highlight">
      <LineStyle>
        <color>ff5b18c2</color>
        <width>1.8</width>
      </LineStyle>
      <PolyStyle>
        <color>4f5b18c2</color>
        <fill>1</fill>
        <outline>1</outline>
      </PolyStyle>
      <BalloonStyle>
        <text><![CDATA[<h3>$[name]</h3>]]></text>
      </BalloonStyle>
    </Style>
    <StyleMap id="poly-C2185B-1200-79-nodesc">
      <Pair>
        <key>normal</key>
        <styleUrl>#poly-C2185B-1200-79-nodesc-normal</styleUrl>
      </Pair>
      <Pair>
        <key>highlight</key>
        <styleUrl>#poly-C2185B-1200-79-nodesc-highlight</styleUrl>
      </Pair>
    </StyleMap>
    <Style id="poly-C2185B-1200-82-nodesc-normal">
      <LineStyle>
        <color>ff5b18c2</color>
        <width>1.2</width>
      </LineStyle>
      <PolyStyle>
        <color>525b18c2</color>
        <fill>1</fill>
        <outline>1</outline>
      </PolyStyle>
      <BalloonStyle>
        <text><![CDATA[<h3>$[name]</h3>]]></text>
      </BalloonStyle>
    </Style>
    <Style id="poly-C2185B-1200-82-nodesc-highlight">
      <LineStyle>
        <color>ff5b18c2</color>
        <width>1.8</width>
      </LineStyle>
      <PolyStyle>
        <color>525b18c2</color>
        <fill>1</fill>
        <outline>1</outline>
      </PolyStyle>
      <BalloonStyle>
        <text><![CDATA[<h3>$[name]</h3>]]></text>
      </BalloonStyle>
    </Style>
    <StyleMap id="poly-C2185B-1200-82-nodesc">
      <Pair>
        <key>normal</key>
        <styleUrl>#poly-C2185B-1200-82-nodesc-normal</styleUrl>
      </Pair>
      <Pair>
        <key>highlight</key>
        <styleUrl>#poly-C2185B-1200-82-nodesc-highlight</styleUrl>
      </Pair>
    </StyleMap>
    <Style id="poly-CE93D8-1200-61-nodesc-normal">
      <LineStyle>
        <color>ffd893ce</color>
        <width>1.2</width>
      </LineStyle>
      <PolyStyle>
        <color>3dd893ce</color>
        <fill>1</fill>
        <outline>1</outline>
      </PolyStyle>
      <BalloonStyle>
        <text><![CDATA[<h3>$[name]</h3>]]></text>
      </BalloonStyle>
    </Style>
    <Style id="poly-CE93D8-1200-61-nodesc-highlight">
      <LineStyle>
        <color>ffd893ce</color>
        <width>1.8</width>
      </LineStyle>
      <PolyStyle>
        <color>3dd893ce</color>
        <fill>1</fill>
        <outline>1</outline>
      </PolyStyle>
      <BalloonStyle>
        <text><![CDATA[<h3>$[name]</h3>]]></text>
      </BalloonStyle>
    </Style>
    <StyleMap id="poly-CE93D8-1200-61-nodesc">
      <Pair>
        <key>normal</key>
        <styleUrl>#poly-CE93D8-1200-61-nodesc-normal</styleUrl>
      </Pair>
      <Pair>
        <key>highlight</key>
        <styleUrl>#poly-CE93D8-1200-61-nodesc-highlight</styleUrl>
      </Pair>
    </StyleMap>
    <Style id="poly-CE93D8-1200-71-nodesc-normal">
      <LineStyle>
        <color>ffd893ce</color>
        <width>1.2</width>
      </LineStyle>
      <PolyStyle>
        <color>47d893ce</color>
        <fill>1</fill>
        <outline>1</outline>
      </PolyStyle>
      <BalloonStyle>
        <text><![CDATA[<h3>$[name]</h3>]]></text>
      </BalloonStyle>
    </Style>
    <Style id="poly-CE93D8-1200-71-nodesc-highlight">
      <LineStyle>
        <color>ffd893ce</color>
        <width>1.8</width>
      </LineStyle>
      <PolyStyle>
        <color>47d893ce</color>
        <fill>1</fill>
        <outline>1</outline>
      </PolyStyle>
      <BalloonStyle>
        <text><![CDATA[<h3>$[name]</h3>]]></text>
      </BalloonStyle>
    </Style>
    <StyleMap id="poly-CE93D8-1200-71-nodesc">
      <Pair>
        <key>normal</key>
        <styleUrl>#poly-CE93D8-1200-71-nodesc-normal</styleUrl>
      </Pair>
      <Pair>
        <key>highlight</key>
        <styleUrl>#poly-CE93D8-1200-71-nodesc-highlight</styleUrl>
      </Pair>
    </StyleMap>
    <Style id="poly-CE93D8-1200-77-nodesc-normal">
      <LineStyle>
        <color>ffd893ce</color>
        <width>1.2</width>
      </LineStyle>
      <PolyStyle>
        <color>4dd893ce</color>
        <fill>1</fill>
        <outline>1</outline>
      </PolyStyle>
      <BalloonStyle>
        <text><![CDATA[<h3>$[name]</h3>]]></text>
      </BalloonStyle>
    </Style>
    <Style id="poly-CE93D8-1200-77-nodesc-highlight">
      <LineStyle>
        <color>ffd893ce</color>
        <width>1.8</width>
      </LineStyle>
      <PolyStyle>
        <color>4dd893ce</color>
        <fill>1</fill>
        <outline>1</outline>
      </PolyStyle>
      <BalloonStyle>
        <text><![CDATA[<h3>$[name]</h3>]]></text>
      </BalloonStyle>
    </Style>
    <StyleMap id="poly-CE93D8-1200-77-nodesc">
      <Pair>
        <key>normal</key>
        <styleUrl>#poly-CE93D8-1200-77-nodesc-normal</styleUrl>
      </Pair>
      <Pair>
        <key>highlight</key>
        <styleUrl>#poly-CE93D8-1200-77-nodesc-highlight</styleUrl>
      </Pair>
    </StyleMap>
    <Style id="poly-CE93D8-1200-79-nodesc-normal">
      <LineStyle>
        <color>ffd893ce</color>
        <width>1.2</width>
      </LineStyle>
      <PolyStyle>
        <color>4fd893ce</color>
        <fill>1</fill>
        <outline>1</outline>
      </PolyStyle>
      <BalloonStyle>
        <text><![CDATA[<h3>$[name]</h3>]]></text>
      </BalloonStyle>
    </Style>
    <Style id="poly-CE93D8-1200-79-nodesc-highlight">
      <LineStyle>
        <color>ffd893ce</color>
        <width>1.8</width>
      </LineStyle>
      <PolyStyle>
        <color>4fd893ce</color>
        <fill>1</fill>
        <outline>1</outline>
      </PolyStyle>
      <BalloonStyle>
        <text><![CDATA[<h3>$[name]</h3>]]></text>
      </BalloonStyle>
    </Style>
    <StyleMap id="poly-CE93D8-1200-79-nodesc">
      <Pair>
        <key>normal</key>
        <styleUrl>#poly-CE93D8-1200-79-nodesc-normal</styleUrl>
      </Pair>
      <Pair>
        <key>highlight</key>
        <styleUrl>#poly-CE93D8-1200-79-nodesc-highlight</styleUrl>
      </Pair>
    </StyleMap>
    <Style id="poly-E65100-1200-66-nodesc-normal">
      <LineStyle>
        <color>ff0051e6</color>
        <width>1.2</width>
      </LineStyle>
      <PolyStyle>
        <color>420051e6</color>
        <fill>1</fill>
        <outline>1</outline>
      </PolyStyle>
      <BalloonStyle>
        <text><![CDATA[<h3>$[name]</h3>]]></text>
      </BalloonStyle>
    </Style>
    <Style id="poly-E65100-1200-66-nodesc-highlight">
      <LineStyle>
        <color>ff0051e6</color>
        <width>1.8</width>
      </LineStyle>
      <PolyStyle>
        <color>420051e6</color>
        <fill>1</fill>
        <outline>1</outline>
      </PolyStyle>
      <BalloonStyle>
        <text><![CDATA[<h3>$[name]</h3>]]></text>
      </BalloonStyle>
    </Style>
    <StyleMap id="poly-E65100-1200-66-nodesc">
      <Pair>
        <key>normal</key>
        <styleUrl>#poly-E65100-1200-66-nodesc-normal</styleUrl>
      </Pair>
      <Pair>
        <key>highlight</key>
        <styleUrl>#poly-E65100-1200-66-nodesc-highlight</styleUrl>
      </Pair>
    </StyleMap>
    <Style id="poly-E65100-1200-77-nodesc-normal">
      <LineStyle>
        <color>ff0051e6</color>
        <width>1.2</width>
      </LineStyle>
      <PolyStyle>
        <color>4d0051e6</color>
        <fill>1</fill>
        <outline>1</outline>
      </PolyStyle>
      <BalloonStyle>
        <text><![CDATA[<h3>$[name]</h3>]]></text>
      </BalloonStyle>
    </Style>
    <Style id="poly-E65100-1200-77-nodesc-highlight">
      <LineStyle>
        <color>ff0051e6</color>
        <width>1.8</width>
      </LineStyle>
      <PolyStyle>
        <color>4d0051e6</color>
        <fill>1</fill>
        <outline>1</outline>
      </PolyStyle>
      <BalloonStyle>
        <text><![CDATA[<h3>$[name]</h3>]]></text>
      </BalloonStyle>
    </Style>
    <StyleMap id="poly-E65100-1200-77-nodesc">
      <Pair>
        <key>normal</key>
        <styleUrl>#poly-E65100-1200-77-nodesc-normal</styleUrl>
      </Pair>
      <Pair>
        <key>highlight</key>
        <styleUrl>#poly-E65100-1200-77-nodesc-highlight</styleUrl>
      </Pair>
    </StyleMap>
    <Style id="poly-E65100-1200-79-nodesc-normal">
      <LineStyle>
        <color>ff0051e6</color>
        <width>1.2</width>
      </LineStyle>
      <PolyStyle>
        <color>4f0051e6</color>
        <fill>1</fill>
        <outline>1</outline>
      </PolyStyle>
      <BalloonStyle>
        <text><![CDATA[<h3>$[name]</h3>]]></text>
      </BalloonStyle>
    </Style>
    <Style id="poly-E65100-1200-79-nodesc-highlight">
      <LineStyle>
        <color>ff0051e6</color>
        <width>1.8</width>
      </LineStyle>
      <PolyStyle>
        <color>4f0051e6</color>
        <fill>1</fill>
        <outline>1</outline>
      </PolyStyle>
      <BalloonStyle>
        <text><![CDATA[<h3>$[name]</h3>]]></text>
      </BalloonStyle>
    </Style>
    <StyleMap id="poly-E65100-1200-79-nodesc">
      <Pair>
        <key>normal</key>
        <styleUrl>#poly-E65100-1200-79-nodesc-normal</styleUrl>
      </Pair>
      <Pair>
        <key>highlight</key>
        <styleUrl>#poly-E65100-1200-79-nodesc-highlight</styleUrl>
      </Pair>
    </StyleMap>
    <Style id="poly-E65100-1200-82-nodesc-normal">
      <LineStyle>
        <color>ff0051e6</color>
        <width>1.2</width>
      </LineStyle>
      <PolyStyle>
        <color>520051e6</color>
        <fill>1</fill>
        <outline>1</outline>
      </PolyStyle>
      <BalloonStyle>
        <text><![CDATA[<h3>$[name]</h3>]]></text>
      </BalloonStyle>
    </Style>
    <Style id="poly-E65100-1200-82-nodesc-highlight">
      <LineStyle>
        <color>ff0051e6</color>
        <width>1.8</width>
      </LineStyle>
      <PolyStyle>
        <color>520051e6</color>
        <fill>1</fill>
        <outline>1</outline>
      </PolyStyle>
      <BalloonStyle>
        <text><![CDATA[<h3>$[name]</h3>]]></text>
      </BalloonStyle>
    </Style>
    <StyleMap id="poly-E65100-1200-82-nodesc">
      <Pair>
        <key>normal</key>
        <styleUrl>#poly-E65100-1200-82-nodesc-normal</styleUrl>
      </Pair>
      <Pair>
        <key>highlight</key>
        <styleUrl>#poly-E65100-1200-82-nodesc-highlight</styleUrl>
      </Pair>
    </StyleMap>
    <Style id="poly-E65100-1200-87-nodesc-normal">
      <LineStyle>
        <color>ff0051e6</color>
        <width>1.2</width>
      </LineStyle>
      <PolyStyle>
        <color>570051e6</color>
        <fill>1</fill>
        <outline>1</outline>
      </PolyStyle>
      <BalloonStyle>
        <text><![CDATA[<h3>$[name]</h3>]]></text>
      </BalloonStyle>
    </Style>
    <Style id="poly-E65100-1200-87-nodesc-highlight">
      <LineStyle>
        <color>ff0051e6</color>
        <width>1.8</width>
      </LineStyle>
      <PolyStyle>
        <color>570051e6</color>
        <fill>1</fill>
        <outline>1</outline>
      </PolyStyle>
      <BalloonStyle>
        <text><![CDATA[<h3>$[name]</h3>]]></text>
      </BalloonStyle>
    </Style>
    <StyleMap id="poly-E65100-1200-87-nodesc">
      <Pair>
        <key>normal</key>
        <styleUrl>#poly-E65100-1200-87-nodesc-normal</styleUrl>
      </Pair>
      <Pair>
        <key>highlight</key>
        <styleUrl>#poly-E65100-1200-87-nodesc-highlight</styleUrl>
      </Pair>
    </StyleMap>
    <Style id="poly-EDA29B-1200-74-nodesc-normal">
      <LineStyle>
        <color>ff9ba2ed</color>
        <width>1.2</width>
      </LineStyle>
      <PolyStyle>
        <color>4a9ba2ed</color>
        <fill>1</fill>
        <outline>1</outline>
      </PolyStyle>
      <BalloonStyle>
        <text><![CDATA[<h3>$[name]</h3>]]></text>
      </BalloonStyle>
    </Style>
    <Style id="poly-EDA29B-1200-74-nodesc-highlight">
      <LineStyle>
        <color>ff9ba2ed</color>
        <width>1.8</width>
      </LineStyle>
      <PolyStyle>
        <color>4a9ba2ed</color>
        <fill>1</fill>
        <outline>1</outline>
      </PolyStyle>
      <BalloonStyle>
        <text><![CDATA[<h3>$[name]</h3>]]></text>
      </BalloonStyle>
    </Style>
    <StyleMap id="poly-EDA29B-1200-74-nodesc">
      <Pair>
        <key>normal</key>
        <styleUrl>#poly-EDA29B-1200-74-nodesc-normal</styleUrl>
      </Pair>
      <Pair>
        <key>highlight</key>
        <styleUrl>#poly-EDA29B-1200-74-nodesc-highlight</styleUrl>
      </Pair>
    </StyleMap>
    <Style id="poly-EDA29B-1200-79-nodesc-normal">
      <LineStyle>
        <color>ff9ba2ed</color>
        <width>1.2</width>
      </LineStyle>
      <PolyStyle>
        <color>4f9ba2ed</color>
        <fill>1</fill>
        <outline>1</outline>
      </PolyStyle>
      <BalloonStyle>
        <text><![CDATA[<h3>$[name]</h3>]]></text>
      </BalloonStyle>
    </Style>
    <Style id="poly-EDA29B-1200-79-nodesc-highlight">
      <LineStyle>
        <color>ff9ba2ed</color>
        <width>1.8</width>
      </LineStyle>
      <PolyStyle>
        <color>4f9ba2ed</color>
        <fill>1</fill>
        <outline>1</outline>
      </PolyStyle>
      <BalloonStyle>
        <text><![CDATA[<h3>$[name]</h3>]]></text>
      </BalloonStyle>
    </Style>
    <StyleMap id="poly-EDA29B-1200-79-nodesc">
      <Pair>
        <key>normal</key>
        <styleUrl>#poly-EDA29B-1200-79-nodesc-normal</styleUrl>
      </Pair>
      <Pair>
        <key>highlight</key>
        <styleUrl>#poly-EDA29B-1200-79-nodesc-highlight</styleUrl>
      </Pair>
    </StyleMap>
    <Style id="poly-F48FB1-1200-69-nodesc-normal">
      <LineStyle>
        <color>ffb18ff4</color>
        <width>1.2</width>
      </LineStyle>
      <PolyStyle>
        <color>45b18ff4</color>
        <fill>1</fill>
        <outline>1</outline>
      </PolyStyle>
      <BalloonStyle>
        <text><![CDATA[<h3>$[name]</h3>]]></text>
      </BalloonStyle>
    </Style>
    <Style id="poly-F48FB1-1200-69-nodesc-highlight">
      <LineStyle>
        <color>ffb18ff4</color>
        <width>1.8</width>
      </LineStyle>
      <PolyStyle>
        <color>45b18ff4</color>
        <fill>1</fill>
        <outline>1</outline>
      </PolyStyle>
      <BalloonStyle>
        <text><![CDATA[<h3>$[name]</h3>]]></text>
      </BalloonStyle>
    </Style>
    <StyleMap id="poly-F48FB1-1200-69-nodesc">
      <Pair>
        <key>normal</key>
        <styleUrl>#poly-F48FB1-1200-69-nodesc-normal</styleUrl>
      </Pair>
      <Pair>
        <key>highlight</key>
        <styleUrl>#poly-F48FB1-1200-69-nodesc-highlight</styleUrl>
      </Pair>
    </StyleMap>
    <Style id="poly-F48FB1-1200-74-nodesc-normal">
      <LineStyle>
        <color>ffb18ff4</color>
        <width>1.2</width>
      </LineStyle>
      <PolyStyle>
        <color>4ab18ff4</color>
        <fill>1</fill>
        <outline>1</outline>
      </PolyStyle>
      <BalloonStyle>
        <text><![CDATA[<h3>$[name]</h3>]]></text>
      </BalloonStyle>
    </Style>
    <Style id="poly-F48FB1-1200-74-nodesc-highlight">
      <LineStyle>
        <color>ffb18ff4</color>
        <width>1.8</width>
      </LineStyle>
      <PolyStyle>
        <color>4ab18ff4</color>
        <fill>1</fill>
        <outline>1</outline>
      </PolyStyle>
      <BalloonStyle>
        <text><![CDATA[<h3>$[name]</h3>]]></text>
      </BalloonStyle>
    </Style>
    <StyleMap id="poly-F48FB1-1200-74-nodesc">
      <Pair>
        <key>normal</key>
        <styleUrl>#poly-F48FB1-1200-74-nodesc-normal</styleUrl>
      </Pair>
      <Pair>
        <key>highlight</key>
        <styleUrl>#poly-F48FB1-1200-74-nodesc-highlight</styleUrl>
      </Pair>
    </StyleMap>
    <Style id="poly-F48FB1-1200-77-nodesc-normal">
      <LineStyle>
        <color>ffb18ff4</color>
        <width>1.2</width>
      </LineStyle>
      <PolyStyle>
        <color>4db18ff4</color>
        <fill>1</fill>
        <outline>1</outline>
      </PolyStyle>
      <BalloonStyle>
        <text><![CDATA[<h3>$[name]</h3>]]></text>
      </BalloonStyle>
    </Style>
    <Style id="poly-F48FB1-1200-77-nodesc-highlight">
      <LineStyle>
        <color>ffb18ff4</color>
        <width>1.8</width>
      </LineStyle>
      <PolyStyle>
        <color>4db18ff4</color>
        <fill>1</fill>
        <outline>1</outline>
      </PolyStyle>
      <BalloonStyle>
        <text><![CDATA[<h3>$[name]</h3>]]></text>
      </BalloonStyle>
    </Style>
    <StyleMap id="poly-F48FB1-1200-77-nodesc">
      <Pair>
        <key>normal</key>
        <styleUrl>#poly-F48FB1-1200-77-nodesc-normal</styleUrl>
      </Pair>
      <Pair>
        <key>highlight</key>
        <styleUrl>#poly-F48FB1-1200-77-nodesc-highlight</styleUrl>
      </Pair>
    </StyleMap>
    <Style id="poly-F57C00-1200-74-nodesc-normal">
      <LineStyle>
        <color>ff007cf5</color>
        <width>1.2</width>
      </LineStyle>
      <PolyStyle>
        <color>4a007cf5</color>
        <fill>1</fill>
        <outline>1</outline>
      </PolyStyle>
      <BalloonStyle>
        <text><![CDATA[<h3>$[name]</h3>]]></text>
      </BalloonStyle>
    </Style>
    <Style id="poly-F57C00-1200-74-nodesc-highlight">
      <LineStyle>
        <color>ff007cf5</color>
        <width>1.8</width>
      </LineStyle>
      <PolyStyle>
        <color>4a007cf5</color>
        <fill>1</fill>
        <outline>1</outline>
      </PolyStyle>
      <BalloonStyle>
        <text><![CDATA[<h3>$[name]</h3>]]></text>
      </BalloonStyle>
    </Style>
    <StyleMap id="poly-F57C00-1200-74-nodesc">
      <Pair>
        <key>normal</key>
        <styleUrl>#poly-F57C00-1200-74-nodesc-normal</styleUrl>
      </Pair>
      <Pair>
        <key>highlight</key>
        <styleUrl>#poly-F57C00-1200-74-nodesc-highlight</styleUrl>
      </Pair>
    </StyleMap>
    <Style id="poly-F57C00-1200-77-nodesc-normal">
      <LineStyle>
        <color>ff007cf5</color>
        <width>1.2</width>
      </LineStyle>
      <PolyStyle>
        <color>4d007cf5</color>
        <fill>1</fill>
        <outline>1</outline>
      </PolyStyle>
      <BalloonStyle>
        <text><![CDATA[<h3>$[name]</h3>]]></text>
      </BalloonStyle>
    </Style>
    <Style id="poly-F57C00-1200-77-nodesc-highlight">
      <LineStyle>
        <color>ff007cf5</color>
        <width>1.8</width>
      </LineStyle>
      <PolyStyle>
        <color>4d007cf5</color>
        <fill>1</fill>
        <outline>1</outline>
      </PolyStyle>
      <BalloonStyle>
        <text><![CDATA[<h3>$[name]</h3>]]></text>
      </BalloonStyle>
    </Style>
    <StyleMap id="poly-F57C00-1200-77-nodesc">
      <Pair>
        <key>normal</key>
        <styleUrl>#poly-F57C00-1200-77-nodesc-normal</styleUrl>
      </Pair>
      <Pair>
        <key>highlight</key>
        <styleUrl>#poly-F57C00-1200-77-nodesc-highlight</styleUrl>
      </Pair>
    </StyleMap>
    <Style id="poly-F57C00-1200-82-nodesc-normal">
      <LineStyle>
        <color>ff007cf5</color>
        <width>1.2</width>
      </LineStyle>
      <PolyStyle>
        <color>52007cf5</color>
        <fill>1</fill>
        <outline>1</outline>
      </PolyStyle>
      <BalloonStyle>
        <text><![CDATA[<h3>$[name]</h3>]]></text>
      </BalloonStyle>
    </Style>
    <Style id="poly-F57C00-1200-82-nodesc-highlight">
      <LineStyle>
        <color>ff007cf5</color>
        <width>1.8</width>
      </LineStyle>
      <PolyStyle>
        <color>52007cf5</color>
        <fill>1</fill>
        <outline>1</outline>
      </PolyStyle>
      <BalloonStyle>
        <text><![CDATA[<h3>$[name]</h3>]]></text>
      </BalloonStyle>
    </Style>
    <StyleMap id="poly-F57C00-1200-82-nodesc">
      <Pair>
        <key>normal</key>
        <styleUrl>#poly-F57C00-1200-82-nodesc-normal</styleUrl>
      </Pair>
      <Pair>
        <key>highlight</key>
        <styleUrl>#poly-F57C00-1200-82-nodesc-highlight</styleUrl>
      </Pair>
    </StyleMap>
    <Style id="poly-F57C00-1200-89-nodesc-normal">
      <LineStyle>
        <color>ff007cf5</color>
        <width>1.2</width>
      </LineStyle>
      <PolyStyle>
        <color>59007cf5</color>
        <fill>1</fill>
        <outline>1</outline>
      </PolyStyle>
      <BalloonStyle>
        <text><![CDATA[<h3>$[name]</h3>]]></text>
      </BalloonStyle>
    </Style>
    <Style id="poly-F57C00-1200-89-nodesc-highlight">
      <LineStyle>
        <color>ff007cf5</color>
        <width>1.8</width>
      </LineStyle>
      <PolyStyle>
        <color>59007cf5</color>
        <fill>1</fill>
        <outline>1</outline>
      </PolyStyle>
      <BalloonStyle>
        <text><![CDATA[<h3>$[name]</h3>]]></text>
      </BalloonStyle>
    </Style>
    <StyleMap id="poly-F57C00-1200-89-nodesc">
      <Pair>
        <key>normal</key>
        <styleUrl>#poly-F57C00-1200-89-nodesc-normal</styleUrl>
      </Pair>
      <Pair>
        <key>highlight</key>
        <styleUrl>#poly-F57C00-1200-89-nodesc-highlight</styleUrl>
      </Pair>
    </StyleMap>
    <Style id="poly-F9A825-1200-69-nodesc-normal">
      <LineStyle>
        <color>ff25a8f9</color>
        <width>1.2</width>
      </LineStyle>
      <PolyStyle>
        <color>4525a8f9</color>
        <fill>1</fill>
        <outline>1</outline>
      </PolyStyle>
      <BalloonStyle>
        <text><![CDATA[<h3>$[name]</h3>]]></text>
      </BalloonStyle>
    </Style>
    <Style id="poly-F9A825-1200-69-nodesc-highlight">
      <LineStyle>
        <color>ff25a8f9</color>
        <width>1.8</width>
      </LineStyle>
      <PolyStyle>
        <color>4525a8f9</color>
        <fill>1</fill>
        <outline>1</outline>
      </PolyStyle>
      <BalloonStyle>
        <text><![CDATA[<h3>$[name]</h3>]]></text>
      </BalloonStyle>
    </Style>
    <StyleMap id="poly-F9A825-1200-69-nodesc">
      <Pair>
        <key>normal</key>
        <styleUrl>#poly-F9A825-1200-69-nodesc-normal</styleUrl>
      </Pair>
      <Pair>
        <key>highlight</key>
        <styleUrl>#poly-F9A825-1200-69-nodesc-highlight</styleUrl>
      </Pair>
    </StyleMap>
    <Style id="poly-F9A825-1200-71-nodesc-normal">
      <LineStyle>
        <color>ff25a8f9</color>
        <width>1.2</width>
      </LineStyle>
      <PolyStyle>
        <color>4725a8f9</color>
        <fill>1</fill>
        <outline>1</outline>
      </PolyStyle>
      <BalloonStyle>
        <text><![CDATA[<h3>$[name]</h3>]]></text>
      </BalloonStyle>
    </Style>
    <Style id="poly-F9A825-1200-71-nodesc-highlight">
      <LineStyle>
        <color>ff25a8f9</color>
        <width>1.8</width>
      </LineStyle>
      <PolyStyle>
        <color>4725a8f9</color>
        <fill>1</fill>
        <outline>1</outline>
      </PolyStyle>
      <BalloonStyle>
        <text><![CDATA[<h3>$[name]</h3>]]></text>
      </BalloonStyle>
    </Style>
    <StyleMap id="poly-F9A825-1200-71-nodesc">
      <Pair>
        <key>normal</key>
        <styleUrl>#poly-F9A825-1200-71-nodesc-normal</styleUrl>
      </Pair>
      <Pair>
        <key>highlight</key>
        <styleUrl>#poly-F9A825-1200-71-nodesc-highlight</styleUrl>
      </Pair>
    </StyleMap>
    <Style id="poly-F9A825-1200-74-nodesc-normal">
      <LineStyle>
        <color>ff25a8f9</color>
        <width>1.2</width>
      </LineStyle>
      <PolyStyle>
        <color>4a25a8f9</color>
        <fill>1</fill>
        <outline>1</outline>
      </PolyStyle>
      <BalloonStyle>
        <text><![CDATA[<h3>$[name]</h3>]]></text>
      </BalloonStyle>
    </Style>
    <Style id="poly-F9A825-1200-74-nodesc-highlight">
      <LineStyle>
        <color>ff25a8f9</color>
        <width>1.8</width>
      </LineStyle>
      <PolyStyle>
        <color>4a25a8f9</color>
        <fill>1</fill>
        <outline>1</outline>
      </PolyStyle>
      <BalloonStyle>
        <text><![CDATA[<h3>$[name]</h3>]]></text>
      </BalloonStyle>
    </Style>
    <StyleMap id="poly-F9A825-1200-74-nodesc">
      <Pair>
        <key>normal</key>
        <styleUrl>#poly-F9A825-1200-74-nodesc-normal</styleUrl>
      </Pair>
      <Pair>
        <key>highlight</key>
        <styleUrl>#poly-F9A825-1200-74-nodesc-highlight</styleUrl>
      </Pair>
    </StyleMap>
    <Style id="poly-F9A825-1200-76-normal">
      <LineStyle>
        <color>ff25a8f9</color>
        <width>1.2</width>
      </LineStyle>
      <PolyStyle>
        <color>4c25a8f9</color>
        <fill>1</fill>
        <outline>1</outline>
      </PolyStyle>
    </Style>
    <Style id="poly-F9A825-1200-76-highlight">
      <LineStyle>
        <color>ff25a8f9</color>
        <width>1.8</width>
      </LineStyle>
      <PolyStyle>
        <color>4c25a8f9</color>
        <fill>1</fill>
        <outline>1</outline>
      </PolyStyle>
    </Style>
    <StyleMap id="poly-F9A825-1200-76">
      <Pair>
        <key>normal</key>
        <styleUrl>#poly-F9A825-1200-76-normal</styleUrl>
      </Pair>
      <Pair>
        <key>highlight</key>
        <styleUrl>#poly-F9A825-1200-76-highlight</styleUrl>
      </Pair>
    </StyleMap>
    <Style id="poly-F9A825-1200-77-nodesc-normal">
      <LineStyle>
        <color>ff25a8f9</color>
        <width>1.2</width>
      </LineStyle>
      <PolyStyle>
        <color>4d25a8f9</color>
        <fill>1</fill>
        <outline>1</outline>
      </PolyStyle>
      <BalloonStyle>
        <text><![CDATA[<h3>$[name]</h3>]]></text>
      </BalloonStyle>
    </Style>
    <Style id="poly-F9A825-1200-77-nodesc-highlight">
      <LineStyle>
        <color>ff25a8f9</color>
        <width>1.8</width>
      </LineStyle>
      <PolyStyle>
        <color>4d25a8f9</color>
        <fill>1</fill>
        <outline>1</outline>
      </PolyStyle>
      <BalloonStyle>
        <text><![CDATA[<h3>$[name]</h3>]]></text>
      </BalloonStyle>
    </Style>
    <StyleMap id="poly-F9A825-1200-77-nodesc">
      <Pair>
        <key>normal</key>
        <styleUrl>#poly-F9A825-1200-77-nodesc-normal</styleUrl>
      </Pair>
      <Pair>
        <key>highlight</key>
        <styleUrl>#poly-F9A825-1200-77-nodesc-highlight</styleUrl>
      </Pair>
    </StyleMap>
    <Style id="poly-F9A825-1200-79-nodesc-normal">
      <LineStyle>
        <color>ff25a8f9</color>
        <width>1.2</width>
      </LineStyle>
      <PolyStyle>
        <color>4f25a8f9</color>
        <fill>1</fill>
        <outline>1</outline>
      </PolyStyle>
      <BalloonStyle>
        <text><![CDATA[<h3>$[name]</h3>]]></text>
      </BalloonStyle>
    </Style>
    <Style id="poly-F9A825-1200-79-nodesc-highlight">
      <LineStyle>
        <color>ff25a8f9</color>
        <width>1.8</width>
      </LineStyle>
      <PolyStyle>
        <color>4f25a8f9</color>
        <fill>1</fill>
        <outline>1</outline>
      </PolyStyle>
      <BalloonStyle>
        <text><![CDATA[<h3>$[name]</h3>]]></text>
      </BalloonStyle>
    </Style>
    <StyleMap id="poly-F9A825-1200-79-nodesc">
      <Pair>
        <key>normal</key>
        <styleUrl>#poly-F9A825-1200-79-nodesc-normal</styleUrl>
      </Pair>
      <Pair>
        <key>highlight</key>
        <styleUrl>#poly-F9A825-1200-79-nodesc-highlight</styleUrl>
      </Pair>
    </StyleMap>
    <Style id="poly-F9A825-1200-82-nodesc-normal">
      <LineStyle>
        <color>ff25a8f9</color>
        <width>1.2</width>
      </LineStyle>
      <PolyStyle>
        <color>5225a8f9</color>
        <fill>1</fill>
        <outline>1</outline>
      </PolyStyle>
      <BalloonStyle>
        <text><![CDATA[<h3>$[name]</h3>]]></text>
      </BalloonStyle>
    </Style>
    <Style id="poly-F9A825-1200-82-nodesc-highlight">
      <LineStyle>
        <color>ff25a8f9</color>
        <width>1.8</width>
      </LineStyle>
      <PolyStyle>
        <color>5225a8f9</color>
        <fill>1</fill>
        <outline>1</outline>
      </PolyStyle>
      <BalloonStyle>
        <text><![CDATA[<h3>$[name]</h3>]]></text>
      </BalloonStyle>
    </Style>
    <StyleMap id="poly-F9A825-1200-82-nodesc">
      <Pair>
        <key>normal</key>
        <styleUrl>#poly-F9A825-1200-82-nodesc-normal</styleUrl>
      </Pair>
      <Pair>
        <key>highlight</key>
        <styleUrl>#poly-F9A825-1200-82-nodesc-highlight</styleUrl>
      </Pair>
    </StyleMap>
    <Style id="poly-FADA80-1200-79-nodesc-normal">
      <LineStyle>
        <color>ff80dafa</color>
        <width>1.2</width>
      </LineStyle>
      <PolyStyle>
        <color>4f80dafa</color>
        <fill>1</fill>
        <outline>1</outline>
      </PolyStyle>
      <BalloonStyle>
        <text><![CDATA[<h3>$[name]</h3>]]></text>
      </BalloonStyle>
    </Style>
    <Style id="poly-FADA80-1200-79-nodesc-highlight">
      <LineStyle>
        <color>ff80dafa</color>
        <width>1.8</width>
      </LineStyle>
      <PolyStyle>
        <color>4f80dafa</color>
        <fill>1</fill>
        <outline>1</outline>
      </PolyStyle>
      <BalloonStyle>
        <text><![CDATA[<h3>$[name]</h3>]]></text>
      </BalloonStyle>
    </Style>
    <StyleMap id="poly-FADA80-1200-79-nodesc">
      <Pair>
        <key>normal</key>
        <styleUrl>#poly-FADA80-1200-79-nodesc-normal</styleUrl>
      </Pair>
      <Pair>
        <key>highlight</key>
        <styleUrl>#poly-FADA80-1200-79-nodesc-highlight</styleUrl>
      </Pair>
    </StyleMap>
    <Style id="poly-FADA80-1200-84-nodesc-normal">
      <LineStyle>
        <color>ff80dafa</color>
        <width>1.2</width>
      </LineStyle>
      <PolyStyle>
        <color>5480dafa</color>
        <fill>1</fill>
        <outline>1</outline>
      </PolyStyle>
      <BalloonStyle>
        <text><![CDATA[<h3>$[name]</h3>]]></text>
      </BalloonStyle>
    </Style>
    <Style id="poly-FADA80-1200-84-nodesc-highlight">
      <LineStyle>
        <color>ff80dafa</color>
        <width>1.8</width>
      </LineStyle>
      <PolyStyle>
        <color>5480dafa</color>
        <fill>1</fill>
        <outline>1</outline>
      </PolyStyle>
      <BalloonStyle>
        <text><![CDATA[<h3>$[name]</h3>]]></text>
      </BalloonStyle>
    </Style>
    <StyleMap id="poly-FADA80-1200-84-nodesc">
      <Pair>
        <key>normal</key>
        <styleUrl>#poly-FADA80-1200-84-nodesc-normal</styleUrl>
      </Pair>
      <Pair>
        <key>highlight</key>
        <styleUrl>#poly-FADA80-1200-84-nodesc-highlight</styleUrl>
      </Pair>
    </StyleMap>
    <Style id="poly-FBC02D-1200-71-nodesc-normal">
      <LineStyle>
        <color>ff2dc0fb</color>
        <width>1.2</width>
      </LineStyle>
      <PolyStyle>
        <color>472dc0fb</color>
        <fill>1</fill>
        <outline>1</outline>
      </PolyStyle>
      <BalloonStyle>
        <text><![CDATA[<h3>$[name]</h3>]]></text>
      </BalloonStyle>
    </Style>
    <Style id="poly-FBC02D-1200-71-nodesc-highlight">
      <LineStyle>
        <color>ff2dc0fb</color>
        <width>1.8</width>
      </LineStyle>
      <PolyStyle>
        <color>472dc0fb</color>
        <fill>1</fill>
        <outline>1</outline>
      </PolyStyle>
      <BalloonStyle>
        <text><![CDATA[<h3>$[name]</h3>]]></text>
      </BalloonStyle>
    </Style>
    <StyleMap id="poly-FBC02D-1200-71-nodesc">
      <Pair>
        <key>normal</key>
        <styleUrl>#poly-FBC02D-1200-71-nodesc-normal</styleUrl>
      </Pair>
      <Pair>
        <key>highlight</key>
        <styleUrl>#poly-FBC02D-1200-71-nodesc-highlight</styleUrl>
      </Pair>
    </StyleMap>
    <Style id="poly-FBC02D-1200-74-nodesc-normal">
      <LineStyle>
        <color>ff2dc0fb</color>
        <width>1.2</width>
      </LineStyle>
      <PolyStyle>
        <color>4a2dc0fb</color>
        <fill>1</fill>
        <outline>1</outline>
      </PolyStyle>
      <BalloonStyle>
        <text><![CDATA[<h3>$[name]</h3>]]></text>
      </BalloonStyle>
    </Style>
    <Style id="poly-FBC02D-1200-74-nodesc-highlight">
      <LineStyle>
        <color>ff2dc0fb</color>
        <width>1.8</width>
      </LineStyle>
      <PolyStyle>
        <color>4a2dc0fb</color>
        <fill>1</fill>
        <outline>1</outline>
      </PolyStyle>
      <BalloonStyle>
        <text><![CDATA[<h3>$[name]</h3>]]></text>
      </BalloonStyle>
    </Style>
    <StyleMap id="poly-FBC02D-1200-74-nodesc">
      <Pair>
        <key>normal</key>
        <styleUrl>#poly-FBC02D-1200-74-nodesc-normal</styleUrl>
      </Pair>
      <Pair>
        <key>highlight</key>
        <styleUrl>#poly-FBC02D-1200-74-nodesc-highlight</styleUrl>
      </Pair>
    </StyleMap>
    <Style id="poly-FBC02D-1200-77-nodesc-normal">
      <LineStyle>
        <color>ff2dc0fb</color>
        <width>1.2</width>
      </LineStyle>
      <PolyStyle>
        <color>4d2dc0fb</color>
        <fill>1</fill>
        <outline>1</outline>
      </PolyStyle>
      <BalloonStyle>
        <text><![CDATA[<h3>$[name]</h3>]]></text>
      </BalloonStyle>
    </Style>
    <Style id="poly-FBC02D-1200-77-nodesc-highlight">
      <LineStyle>
        <color>ff2dc0fb</color>
        <width>1.8</width>
      </LineStyle>
      <PolyStyle>
        <color>4d2dc0fb</color>
        <fill>1</fill>
        <outline>1</outline>
      </PolyStyle>
      <BalloonStyle>
        <text><![CDATA[<h3>$[name]</h3>]]></text>
      </BalloonStyle>
    </Style>
    <StyleMap id="poly-FBC02D-1200-77-nodesc">
      <Pair>
        <key>normal</key>
        <styleUrl>#poly-FBC02D-1200-77-nodesc-normal</styleUrl>
      </Pair>
      <Pair>
        <key>highlight</key>
        <styleUrl>#poly-FBC02D-1200-77-nodesc-highlight</styleUrl>
      </Pair>
    </StyleMap>
    <Style id="poly-FBC02D-1200-79-nodesc-normal">
      <LineStyle>
        <color>ff2dc0fb</color>
        <width>1.2</width>
      </LineStyle>
      <PolyStyle>
        <color>4f2dc0fb</color>
        <fill>1</fill>
        <outline>1</outline>
      </PolyStyle>
      <BalloonStyle>
        <text><![CDATA[<h3>$[name]</h3>]]></text>
      </BalloonStyle>
    </Style>
    <Style id="poly-FBC02D-1200-79-nodesc-highlight">
      <LineStyle>
        <color>ff2dc0fb</color>
        <width>1.8</width>
      </LineStyle>
      <PolyStyle>
        <color>4f2dc0fb</color>
        <fill>1</fill>
        <outline>1</outline>
      </PolyStyle>
      <BalloonStyle>
        <text><![CDATA[<h3>$[name]</h3>]]></text>
      </BalloonStyle>
    </Style>
    <StyleMap id="poly-FBC02D-1200-79-nodesc">
      <Pair>
        <key>normal</key>
        <styleUrl>#poly-FBC02D-1200-79-nodesc-normal</styleUrl>
      </Pair>
      <Pair>
        <key>highlight</key>
        <styleUrl>#poly-FBC02D-1200-79-nodesc-highlight</styleUrl>
      </Pair>
    </StyleMap>
    <Style id="poly-FF5252-1200-71-nodesc-normal">
      <LineStyle>
        <color>ff5252ff</color>
        <width>1.2</width>
      </LineStyle>
      <PolyStyle>
        <color>475252ff</color>
        <fill>1</fill>
        <outline>1</outline>
      </PolyStyle>
      <BalloonStyle>
        <text><![CDATA[<h3>$[name]</h3>]]></text>
      </BalloonStyle>
    </Style>
    <Style id="poly-FF5252-1200-71-nodesc-highlight">
      <LineStyle>
        <color>ff5252ff</color>
        <width>1.8</width>
      </LineStyle>
      <PolyStyle>
        <color>475252ff</color>
        <fill>1</fill>
        <outline>1</outline>
      </PolyStyle>
      <BalloonStyle>
        <text><![CDATA[<h3>$[name]</h3>]]></text>
      </BalloonStyle>
    </Style>
    <StyleMap id="poly-FF5252-1200-71-nodesc">
      <Pair>
        <key>normal</key>
        <styleUrl>#poly-FF5252-1200-71-nodesc-normal</styleUrl>
      </Pair>
      <Pair>
        <key>highlight</key>
        <styleUrl>#poly-FF5252-1200-71-nodesc-highlight</styleUrl>
      </Pair>
    </StyleMap>
    <Style id="poly-FF5252-1200-77-nodesc-normal">
      <LineStyle>
        <color>ff5252ff</color>
        <width>1.2</width>
      </LineStyle>
      <PolyStyle>
        <color>4d5252ff</color>
        <fill>1</fill>
        <outline>1</outline>
      </PolyStyle>
      <BalloonStyle>
        <text><![CDATA[<h3>$[name]</h3>]]></text>
      </BalloonStyle>
    </Style>
    <Style id="poly-FF5252-1200-77-nodesc-highlight">
      <LineStyle>
        <color>ff5252ff</color>
        <width>1.8</width>
      </LineStyle>
      <PolyStyle>
        <color>4d5252ff</color>
        <fill>1</fill>
        <outline>1</outline>
      </PolyStyle>
      <BalloonStyle>
        <text><![CDATA[<h3>$[name]</h3>]]></text>
      </BalloonStyle>
    </Style>
    <StyleMap id="poly-FF5252-1200-77-nodesc">
      <Pair>
        <key>normal</key>
        <styleUrl>#poly-FF5252-1200-77-nodesc-normal</styleUrl>
      </Pair>
      <Pair>
        <key>highlight</key>
        <styleUrl>#poly-FF5252-1200-77-nodesc-highlight</styleUrl>
      </Pair>
    </StyleMap>
    <Style id="poly-FF5252-1200-79-nodesc-normal">
      <LineStyle>
        <color>ff5252ff</color>
        <width>1.2</width>
      </LineStyle>
      <PolyStyle>
        <color>4f5252ff</color>
        <fill>1</fill>
        <outline>1</outline>
      </PolyStyle>
      <BalloonStyle>
        <text><![CDATA[<h3>$[name]</h3>]]></text>
      </BalloonStyle>
    </Style>
    <Style id="poly-FF5252-1200-79-nodesc-highlight">
      <LineStyle>
        <color>ff5252ff</color>
        <width>1.8</width>
      </LineStyle>
      <PolyStyle>
        <color>4f5252ff</color>
        <fill>1</fill>
        <outline>1</outline>
      </PolyStyle>
      <BalloonStyle>
        <text><![CDATA[<h3>$[name]</h3>]]></text>
      </BalloonStyle>
    </Style>
    <StyleMap id="poly-FF5252-1200-79-nodesc">
      <Pair>
        <key>normal</key>
        <styleUrl>#poly-FF5252-1200-79-nodesc-normal</styleUrl>
      </Pair>
      <Pair>
        <key>highlight</key>
        <styleUrl>#poly-FF5252-1200-79-nodesc-highlight</styleUrl>
      </Pair>
    </StyleMap>
    <Style id="poly-FF5252-1200-82-nodesc-normal">
      <LineStyle>
        <color>ff5252ff</color>
        <width>1.2</width>
      </LineStyle>
      <PolyStyle>
        <color>525252ff</color>
        <fill>1</fill>
        <outline>1</outline>
      </PolyStyle>
      <BalloonStyle>
        <text><![CDATA[<h3>$[name]</h3>]]></text>
      </BalloonStyle>
    </Style>
    <Style id="poly-FF5252-1200-82-nodesc-highlight">
      <LineStyle>
        <color>ff5252ff</color>
        <width>1.8</width>
      </LineStyle>
      <PolyStyle>
        <color>525252ff</color>
        <fill>1</fill>
        <outline>1</outline>
      </PolyStyle>
      <BalloonStyle>
        <text><![CDATA[<h3>$[name]</h3>]]></text>
      </BalloonStyle>
    </Style>
    <StyleMap id="poly-FF5252-1200-82-nodesc">
      <Pair>
        <key>normal</key>
        <styleUrl>#poly-FF5252-1200-82-nodesc-normal</styleUrl>
      </Pair>
      <Pair>
        <key>highlight</key>
        <styleUrl>#poly-FF5252-1200-82-nodesc-highlight</styleUrl>
      </Pair>
    </StyleMap>
    <Style id="poly-FFCC80-1200-74-nodesc-normal">
      <LineStyle>
        <color>ff80ccff</color>
        <width>1.2</width>
      </LineStyle>
      <PolyStyle>
        <color>4a80ccff</color>
        <fill>1</fill>
        <outline>1</outline>
      </PolyStyle>
      <BalloonStyle>
        <text><![CDATA[<h3>$[name]</h3>]]></text>
      </BalloonStyle>
    </Style>
    <Style id="poly-FFCC80-1200-74-nodesc-highlight">
      <LineStyle>
        <color>ff80ccff</color>
        <width>1.8</width>
      </LineStyle>
      <PolyStyle>
        <color>4a80ccff</color>
        <fill>1</fill>
        <outline>1</outline>
      </PolyStyle>
      <BalloonStyle>
        <text><![CDATA[<h3>$[name]</h3>]]></text>
      </BalloonStyle>
    </Style>
    <StyleMap id="poly-FFCC80-1200-74-nodesc">
      <Pair>
        <key>normal</key>
        <styleUrl>#poly-FFCC80-1200-74-nodesc-normal</styleUrl>
      </Pair>
      <Pair>
        <key>highlight</key>
        <styleUrl>#poly-FFCC80-1200-74-nodesc-highlight</styleUrl>
      </Pair>
    </StyleMap>
    <Style id="poly-FFCC80-1200-79-nodesc-normal">
      <LineStyle>
        <color>ff80ccff</color>
        <width>1.2</width>
      </LineStyle>
      <PolyStyle>
        <color>4f80ccff</color>
        <fill>1</fill>
        <outline>1</outline>
      </PolyStyle>
      <BalloonStyle>
        <text><![CDATA[<h3>$[name]</h3>]]></text>
      </BalloonStyle>
    </Style>
    <Style id="poly-FFCC80-1200-79-nodesc-highlight">
      <LineStyle>
        <color>ff80ccff</color>
        <width>1.8</width>
      </LineStyle>
      <PolyStyle>
        <color>4f80ccff</color>
        <fill>1</fill>
        <outline>1</outline>
      </PolyStyle>
      <BalloonStyle>
        <text><![CDATA[<h3>$[name]</h3>]]></text>
      </BalloonStyle>
    </Style>
    <StyleMap id="poly-FFCC80-1200-79-nodesc">
      <Pair>
        <key>normal</key>
        <styleUrl>#poly-FFCC80-1200-79-nodesc-normal</styleUrl>
      </Pair>
      <Pair>
        <key>highlight</key>
        <styleUrl>#poly-FFCC80-1200-79-nodesc-highlight</styleUrl>
      </Pair>
    </StyleMap>
    <Style id="poly-FFD600-1200-71-nodesc-normal">
      <LineStyle>
        <color>ff00d6ff</color>
        <width>1.2</width>
      </LineStyle>
      <PolyStyle>
        <color>4700d6ff</color>
        <fill>1</fill>
        <outline>1</outline>
      </PolyStyle>
      <BalloonStyle>
        <text><![CDATA[<h3>$[name]</h3>]]></text>
      </BalloonStyle>
    </Style>
    <Style id="poly-FFD600-1200-71-nodesc-highlight">
      <LineStyle>
        <color>ff00d6ff</color>
        <width>1.8</width>
      </LineStyle>
      <PolyStyle>
        <color>4700d6ff</color>
        <fill>1</fill>
        <outline>1</outline>
      </PolyStyle>
      <BalloonStyle>
        <text><![CDATA[<h3>$[name]</h3>]]></text>
      </BalloonStyle>
    </Style>
    <StyleMap id="poly-FFD600-1200-71-nodesc">
      <Pair>
        <key>normal</key>
        <styleUrl>#poly-FFD600-1200-71-nodesc-normal</styleUrl>
      </Pair>
      <Pair>
        <key>highlight</key>
        <styleUrl>#poly-FFD600-1200-71-nodesc-highlight</styleUrl>
      </Pair>
    </StyleMap>
    <Style id="poly-FFD600-1200-74-nodesc-normal">
      <LineStyle>
        <color>ff00d6ff</color>
        <width>1.2</width>
      </LineStyle>
      <PolyStyle>
        <color>4a00d6ff</color>
        <fill>1</fill>
        <outline>1</outline>
      </PolyStyle>
      <BalloonStyle>
        <text><![CDATA[<h3>$[name]</h3>]]></text>
      </BalloonStyle>
    </Style>
    <Style id="poly-FFD600-1200-74-nodesc-highlight">
      <LineStyle>
        <color>ff00d6ff</color>
        <width>1.8</width>
      </LineStyle>
      <PolyStyle>
        <color>4a00d6ff</color>
        <fill>1</fill>
        <outline>1</outline>
      </PolyStyle>
      <BalloonStyle>
        <text><![CDATA[<h3>$[name]</h3>]]></text>
      </BalloonStyle>
    </Style>
    <StyleMap id="poly-FFD600-1200-74-nodesc">
      <Pair>
        <key>normal</key>
        <styleUrl>#poly-FFD600-1200-74-nodesc-normal</styleUrl>
      </Pair>
      <Pair>
        <key>highlight</key>
        <styleUrl>#poly-FFD600-1200-74-nodesc-highlight</styleUrl>
      </Pair>
    </StyleMap>
    <Style id="poly-FFD600-1200-77-nodesc-normal">
      <LineStyle>
        <color>ff00d6ff</color>
        <width>1.2</width>
      </LineStyle>
      <PolyStyle>
        <color>4d00d6ff</color>
        <fill>1</fill>
        <outline>1</outline>
      </PolyStyle>
      <BalloonStyle>
        <text><![CDATA[<h3>$[name]</h3>]]></text>
      </BalloonStyle>
    </Style>
    <Style id="poly-FFD600-1200-77-nodesc-highlight">
      <LineStyle>
        <color>ff00d6ff</color>
        <width>1.8</width>
      </LineStyle>
      <PolyStyle>
        <color>4d00d6ff</color>
        <fill>1</fill>
        <outline>1</outline>
      </PolyStyle>
      <BalloonStyle>
        <text><![CDATA[<h3>$[name]</h3>]]></text>
      </BalloonStyle>
    </Style>
    <StyleMap id="poly-FFD600-1200-77-nodesc">
      <Pair>
        <key>normal</key>
        <styleUrl>#poly-FFD600-1200-77-nodesc-normal</styleUrl>
      </Pair>
      <Pair>
        <key>highlight</key>
        <styleUrl>#poly-FFD600-1200-77-nodesc-highlight</styleUrl>
      </Pair>
    </StyleMap>
    <Style id="poly-FFD600-1200-87-nodesc-normal">
      <LineStyle>
        <color>ff00d6ff</color>
        <width>1.2</width>
      </LineStyle>
      <PolyStyle>
        <color>5700d6ff</color>
        <fill>1</fill>
        <outline>1</outline>
      </PolyStyle>
      <BalloonStyle>
        <text><![CDATA[<h3>$[name]</h3>]]></text>
      </BalloonStyle>
    </Style>
    <Style id="poly-FFD600-1200-87-nodesc-highlight">
      <LineStyle>
        <color>ff00d6ff</color>
        <width>1.8</width>
      </LineStyle>
      <PolyStyle>
        <color>5700d6ff</color>
        <fill>1</fill>
        <outline>1</outline>
      </PolyStyle>
      <BalloonStyle>
        <text><![CDATA[<h3>$[name]</h3>]]></text>
      </BalloonStyle>
    </Style>
    <StyleMap id="poly-FFD600-1200-87-nodesc">
      <Pair>
        <key>normal</key>
        <styleUrl>#poly-FFD600-1200-87-nodesc-normal</styleUrl>
      </Pair>
      <Pair>
        <key>highlight</key>
        <styleUrl>#poly-FFD600-1200-87-nodesc-highlight</styleUrl>
      </Pair>
    </StyleMap>
    <Style id="poly-FFEA00-1200-74-nodesc-normal">
      <LineStyle>
        <color>ff00eaff</color>
        <width>1.2</width>
      </LineStyle>
      <PolyStyle>
        <color>4a00eaff</color>
        <fill>1</fill>
        <outline>1</outline>
      </PolyStyle>
      <BalloonStyle>
        <text><![CDATA[<h3>$[name]</h3>]]></text>
      </BalloonStyle>
    </Style>
    <Style id="poly-FFEA00-1200-74-nodesc-highlight">
      <LineStyle>
        <color>ff00eaff</color>
        <width>1.8</width>
      </LineStyle>
      <PolyStyle>
        <color>4a00eaff</color>
        <fill>1</fill>
        <outline>1</outline>
      </PolyStyle>
      <BalloonStyle>
        <text><![CDATA[<h3>$[name]</h3>]]></text>
      </BalloonStyle>
    </Style>
    <StyleMap id="poly-FFEA00-1200-74-nodesc">
      <Pair>
        <key>normal</key>
        <styleUrl>#poly-FFEA00-1200-74-nodesc-normal</styleUrl>
      </Pair>
      <Pair>
        <key>highlight</key>
        <styleUrl>#poly-FFEA00-1200-74-nodesc-highlight</styleUrl>
      </Pair>
    </StyleMap>
    <Style id="poly-FFEA00-1200-76-normal">
      <LineStyle>
        <color>ff00eaff</color>
        <width>1.2</width>
      </LineStyle>
      <PolyStyle>
        <color>4c00eaff</color>
        <fill>1</fill>
        <outline>1</outline>
      </PolyStyle>
    </Style>
    <Style id="poly-FFEA00-1200-76-highlight">
      <LineStyle>
        <color>ff00eaff</color>
        <width>1.8</width>
      </LineStyle>
      <PolyStyle>
        <color>4c00eaff</color>
        <fill>1</fill>
        <outline>1</outline>
      </PolyStyle>
    </Style>
    <StyleMap id="poly-FFEA00-1200-76">
      <Pair>
        <key>normal</key>
        <styleUrl>#poly-FFEA00-1200-76-normal</styleUrl>
      </Pair>
      <Pair>
        <key>highlight</key>
        <styleUrl>#poly-FFEA00-1200-76-highlight</styleUrl>
      </Pair>
    </StyleMap>
    <Style id="poly-FFEA00-1200-77-nodesc-normal">
      <LineStyle>
        <color>ff00eaff</color>
        <width>1.2</width>
      </LineStyle>
      <PolyStyle>
        <color>4d00eaff</color>
        <fill>1</fill>
        <outline>1</outline>
      </PolyStyle>
      <BalloonStyle>
        <text><![CDATA[<h3>$[name]</h3>]]></text>
      </BalloonStyle>
    </Style>
    <Style id="poly-FFEA00-1200-77-nodesc-highlight">
      <LineStyle>
        <color>ff00eaff</color>
        <width>1.8</width>
      </LineStyle>
      <PolyStyle>
        <color>4d00eaff</color>
        <fill>1</fill>
        <outline>1</outline>
      </PolyStyle>
      <BalloonStyle>
        <text><![CDATA[<h3>$[name]</h3>]]></text>
      </BalloonStyle>
    </Style>
    <StyleMap id="poly-FFEA00-1200-77-nodesc">
      <Pair>
        <key>normal</key>
        <styleUrl>#poly-FFEA00-1200-77-nodesc-normal</styleUrl>
      </Pair>
      <Pair>
        <key>highlight</key>
        <styleUrl>#poly-FFEA00-1200-77-nodesc-highlight</styleUrl>
      </Pair>
    </StyleMap>
    <Style id="poly-FFEA00-1200-79-nodesc-normal">
      <LineStyle>
        <color>ff00eaff</color>
        <width>1.2</width>
      </LineStyle>
      <PolyStyle>
        <color>4f00eaff</color>
        <fill>1</fill>
        <outline>1</outline>
      </PolyStyle>
      <BalloonStyle>
        <text><![CDATA[<h3>$[name]</h3>]]></text>
      </BalloonStyle>
    </Style>
    <Style id="poly-FFEA00-1200-79-nodesc-highlight">
      <LineStyle>
        <color>ff00eaff</color>
        <width>1.8</width>
      </LineStyle>
      <PolyStyle>
        <color>4f00eaff</color>
        <fill>1</fill>
        <outline>1</outline>
      </PolyStyle>
      <BalloonStyle>
        <text><![CDATA[<h3>$[name]</h3>]]></text>
      </BalloonStyle>
    </Style>
    <StyleMap id="poly-FFEA00-1200-79-nodesc">
      <Pair>
        <key>normal</key>
        <styleUrl>#poly-FFEA00-1200-79-nodesc-normal</styleUrl>
      </Pair>
      <Pair>
        <key>highlight</key>
        <styleUrl>#poly-FFEA00-1200-79-nodesc-highlight</styleUrl>
      </Pair>
    </StyleMap>
    <Style id="poly-FFEA00-1200-87-nodesc-normal">
      <LineStyle>
        <color>ff00eaff</color>
        <width>1.2</width>
      </LineStyle>
      <PolyStyle>
        <color>5700eaff</color>
        <fill>1</fill>
        <outline>1</outline>
      </PolyStyle>
      <BalloonStyle>
        <text><![CDATA[<h3>$[name]</h3>]]></text>
      </BalloonStyle>
    </Style>
    <Style id="poly-FFEA00-1200-87-nodesc-highlight">
      <LineStyle>
        <color>ff00eaff</color>
        <width>1.8</width>
      </LineStyle>
      <PolyStyle>
        <color>5700eaff</color>
        <fill>1</fill>
        <outline>1</outline>
      </PolyStyle>
      <BalloonStyle>
        <text><![CDATA[<h3>$[name]</h3>]]></text>
      </BalloonStyle>
    </Style>
    <StyleMap id="poly-FFEA00-1200-87-nodesc">
      <Pair>
        <key>normal</key>
        <styleUrl>#poly-FFEA00-1200-87-nodesc-normal</styleUrl>
      </Pair>
      <Pair>
        <key>highlight</key>
        <styleUrl>#poly-FFEA00-1200-87-nodesc-highlight</styleUrl>
      </Pair>
    </StyleMap>
    <Style id="poly-FFEA00-1200-89-nodesc-normal">
      <LineStyle>
        <color>ff00eaff</color>
        <width>1.2</width>
      </LineStyle>
      <PolyStyle>
        <color>5900eaff</color>
        <fill>1</fill>
        <outline>1</outline>
      </PolyStyle>
      <BalloonStyle>
        <text><![CDATA[<h3>$[name]</h3>]]></text>
      </BalloonStyle>
    </Style>
    <Style id="poly-FFEA00-1200-89-nodesc-highlight">
      <LineStyle>
        <color>ff00eaff</color>
        <width>1.8</width>
      </LineStyle>
      <PolyStyle>
        <color>5900eaff</color>
        <fill>1</fill>
        <outline>1</outline>
      </PolyStyle>
      <BalloonStyle>
        <text><![CDATA[<h3>$[name]</h3>]]></text>
      </BalloonStyle>
    </Style>
    <StyleMap id="poly-FFEA00-1200-89-nodesc">
      <Pair>
        <key>normal</key>
        <styleUrl>#poly-FFEA00-1200-89-nodesc-normal</styleUrl>
      </Pair>
      <Pair>
        <key>highlight</key>
        <styleUrl>#poly-FFEA00-1200-89-nodesc-highlight</styleUrl>
      </Pair>
    </StyleMap>
    <Style id="poly-FFFF8D-1200-77-nodesc-normal">
      <LineStyle>
        <color>ff8dffff</color>
        <width>1.2</width>
      </LineStyle>
      <PolyStyle>
        <color>4d8dffff</color>
        <fill>1</fill>
        <outline>1</outline>
      </PolyStyle>
      <BalloonStyle>
        <text><![CDATA[<h3>$[name]</h3>]]></text>
      </BalloonStyle>
    </Style>
    <Style id="poly-FFFF8D-1200-77-nodesc-highlight">
      <LineStyle>
        <color>ff8dffff</color>
        <width>1.8</width>
      </LineStyle>
      <PolyStyle>
        <color>4d8dffff</color>
        <fill>1</fill>
        <outline>1</outline>
      </PolyStyle>
      <BalloonStyle>
        <text><![CDATA[<h3>$[name]</h3>]]></text>
      </BalloonStyle>
    </Style>
    <StyleMap id="poly-FFFF8D-1200-77-nodesc">
      <Pair>
        <key>normal</key>
        <styleUrl>#poly-FFFF8D-1200-77-nodesc-normal</styleUrl>
      </Pair>
      <Pair>
        <key>highlight</key>
        <styleUrl>#poly-FFFF8D-1200-77-nodesc-highlight</styleUrl>
      </Pair>
    </StyleMap>
    <Folder>
      <name>Neighbourhoods</name>
      <Placemark>
        <name>Agincourt</name>
        <styleUrl>#poly-880E4F-1200-77-nodesc</styleUrl>
        <Polygon>
          <outerBoundaryIs>
            <LinearRing>
              <tessellate>1</tessellate>
              <coordinates>
                -79.3004836,43.8090197,0
                -79.2976512,43.8024847,0
                -79.2963208,43.800998,0
                -79.2953338,43.7995422,0
                -79.289626,43.7862215,0
                -79.2878236,43.7824106,0
                -79.2846049,43.7748501,0
                -79.2768802,43.7767403,0
                -79.2547358,43.7811093,0
                -79.2573537,43.7876157,0
                -79.2584266,43.788638,0
                -79.2588557,43.7897223,0
                -79.2603148,43.7933469,0
                -79.2548217,43.795949,0
                -79.2419042,43.8020511,0
                -79.2430629,43.804467,0
                -79.2439641,43.8066969,0
                -79.2431487,43.8102895,0
                -79.2426766,43.8115282,0
                -79.2431916,43.8131076,0
                -79.2577399,43.8098869,0
                -79.2613877,43.8179693,0
                -79.2746057,43.8153682,0
                -79.28306,43.8133553,0
                -79.3006553,43.8095152,0
                -79.3004836,43.8090197,0
              </coordinates>
            </LinearRing>
          </outerBoundaryIs>
        </Polygon>
      </Placemark>
      <Placemark>
        <name>Alderwood</name>
        <styleUrl>#poly-A52714-1200-79-nodesc</styleUrl>
        <Polygon>
          <outerBoundaryIs>
            <LinearRing>
              <tessellate>1</tessellate>
              <coordinates>
                -79.5597226,43.6049785,0
                -79.5587355,43.6042949,0
                -79.5579201,43.6033937,0
                -79.5563323,43.60271,0
                -79.5557744,43.5998819,0
                -79.554916,43.5994469,0
                -79.5537144,43.598732,0
                -79.5536715,43.5976443,0
                -79.5539719,43.5959349,0
                -79.5533282,43.5954687,0
                -79.5492941,43.5953444,0
                -79.5485646,43.5947538,0
                -79.5486504,43.5935417,0
                -79.5498091,43.5921741,0
                -79.5495087,43.5904956,0
                -79.5485646,43.5901848,0
                -79.5421273,43.5936349,0
                -79.5308405,43.5992915,0
                -79.5262486,43.6015601,0
                -79.5250899,43.6038598,0
                -79.5251757,43.6048853,0
                -79.5267636,43.6088007,0
                -79.5295102,43.6151083,0
                -79.5547873,43.6094222,0
                -79.5597226,43.6049785,0
              </coordinates>
            </LinearRing>
          </outerBoundaryIs>
        </Polygon>
      </Placemark>
      <Placemark>
        <name>Alexandra Park</name>
        <styleUrl>#poly-E65100-1200-87-nodesc</styleUrl>
        <Polygon>
          <outerBoundaryIs>
            <LinearRing>
              <tessellate>1</tessellate>
              <coordinates>
                -79.4060417,43.6523306,0
                -79.4039603,43.6471759,0
                -79.3963214,43.6487751,0
                -79.3980595,43.6529516,0
                -79.4038316,43.651694,0
                -79.4047757,43.6520822,0
                -79.4055482,43.6524392,0
                -79.4060417,43.6523306,0
              </coordinates>
            </LinearRing>
          </outerBoundaryIs>
        </Polygon>
      </Placemark>
      <Placemark>
        <name>Brookhaven</name>
        <styleUrl>#poly-F9A825-1200-69-nodesc</styleUrl>
        <Polygon>
          <outerBoundaryIs>
            <LinearRing>
              <tessellate>1</tessellate>
              <coordinates>
                -79.5060962,43.7116292,0
                -79.5045942,43.7057661,0
                -79.5017188,43.6946587,0
                -79.4812482,43.6846044,0
                -79.4829219,43.6884215,0
                -79.484424,43.6920211,0
                -79.484896,43.6933399,0
                -79.4851106,43.693914,0
                -79.4860976,43.6947207,0
                -79.4881576,43.7001661,0
                -79.4891232,43.701888,0
                -79.4941658,43.705006,0
                -79.4959575,43.706503,0
                -79.4994229,43.708752,0
                -79.5020407,43.7104504,0
                -79.5045727,43.711288,0
                -79.5060962,43.7116292,0
              </coordinates>
            </LinearRing>
          </outerBoundaryIs>
        </Polygon>
      </Placemark>
      <Placemark>
        <name>Armour Heights</name>
        <styleUrl>#poly-F57C00-1200-82-nodesc</styleUrl>
        <Polygon>
          <outerBoundaryIs>
            <LinearRing>
              <tessellate>1</tessellate>
              <coordinates>
                -79.4373729,43.7507042,0
                -79.4358279,43.7446899,0
                -79.4341113,43.7372176,0
                -79.4304206,43.7378378,0
                -79.4272449,43.7386129,0
                -79.4206359,43.7401632,0
                -79.4137911,43.7416981,0
                -79.4087913,43.7434497,0
                -79.4085552,43.7444729,0
                -79.4097139,43.7458215,0
                -79.4106366,43.746178,0
                -79.4107225,43.7466741,0
                -79.4102718,43.7470771,0
                -79.4099071,43.7500067,0
                -79.4111731,43.7515412,0
                -79.4117524,43.7518047,0
                -79.4125034,43.7516807,0
                -79.4142415,43.7515877,0
                -79.4151427,43.7519597,0
                -79.4156262,43.7517856,0
                -79.4160768,43.7510881,0
                -79.4161841,43.7504836,0
                -79.4178793,43.7496931,0
                -79.4193169,43.7497086,0
                -79.4201752,43.7492745,0
                -79.4215056,43.7494761,0
                -79.4225785,43.7498016,0
                -79.4228789,43.7506541,0
                -79.423823,43.7517391,0
                -79.4257328,43.7529015,0
                -79.4262263,43.7524831,0
                -79.4272348,43.7520956,0
                -79.4278571,43.7520026,0
                -79.4286295,43.7521266,0
                -79.4302389,43.7511346,0
                -79.4318482,43.7514446,0
                -79.4327709,43.7513206,0
                -79.4336936,43.7507626,0
                -79.4354745,43.7507471,0
                -79.4368049,43.7506696,0
                -79.4373729,43.7507042,0
              </coordinates>
            </LinearRing>
          </outerBoundaryIs>
        </Polygon>
      </Placemark>
      <Placemark>
        <name>Baby Point</name>
        <styleUrl>#poly-817717-1200-71-nodesc</styleUrl>
        <Polygon>
          <outerBoundaryIs>
            <LinearRing>
              <tessellate>1</tessellate>
              <coordinates>
                -79.4948661,43.6594025,0
                -79.4949573,43.6591464,0
                -79.4964379,43.6588049,0
                -79.4993132,43.658246,0
                -79.5002144,43.6569575,0
                -79.5017808,43.6558552,0
                -79.5026606,43.6550014,0
                -79.5030039,43.6538525,0
                -79.5027464,43.6529987,0
                -79.5019954,43.6525639,0
                -79.5006007,43.6522379,0
                -79.4979399,43.6519895,0
                -79.4964057,43.6537749,0
                -79.495821,43.6538525,0
                -79.4956922,43.6541863,0
                -79.4951021,43.6549859,0
                -79.4947266,43.6551566,0
                -79.4937288,43.6552537,0
                -79.4934123,43.6553934,0
                -79.4929671,43.6557155,0
                -79.4924575,43.655929,0
                -79.492023,43.6557388,0
                -79.4899201,43.6561813,0
                -79.4886648,43.6568022,0
                -79.4876778,43.6571904,0
                -79.4890725,43.6604115,0
                -79.492613,43.6596431,0
                -79.4948661,43.6594025,0
              </coordinates>
            </LinearRing>
          </outerBoundaryIs>
        </Polygon>
      </Placemark>
      <Placemark>
        <name>Bathurst Manor</name>
        <styleUrl>#poly-558B2F-1200-71-nodesc</styleUrl>
        <Polygon>
          <outerBoundaryIs>
            <LinearRing>
              <tessellate>1</tessellate>
              <coordinates>
                -79.4561313,43.7712531,0
                -79.4669889,43.7688048,0
                -79.4651864,43.7609327,0
                -79.4646715,43.7579726,0
                -79.464135,43.7544854,0
                -79.4634269,43.7501145,0
                -79.4512818,43.7527805,0
                -79.4384502,43.7554463,0
                -79.4398664,43.7615526,0
                -79.4419692,43.7611496,0
                -79.4432996,43.7629163,0
                -79.4445012,43.7639701,0
                -79.445617,43.764528,0
                -79.4460033,43.7663565,0
                -79.4469903,43.7670383,0
                -79.4472478,43.7675962,0
                -79.4501231,43.7685879,0
                -79.4505523,43.7693627,0
                -79.4512389,43.7694556,0
                -79.4521402,43.7687739,0
                -79.4526981,43.7694556,0
                -79.4552301,43.7694247,0
                -79.4555734,43.7699205,0
                -79.4554446,43.7707262,0
                -79.4561313,43.7712531,0
              </coordinates>
            </LinearRing>
          </outerBoundaryIs>
        </Polygon>
      </Placemark>
      <Placemark>
        <name>Bayview Village</name>
        <styleUrl>#poly-097138-1200-71-nodesc</styleUrl>
        <Polygon>
          <outerBoundaryIs>
            <LinearRing>
              <tessellate>1</tessellate>
              <coordinates>
                -79.3871662,43.7631091,0
                -79.3824455,43.7640699,0
                -79.37309,43.7657745,0
                -79.3627045,43.7661464,0
                -79.3637344,43.7672931,0
                -79.3642494,43.7685947,0
                -79.3640778,43.7720656,0
                -79.3648502,43.7760011,0
                -79.3659231,43.7810828,0
                -79.3672106,43.7864118,0
                -79.3679401,43.7900056,0
                -79.3696138,43.7900056,0
                -79.3779394,43.7881778,0
                -79.3858788,43.7864738,0
                -79.3921873,43.7850486,0
                -79.3912861,43.7809278,0
                -79.3899128,43.7749785,0
                -79.3880674,43.7667043,0
                -79.3871662,43.7631091,0
              </coordinates>
            </LinearRing>
          </outerBoundaryIs>
        </Polygon>
      </Placemark>
      <Placemark>
        <name>Beaches</name>
        <styleUrl>#poly-006064-1200-79-nodesc</styleUrl>
        <Polygon>
          <outerBoundaryIs>
            <LinearRing>
              <tessellate>1</tessellate>
              <coordinates>
                -79.3162391,43.6654817,0
                -79.3149088,43.6622065,0
                -79.3147157,43.6612751,0
                -79.3124411,43.6586361,0
                -79.3127415,43.65727,0
                -79.3124841,43.6565558,0
                -79.3106602,43.6546463,0
                -79.3082998,43.6531093,0
                -79.3043945,43.6570216,0
                -79.3046735,43.6599245,0
                -79.3036006,43.6632465,0
                -79.2828081,43.6679186,0
                -79.2799542,43.6706038,0
                -79.2812202,43.6739562,0
                -79.2802332,43.6743132,0
                -79.2819069,43.6783792,0
                -79.2832158,43.678643,0
                -79.2839883,43.6808001,0
                -79.2881081,43.6804432,0
                -79.2928074,43.6801018,0
                -79.3006609,43.6783327,0
                -79.3042443,43.6768894,0
                -79.3058107,43.6758651,0
                -79.30845,43.6734751,0
                -79.3100808,43.6720627,0
                -79.3112181,43.6698743,0
                -79.3121407,43.6680428,0
                -79.3126343,43.6671426,0
                -79.312763,43.666382,0
                -79.3137501,43.666056,0
                -79.3162391,43.6654817,0
              </coordinates>
            </LinearRing>
          </outerBoundaryIs>
        </Polygon>
      </Placemark>
      <Placemark>
        <name>Little Portugal</name>
        <styleUrl>#poly-01579B-1200-79-nodesc</styleUrl>
        <Polygon>
          <outerBoundaryIs>
            <LinearRing>
              <tessellate>1</tessellate>
              <coordinates>
                -79.4314373,43.6496184,0
                -79.4286478,43.6422275,0
                -79.4188202,43.644184,0
                -79.4207943,43.6493544,0
                -79.4250858,43.6494631,0
                -79.4314373,43.6496184,0
              </coordinates>
            </LinearRing>
          </outerBoundaryIs>
        </Polygon>
      </Placemark>
      <Placemark>
        <name>Bedford Park</name>
        <styleUrl>#poly-1A237E-1200-56-nodesc</styleUrl>
        <Polygon>
          <outerBoundaryIs>
            <LinearRing>
              <tessellate>1</tessellate>
              <coordinates>
                -79.4196147,43.7332463,0
                -79.419148,43.7309717,0
                -79.415586,43.7222726,0
                -79.4063377,43.7242576,0
                -79.3938923,43.7268317,0
                -79.3962312,43.7326617,0
                -79.3989778,43.7321035,0
                -79.4038057,43.7311112,0
                -79.4048142,43.7354913,0
                -79.4050395,43.7363944,0
                -79.4058388,43.7362542,0
                -79.412083,43.7348743,0
                -79.4196147,43.7332463,0
              </coordinates>
            </LinearRing>
          </outerBoundaryIs>
        </Polygon>
      </Placemark>
      <Placemark>
        <name>Bendale</name>
        <styleUrl>#poly-673AB7-1200-79-nodesc</styleUrl>
        <Polygon>
          <outerBoundaryIs>
            <LinearRing>
              <tessellate>1</tessellate>
              <coordinates>
                -79.2711338,43.7680141,0
                -79.2697819,43.7638456,0
                -79.265941,43.7540354,0
                -79.2638914,43.7482578,0
                -79.2685156,43.7461884,0
                -79.2667936,43.7420804,0
                -79.2664395,43.7421192,0
                -79.2619656,43.7430958,0
                -79.2605011,43.7434524,0
                -79.2594302,43.7439474,0
                -79.2577994,43.7428002,0
                -79.2558253,43.7431413,0
                -79.2553747,43.7427847,0
                -79.2546881,43.7424437,0
                -79.2540872,43.7423042,0
                -79.2537868,43.7426452,0
                -79.2530358,43.7427537,0
                -79.2523706,43.7426917,0
                -79.251169,43.7430793,0
                -79.2498172,43.7433273,0
                -79.2490662,43.7441954,0
                -79.2480791,43.7447535,0
                -79.2477358,43.7444744,0
                -79.2468775,43.745327,0
                -79.245354,43.7458076,0
                -79.2445171,43.7457611,0
                -79.2440451,43.7453735,0
                -79.2426718,43.7453425,0
                -79.241556,43.7451255,0
                -79.2414272,43.745296,0
                -79.2402256,43.7459471,0
                -79.2399896,43.7474042,0
                -79.2396677,43.7483032,0
                -79.2392171,43.7489698,0
                -79.2386163,43.7488922,0
                -79.2387236,43.7495588,0
                -79.2384446,43.7500858,0
                -79.2384017,43.7508298,0
                -79.2378652,43.7510933,0
                -79.237758,43.7516358,0
                -79.2381871,43.7517133,0
                -79.2380584,43.7520853,0
                -79.2376078,43.7522403,0
                -79.2382729,43.7525193,0
                -79.2382515,43.7529223,0
                -79.2375648,43.7534492,0
                -79.2367065,43.7533097,0
                -79.2360199,43.7533717,0
                -79.2348612,43.7530772,0
                -79.2338312,43.7532012,0
                -79.2353118,43.756704,0
                -79.2352474,43.7576649,0
                -79.2384231,43.7657854,0
                -79.241792,43.7743232,0
                -79.251448,43.7721385,0
                -79.2711338,43.7680141,0
              </coordinates>
            </LinearRing>
          </outerBoundaryIs>
        </Polygon>
      </Placemark>
      <Placemark>
        <name>Birch Cliff</name>
        <styleUrl>#poly-4E342E-1200-74-nodesc</styleUrl>
        <Polygon>
          <outerBoundaryIs>
            <LinearRing>
              <tessellate>1</tessellate>
              <coordinates>
                -79.287599,43.6892625,0
                -79.2859253,43.6852747,0
                -79.2839883,43.6808001,0
                -79.2832158,43.678643,0
                -79.2819069,43.6783792,0
                -79.2802332,43.6743132,0
                -79.2812202,43.6739562,0
                -79.2799542,43.6706038,0
                -79.2727932,43.6736048,0
                -79.260219,43.6865161,0
                -79.2530093,43.6957633,0
                -79.2557344,43.7025892,0
                -79.2591891,43.7107017,0
                -79.261013,43.7079253,0
                -79.2655835,43.7009914,0
                -79.2676648,43.6980904,0
                -79.2695746,43.6960426,0
                -79.2719778,43.6942584,0
                -79.2759046,43.6922725,0
                -79.2801961,43.6909537,0
                -79.287599,43.6892625,0
              </coordinates>
            </LinearRing>
          </outerBoundaryIs>
        </Polygon>
      </Placemark>
      <Placemark>
        <name>Bloor West Village</name>
        <styleUrl>#poly-C2185B-1200-82-nodesc</styleUrl>
        <Polygon>
          <outerBoundaryIs>
            <LinearRing>
              <tessellate>1</tessellate>
              <coordinates>
                -79.484563,43.6493458,0
                -79.478748,43.6506034,0
                -79.4700791,43.6525829,0
                -79.4709646,43.6548043,0
                -79.4716298,43.6564965,0
                -79.4714367,43.6575017,0
                -79.4710666,43.6580179,0
                -79.4710666,43.6583051,0
                -79.4710237,43.6585224,0
                -79.471206,43.6587087,0
                -79.4711846,43.6595004,0
                -79.4711631,43.6597488,0
                -79.4722467,43.6622015,0
                -79.4737488,43.6618755,0
                -79.4748002,43.661208,0
                -79.4776863,43.6605638,0
                -79.4881683,43.6582896,0
                -79.4876778,43.6571904,0
                -79.4869882,43.6555068,0
                -79.484563,43.6493458,0
              </coordinates>
            </LinearRing>
          </outerBoundaryIs>
        </Polygon>
      </Placemark>
      <Placemark>
        <name>Bridle Path</name>
        <styleUrl>#poly-FF5252-1200-77-nodesc</styleUrl>
        <Polygon>
          <outerBoundaryIs>
            <LinearRing>
              <tessellate>1</tessellate>
              <coordinates>
                -79.3819291,43.736458,0
                -79.3811137,43.7319618,0
                -79.3813068,43.7302562,0
                -79.380191,43.7291398,0
                -79.3791396,43.7287522,0
                -79.379204,43.7292484,0
                -79.3787963,43.7296825,0
                -79.378174,43.7290778,0
                -79.3774874,43.7290778,0
                -79.3764145,43.729698,0
                -79.3759209,43.7303803,0
                -79.3752987,43.7303182,0
                -79.3738395,43.7288297,0
                -79.3737752,43.7285351,0
                -79.3743116,43.7278528,0
                -79.3733675,43.7268915,0
                -79.3723804,43.7267364,0
                -79.3719727,43.7271085,0
                -79.3725306,43.7274187,0
                -79.3723804,43.7277443,0
                -79.3707496,43.7272171,0
                -79.3707282,43.7266744,0
                -79.3694193,43.7265813,0
                -79.3680031,43.7271396,0
                -79.3674022,43.7267209,0
                -79.3671018,43.7273411,0
                -79.3666727,43.7271551,0
                -79.3665439,43.7267209,0
                -79.3657715,43.7261316,0
                -79.3657071,43.7252788,0
                -79.3649561,43.7248291,0
                -79.3642694,43.7249376,0
                -79.3545491,43.727124,0
                -79.3532187,43.7272016,0
                -79.3539268,43.7278218,0
                -79.3539912,43.7285661,0
                -79.3547208,43.7292173,0
                -79.3545706,43.7296825,0
                -79.357124,43.7299306,0
                -79.3571026,43.7308144,0
                -79.3576819,43.7307524,0
                -79.3575961,43.731233,0
                -79.3587977,43.7315431,0
                -79.3594629,43.7319153,0
                -79.3592483,43.7331556,0
                -79.3607933,43.7333572,0
                -79.3620593,43.734458,0
                -79.363218,43.7347371,0
                -79.3636901,43.7354658,0
                -79.3632609,43.7360239,0
                -79.3636472,43.7361945,0
                -79.3644411,43.7359154,0
                -79.3643553,43.7364425,0
                -79.3655569,43.7368766,0
                -79.365986,43.7366441,0
                -79.3668873,43.7366441,0
                -79.3666941,43.7370627,0
                -79.3672306,43.7370782,0
                -79.3674237,43.7368766,0
                -79.3681962,43.7372332,0
                -79.368046,43.7376828,0
                -79.3689043,43.7381789,0
                -79.3691618,43.7379619,0
                -79.3695695,43.7380239,0
                -79.369548,43.738458,0
                -79.3701703,43.73852,0
                -79.3704278,43.7391866,0
                -79.3710715,43.7390936,0
                -79.37105,43.7393727,0
                -79.3706209,43.7393882,0
                -79.3706853,43.7397137,0
                -79.3710715,43.7397292,0
                -79.37105,43.7401943,0
                -79.3706424,43.7402408,0
                -79.3706638,43.7406904,0
                -79.3708998,43.7407214,0
                -79.371329,43.7404579,0
                -79.3717582,43.7409385,0
                -79.3720156,43.7404734,0
                -79.3723161,43.7406284,0
                -79.3730456,43.7404114,0
                -79.3732816,43.7410315,0
                -79.3743545,43.7416051,0
                -79.3749124,43.7416051,0
                -79.3754274,43.7422097,0
                -79.3762643,43.7425352,0
                -79.3803627,43.7416981,0
                -79.3806202,43.741357,0
                -79.382723,43.7408919,0
                -79.3819291,43.736458,0
              </coordinates>
            </LinearRing>
          </outerBoundaryIs>
        </Polygon>
      </Placemark>
      <Placemark>
        <name>Brockton Village</name>
        <styleUrl>#poly-F57C00-1200-82-nodesc</styleUrl>
        <Polygon>
          <outerBoundaryIs>
            <LinearRing>
              <tessellate>1</tessellate>
              <coordinates>
                -79.4353275,43.6598579,0
                -79.4426875,43.6583676,0
                -79.4452195,43.6578088,0
                -79.4426875,43.6515367,0
                -79.4417004,43.6497512,0
                -79.4406383,43.6485635,0
                -79.4393186,43.6474067,0
                -79.431036,43.6435715,0
                -79.4286478,43.6422275,0
                -79.4314373,43.6496184,0
                -79.4327955,43.6532135,0
                -79.4353275,43.6598579,0
              </coordinates>
            </LinearRing>
          </outerBoundaryIs>
        </Polygon>
      </Placemark>
      <Placemark>
        <name>Cabbagetown</name>
        <styleUrl>#poly-FBC02D-1200-74-nodesc</styleUrl>
        <Polygon>
          <outerBoundaryIs>
            <LinearRing>
              <tessellate>1</tessellate>
              <coordinates>
                -79.3711591,43.6718656,0
                -79.3695927,43.6681872,0
                -79.3746352,43.6670541,0
                -79.3701506,43.6561413,0
                -79.3690348,43.6562655,0
                -79.3676186,43.6563121,0
                -79.3650222,43.6569331,0
                -79.3670821,43.6619317,0
                -79.3609452,43.6632977,0
                -79.3568683,43.6643067,0
                -79.3577051,43.6670075,0
                -79.3584991,43.6688856,0
                -79.3601084,43.6702049,0
                -79.3609667,43.6700032,0
                -79.3634558,43.6708568,0
                -79.3661594,43.6716949,0
                -79.3677902,43.6716794,0
                -79.3686271,43.6720364,0
                -79.3698931,43.6725951,0
                -79.3711591,43.6718656,0
              </coordinates>
            </LinearRing>
          </outerBoundaryIs>
        </Polygon>
      </Placemark>
      <Placemark>
        <name>Carleton Village</name>
        <styleUrl>#poly-FFEA00-1200-89-nodesc</styleUrl>
        <Polygon>
          <outerBoundaryIs>
            <LinearRing>
              <tessellate>1</tessellate>
              <coordinates>
                -79.4657662,43.6729636,0
                -79.4619253,43.6692542,0
                -79.4600156,43.6672364,0
                -79.4551447,43.6671278,0
                -79.4498446,43.6671899,0
                -79.4467333,43.6675779,0
                -79.4481066,43.670977,0
                -79.4482353,43.6715668,0
                -79.4513252,43.6710236,0
                -79.4525912,43.6725136,0
                -79.4545224,43.6737396,0
                -79.4559815,43.6751209,0
                -79.4657662,43.6729636,0
              </coordinates>
            </LinearRing>
          </outerBoundaryIs>
        </Polygon>
      </Placemark>
      <Placemark>
        <name>Casa Loma</name>
        <styleUrl>#poly-AFB42B-1200-77-nodesc</styleUrl>
        <Polygon>
          <outerBoundaryIs>
            <LinearRing>
              <tessellate>1</tessellate>
              <coordinates>
                -79.4183414,43.6831192,0
                -79.4170988,43.6800691,0
                -79.4157127,43.6766704,0
                -79.4143717,43.6731405,0
                -79.4095867,43.6741028,0
                -79.4087713,43.6745839,0
                -79.4070976,43.6748477,0
                -79.4087498,43.6788672,0
                -79.4111316,43.6846554,0
                -79.4183414,43.6831192,0
              </coordinates>
            </LinearRing>
          </outerBoundaryIs>
        </Polygon>
      </Placemark>
      <Placemark>
        <name>Centennial Park</name>
        <styleUrl>#poly-7CB342-1200-74-nodesc</styleUrl>
        <Polygon>
          <outerBoundaryIs>
            <LinearRing>
              <tessellate>1</tessellate>
              <coordinates>
                -79.5878018,43.6661556,0
                -79.5906342,43.6631133,0
                -79.6087015,43.6464706,0
                -79.6074999,43.6447626,0
                -79.6056975,43.6448557,0
                -79.6042383,43.644421,0
                -79.6032513,43.6447936,0
                -79.6025217,43.6445762,0
                -79.6017492,43.6439551,0
                -79.5994747,43.6437378,0
                -79.5984018,43.6432098,0
                -79.5955265,43.6432409,0
                -79.5920504,43.6446073,0
                -79.5883167,43.6424024,0
                -79.5875013,43.6407564,0
                -79.5869005,43.6392656,0
                -79.5857847,43.637868,0
                -79.5834244,43.640042,0
                -79.581579,43.6407564,0
                -79.5768154,43.6424645,0
                -79.5723951,43.643334,0
                -79.573983,43.6453526,0
                -79.5766867,43.6460979,0
                -79.5773304,43.6469364,0
                -79.5795191,43.6514701,0
                -79.5832527,43.6598844,0
                -79.5861281,43.6654416,0
                -79.5878018,43.6661556,0
              </coordinates>
            </LinearRing>
          </outerBoundaryIs>
        </Polygon>
      </Placemark>
      <Placemark>
        <name>Chaplin Estates</name>
        <styleUrl>#poly-9C27B0-1200-84-nodesc</styleUrl>
        <Polygon>
          <outerBoundaryIs>
            <LinearRing>
              <tessellate>1</tessellate>
              <coordinates>
                -79.4085235,43.7046137,0
                -79.4058199,43.6980672,0
                -79.4055241,43.6973991,0
                -79.4038619,43.6969193,0
                -79.4027775,43.6966079,0
                -79.4029875,43.697245,0
                -79.3969793,43.6956316,0
                -79.3960352,43.6956781,0
                -79.3966145,43.6982844,0
                -79.3982882,43.7067698,0
                -79.4085235,43.7046137,0
              </coordinates>
            </LinearRing>
          </outerBoundaryIs>
        </Polygon>
      </Placemark>
      <Placemark>
        <name>CityPlace</name>
        <styleUrl>#poly-0097A7-1200-79-nodesc</styleUrl>
        <Polygon>
          <outerBoundaryIs>
            <LinearRing>
              <tessellate>1</tessellate>
              <coordinates>
                -79.4013963,43.6407369,0
                -79.4002483,43.6379417,0
                -79.399669,43.636513,0
                -79.3972765,43.6372972,0
                -79.3950127,43.6381591,0
                -79.3897234,43.6391374,0
                -79.3908928,43.6419559,0
                -79.390925,43.6425614,0
                -79.3912468,43.6434,0
                -79.3989287,43.6414512,0
                -79.4013963,43.6407369,0
              </coordinates>
            </LinearRing>
          </outerBoundaryIs>
        </Polygon>
      </Placemark>
      <Placemark>
        <name>Clairlea</name>
        <styleUrl>#poly-0288D1-1200-79-nodesc</styleUrl>
        <Polygon>
          <outerBoundaryIs>
            <LinearRing>
              <tessellate>1</tessellate>
              <coordinates>
                -79.3026806,43.7247983,0
                -79.2992474,43.7165481,0
                -79.2959643,43.7087621,0
                -79.292102,43.6997496,0
                -79.2909862,43.6976863,0
                -79.290321,43.6976708,0
                -79.288776,43.6985241,0
                -79.287789,43.6985551,0
                -79.2871882,43.6983069,0
                -79.2855788,43.698462,0
                -79.2825533,43.6992532,0
                -79.2817808,43.6996565,0
                -79.2823602,43.7013475,0
                -79.2818881,43.7022007,0
                -79.2821456,43.702573,0
                -79.282682,43.7026195,0
                -79.2833472,43.7032865,0
                -79.2825104,43.7039691,0
                -79.2821885,43.7054892,0
                -79.2825748,43.7061562,0
                -79.2819525,43.7062183,0
                -79.280944,43.7069473,0
                -79.2812873,43.7081417,0
                -79.2808581,43.7092585,0
                -79.2812873,43.7101581,0
                -79.280944,43.7107475,0
                -79.2818452,43.7108871,0
                -79.2824246,43.7117247,0
                -79.2811586,43.7120504,0
                -79.2827893,43.7161759,0
                -79.2949129,43.7193086,0
                -79.2975093,43.7256512,0
                -79.3026806,43.7247983,0
              </coordinates>
            </LinearRing>
          </outerBoundaryIs>
        </Polygon>
      </Placemark>
      <Placemark>
        <name>Wilson Heights</name>
        <styleUrl>#poly-3949AB-1200-77-nodesc</styleUrl>
        <Polygon>
          <outerBoundaryIs>
            <LinearRing>
              <tessellate>1</tessellate>
              <coordinates>
                -79.4634269,43.7501145,0
                -79.4628644,43.7483698,0
                -79.4614911,43.7472227,0
                -79.4587874,43.7457191,0
                -79.4553971,43.7427118,0
                -79.4533586,43.740805,0
                -79.4512987,43.7379059,0
                -79.448874,43.7300142,0
                -79.4421362,43.7314251,0
                -79.4338107,43.7361695,0
                -79.4341113,43.7372176,0
                -79.4373729,43.7507042,0
                -79.4384502,43.7554463,0
                -79.4512818,43.7527805,0
                -79.4634269,43.7501145,0
              </coordinates>
            </LinearRing>
          </outerBoundaryIs>
        </Polygon>
      </Placemark>
      <Placemark>
        <name>Cliffcrest</name>
        <styleUrl>#poly-9C27B0-1200-79-nodesc</styleUrl>
        <Polygon>
          <outerBoundaryIs>
            <LinearRing>
              <tessellate>1</tessellate>
              <coordinates>
                -79.2512837,43.7187245,0
                -79.2414775,43.7208801,0
                -79.2379585,43.7126604,0
                -79.2379156,43.7121641,0
                -79.2385378,43.7101633,0
                -79.2385593,43.7093877,0
                -79.2381516,43.7087673,0
                -79.2365208,43.7076815,0
                -79.2352333,43.7070146,0
                -79.2338601,43.7034779,0
                -79.2261353,43.7038346,0
                -79.2135182,43.7257339,0
                -79.2141619,43.727238,0
                -79.2149558,43.7275946,0
                -79.2162862,43.7275791,0
                -79.2178097,43.7279202,0
                -79.2196122,43.7283699,0
                -79.2205992,43.7288816,0
                -79.221951,43.7293933,0
                -79.2235175,43.7297809,0
                -79.2245689,43.7302616,0
                -79.2251912,43.7314865,0
                -79.2245474,43.7320137,0
                -79.2277875,43.7396106,0
                -79.2287317,43.7415794,0
                -79.2371645,43.7362464,0
                -79.2430439,43.7326804,0
                -79.2458334,43.7303856,0
                -79.2475071,43.7282459,0
                -79.2523137,43.7211438,0
                -79.2512837,43.7187245,0
              </coordinates>
            </LinearRing>
          </outerBoundaryIs>
        </Polygon>
      </Placemark>
      <Placemark>
        <name>Cliffside</name>
        <styleUrl>#poly-795548-1200-82-nodesc</styleUrl>
        <Polygon>
          <outerBoundaryIs>
            <LinearRing>
              <tessellate>1</tessellate>
              <coordinates>
                -79.2591891,43.7107017,0
                -79.2530093,43.6957633,0
                -79.2347543,43.7001616,0
                -79.2338601,43.7034779,0
                -79.2352333,43.7070146,0
                -79.2365208,43.7076815,0
                -79.2381516,43.7087673,0
                -79.2385593,43.7093877,0
                -79.2385378,43.7101633,0
                -79.2379156,43.7121641,0
                -79.2379585,43.7126604,0
                -79.2414775,43.7208801,0
                -79.2512837,43.7187245,0
                -79.2523137,43.7211438,0
                -79.2572634,43.7136565,0
                -79.2591891,43.7107017,0
              </coordinates>
            </LinearRing>
          </outerBoundaryIs>
        </Polygon>
      </Placemark>
      <Placemark>
        <name>Corktown</name>
        <styleUrl>#poly-F48FB1-1200-77-nodesc</styleUrl>
        <Polygon>
          <outerBoundaryIs>
            <LinearRing>
              <tessellate>1</tessellate>
              <coordinates>
                -79.3627436,43.6515668,0
                -79.3611235,43.6519394,0
                -79.3604583,43.6527467,0
                -79.3589992,43.6536161,0
                -79.3570037,43.654796,0
                -79.3563599,43.654765,0
                -79.3554802,43.655091,0
                -79.3534631,43.6563175,0
                -79.3524761,43.6567366,0
                -79.3537206,43.6580251,0
                -79.3645353,43.6556033,0
                -79.3627436,43.6515668,0
              </coordinates>
            </LinearRing>
          </outerBoundaryIs>
        </Polygon>
      </Placemark>
      <Placemark>
        <name>Crescent Town</name>
        <styleUrl>#poly-EDA29B-1200-79-nodesc</styleUrl>
        <Polygon>
          <outerBoundaryIs>
            <LinearRing>
              <tessellate>1</tessellate>
              <coordinates>
                -79.2890531,43.6928691,0
                -79.2909862,43.6976863,0
                -79.2922074,43.6977174,0
                -79.2936236,43.698082,0
                -79.2945355,43.6976864,0
                -79.2950505,43.6977019,0
                -79.2956728,43.6973683,0
                -79.2971212,43.6974692,0
                -79.297486,43.6958712,0
                -79.2970783,43.6922485,0
                -79.2950291,43.6926829,0
                -79.2948467,43.6923183,0
                -79.2902225,43.6933966,0
                -79.289847,43.6926907,0
                -79.2890531,43.6928691,0
              </coordinates>
            </LinearRing>
          </outerBoundaryIs>
        </Polygon>
      </Placemark>
      <Placemark>
        <name>Davenport</name>
        <styleUrl>#poly-FFCC80-1200-79-nodesc</styleUrl>
        <Polygon>
          <outerBoundaryIs>
            <LinearRing>
              <tessellate>1</tessellate>
              <coordinates>
                -79.4410113,43.6729922,0
                -79.4437793,43.6723637,0
                -79.4482353,43.6715668,0
                -79.4481066,43.670977,0
                -79.4467333,43.6675779,0
                -79.4464401,43.6667062,0
                -79.4441441,43.6672185,0
                -79.4435433,43.6677772,0
                -79.4400457,43.6685067,0
                -79.4389513,43.6684291,0
                -79.437621,43.668724,0
                -79.4298962,43.6702761,0
                -79.4289306,43.6700589,0
                -79.4222573,43.6715023,0
                -79.4143717,43.6731405,0
                -79.4157127,43.6766704,0
                -79.4172791,43.6767635,0
                -79.4194678,43.6765618,0
                -79.4229439,43.6755996,0
                -79.4249609,43.6751029,0
                -79.4280079,43.6747305,0
                -79.4308618,43.6747305,0
                -79.4345311,43.6743114,0
                -79.4385436,43.673613,0
                -79.4410113,43.6729922,0
              </coordinates>
            </LinearRing>
          </outerBoundaryIs>
        </Polygon>
      </Placemark>
      <Placemark>
        <name>Davisville</name>
        <styleUrl>#poly-01579B-1200-79-nodesc</styleUrl>
        <Polygon>
          <outerBoundaryIs>
            <LinearRing>
              <tessellate>1</tessellate>
              <coordinates>
                -79.3902322,43.7084152,0
                -79.3982882,43.7067698,0
                -79.3960352,43.6956781,0
                -79.3953069,43.6920139,0
                -79.3949422,43.6920954,0
                -79.3948456,43.6920488,0
                -79.3947973,43.6919169,0
                -79.3925014,43.6923863,0
                -79.3919274,43.6919868,0
                -79.3922814,43.6916571,0
                -79.3920454,43.6910752,0
                -79.3905058,43.691401,0
                -79.3906131,43.6916493,0
                -79.3904521,43.6917657,0
                -79.3899479,43.6915058,0
                -79.3895563,43.6915911,0
                -79.389508,43.6915407,0
                -79.3887785,43.6917036,0
                -79.3892183,43.6925725,0
                -79.3889233,43.6926345,0
                -79.389111,43.6931116,0
                -79.385313,43.6939378,0
                -79.3854364,43.6942442,0
                -79.385018,43.6943334,0
                -79.3847605,43.694058,0
                -79.3818744,43.6946786,0
                -79.3813648,43.695082,0
                -79.3808069,43.694698,0
                -79.3801391,43.6950238,0
                -79.3794873,43.6952041,0
                -79.3764564,43.6958577,0
                -79.3727388,43.6966101,0
                -79.3723875,43.6966256,0
                -79.3718054,43.6967342,0
                -79.3731948,43.7004109,0
                -79.3757268,43.7072053,0
                -79.3767568,43.7098422,0
                -79.3771859,43.711052,0
                -79.3902322,43.7084152,0
              </coordinates>
            </LinearRing>
          </outerBoundaryIs>
        </Polygon>
      </Placemark>
      <Placemark>
        <name>Deer Park</name>
        <styleUrl>#poly-FFEA00-1200-87-nodesc</styleUrl>
        <Polygon>
          <outerBoundaryIs>
            <LinearRing>
              <tessellate>1</tessellate>
              <coordinates>
                -79.4014912,43.686637,0
                -79.4002252,43.6834405,0
                -79.3928223,43.6849923,0
                -79.3902903,43.6855819,0
                -79.3900543,43.6850233,0
                -79.388917,43.6852095,0
                -79.3887668,43.6846509,0
                -79.3880802,43.6846819,0
                -79.3882733,43.6851474,0
                -79.3866854,43.6854733,0
                -79.3864923,43.6847905,0
                -79.38587,43.6850078,0
                -79.3854623,43.6853336,0
                -79.3855267,43.6863112,0
                -79.3852692,43.6866215,0
                -79.3858915,43.6869784,0
                -79.386664,43.6877853,0
                -79.3875223,43.6885611,0
                -79.3882304,43.6886697,0
                -79.388917,43.6892283,0
                -79.3900114,43.6900196,0
                -79.3899685,43.6905626,0
                -79.3909984,43.6912919,0
                -79.3920454,43.6910752,0
                -79.3922814,43.6916571,0
                -79.3919274,43.6919868,0
                -79.3925014,43.6923863,0
                -79.3947973,43.6919169,0
                -79.3948456,43.6920488,0
                -79.3949422,43.6920954,0
                -79.3953069,43.6920139,0
                -79.3960352,43.6956781,0
                -79.3969793,43.6956316,0
                -79.4029875,43.697245,0
                -79.4024246,43.6955197,0
                -79.4022637,43.6946896,0
                -79.4011694,43.6919357,0
                -79.4012123,43.6913462,0
                -79.4017594,43.6910203,0
                -79.4030791,43.6907333,0
                -79.4022959,43.6886309,0
                -79.4014912,43.686637,0
              </coordinates>
            </LinearRing>
          </outerBoundaryIs>
        </Polygon>
      </Placemark>
      <Placemark>
        <name>Distillery District</name>
        <styleUrl>#poly-F57C00-1200-89-nodesc</styleUrl>
        <Polygon>
          <outerBoundaryIs>
            <LinearRing>
              <tessellate>1</tessellate>
              <coordinates>
                -79.3621377,43.6501746,0
                -79.3612686,43.6479466,0
                -79.3594876,43.6484745,0
                -79.3573955,43.6491188,0
                -79.3566338,43.6494294,0
                -79.3571166,43.6508189,0
                -79.3576101,43.6517815,0
                -79.359949,43.6512071,0
                -79.3597559,43.6507491,0
                -79.3621377,43.6501746,0
              </coordinates>
            </LinearRing>
          </outerBoundaryIs>
        </Polygon>
      </Placemark>
      <Placemark>
        <name>Don Mills</name>
        <styleUrl>#poly-CE93D8-1200-71-nodesc</styleUrl>
        <Polygon>
          <outerBoundaryIs>
            <LinearRing>
              <tessellate>1</tessellate>
              <coordinates>
                -79.3600317,43.7529493,0
                -79.3584438,43.7458191,0
                -79.3563839,43.7361455,0
                -79.3559333,43.7345486,0
                -79.356577,43.7345021,0
                -79.3589374,43.7347656,0
                -79.3617483,43.734223,0
                -79.3607933,43.7333572,0
                -79.3592483,43.7331556,0
                -79.3594629,43.7319153,0
                -79.3587977,43.7315431,0
                -79.3575961,43.731233,0
                -79.3576819,43.7307524,0
                -79.3571026,43.7308144,0
                -79.357124,43.7299306,0
                -79.3545706,43.7296825,0
                -79.3547208,43.7292173,0
                -79.3539912,43.7285661,0
                -79.3539268,43.7278218,0
                -79.3532187,43.7272016,0
                -79.3522426,43.7282225,0
                -79.3499466,43.7261602,0
                -79.3489595,43.7249197,0
                -79.3488093,43.7234,0
                -79.3496247,43.7209963,0
                -79.3504401,43.7183134,0
                -79.3502041,43.7170262,0
                -79.343402,43.7191354,0
                -79.3302699,43.7230898,0
                -79.3305274,43.7269975,0
                -79.3306776,43.7298506,0
                -79.3314286,43.7334478,0
                -79.3321796,43.7372928,0
                -79.332244,43.7393702,0
                -79.3321796,43.7420057,0
                -79.3332525,43.7465787,0
                -79.3336388,43.7501903,0
                -79.3340894,43.7532283,0
                -79.3351408,43.7562661,0
                -79.3357631,43.7582808,0
                -79.3470498,43.7558011,0
                -79.3551608,43.7540033,0
                -79.3600317,43.7529493,0
              </coordinates>
            </LinearRing>
          </outerBoundaryIs>
        </Polygon>
      </Placemark>
      <Placemark>
        <name>Don Valley Village</name>
        <styleUrl>#poly-87CEAC-1200-77-nodesc</styleUrl>
        <Polygon>
          <outerBoundaryIs>
            <LinearRing>
              <tessellate>1</tessellate>
              <coordinates>
                -79.3397406,43.7762635,0
                -79.340556,43.7806868,0
                -79.3426588,43.79057,0
                -79.3436459,43.7950929,0
                -79.3447188,43.7998167,0
                -79.35195,43.798206,0
                -79.3556836,43.7974316,0
                -79.369202,43.794938,0
                -79.3679401,43.7900056,0
                -79.3640778,43.7720656,0
                -79.364095,43.7716231,0
                -79.3609622,43.771964,0
                -79.3531945,43.7736993,0
                -79.343603,43.7757445,0
                -79.3411568,43.7762558,0
                -79.3397191,43.7761164,0
                -79.3397406,43.7762635,0
              </coordinates>
            </LinearRing>
          </outerBoundaryIs>
        </Polygon>
      </Placemark>
      <Placemark>
        <name>Dorset Park</name>
        <styleUrl>#poly-A1C2FA-1200-71-nodesc</styleUrl>
        <Polygon>
          <outerBoundaryIs>
            <LinearRing>
              <tessellate>1</tessellate>
              <coordinates>
                -79.2650399,43.7515049,0
                -79.2671427,43.7570226,0
                -79.2720779,43.7706173,0
                -79.2748154,43.7771276,0
                -79.2846049,43.7748501,0
                -79.2945656,43.772581,0
                -79.2916903,43.766135,0
                -79.2912611,43.7651432,0
                -79.2915615,43.7638415,0
                -79.2912611,43.7630977,0
                -79.2874846,43.7540158,0
                -79.2846951,43.7474128,0
                -79.2821845,43.7407316,0
                -79.2729363,43.744173,0
                -79.2685156,43.7461884,0
                -79.2638914,43.7482578,0
                -79.2650399,43.7515049,0
              </coordinates>
            </LinearRing>
          </outerBoundaryIs>
        </Polygon>
      </Placemark>
      <Placemark>
        <name>Dovercourt Park</name>
        <styleUrl>#poly-A1C2FA-1200-71-nodesc</styleUrl>
        <Polygon>
          <outerBoundaryIs>
            <LinearRing>
              <tessellate>1</tessellate>
              <coordinates>
                -79.4256613,43.6619701,0
                -79.4289306,43.6700589,0
                -79.4298962,43.6702761,0
                -79.4389513,43.6684291,0
                -79.4353275,43.6598579,0
                -79.4256613,43.6619701,0
              </coordinates>
            </LinearRing>
          </outerBoundaryIs>
        </Polygon>
      </Placemark>
      <Placemark>
        <name>Downsview</name>
        <styleUrl>#poly-9FA8DA-1200-74-nodesc</styleUrl>
        <Polygon>
          <outerBoundaryIs>
            <LinearRing>
              <tessellate>1</tessellate>
              <coordinates>
                -79.5264807,43.7362864,0
                -79.5246354,43.728689,0
                -79.5231763,43.7225484,0
                -79.5184985,43.7162831,0
                -79.504036,43.7181131,0
                -79.4903889,43.7204704,0
                -79.4809046,43.7227345,0
                -79.4643393,43.7265802,0
                -79.448874,43.7300142,0
                -79.4512987,43.7379059,0
                -79.4533586,43.740805,0
                -79.4587874,43.7457191,0
                -79.4614911,43.7472227,0
                -79.4628644,43.7483698,0
                -79.4634269,43.7501145,0
                -79.4648114,43.7501761,0
                -79.4659272,43.7505792,0
                -79.4691029,43.7535861,0
                -79.4707337,43.754516,0
                -79.4740382,43.75557,0
                -79.481248,43.7541441,0
                -79.48275,43.7529041,0
                -79.4829646,43.7499901,0
                -79.4828358,43.746735,0
                -79.4837371,43.7455879,0
                -79.4849816,43.7449368,0
                -79.4875136,43.7446268,0
                -79.4972554,43.7424565,0
                -79.5101729,43.7396041,0
                -79.51116,43.739449,0
                -79.512662,43.7395731,0
                -79.5264807,43.7362864,0
              </coordinates>
            </LinearRing>
          </outerBoundaryIs>
        </Polygon>
      </Placemark>
      <Placemark>
        <name>Dufferin Grove</name>
        <styleUrl>#poly-CE93D8-1200-79-nodesc</styleUrl>
        <Polygon>
          <outerBoundaryIs>
            <LinearRing>
              <tessellate>1</tessellate>
              <coordinates>
                -79.4226563,43.6543638,0
                -79.4256613,43.6619701,0
                -79.4353275,43.6598579,0
                -79.4313896,43.6495198,0
                -79.4207943,43.6493544,0
                -79.4226563,43.6543638,0
              </coordinates>
            </LinearRing>
          </outerBoundaryIs>
        </Polygon>
      </Placemark>
      <Placemark>
        <name>Earlscourt</name>
        <styleUrl>#poly-BCAAA4-1200-74-nodesc</styleUrl>
        <Polygon>
          <outerBoundaryIs>
            <LinearRing>
              <tessellate>1</tessellate>
              <coordinates>
                -79.4676989,43.681824,0
                -79.4659394,43.6801791,0
                -79.4649094,43.6785186,0
                -79.4640082,43.6767494,0
                -79.4633859,43.6746078,0
                -79.463064,43.6735524,0
                -79.4559815,43.6751209,0
                -79.4545224,43.6737396,0
                -79.4525912,43.6725136,0
                -79.4513252,43.6710236,0
                -79.4482353,43.6715668,0
                -79.4437793,43.6723637,0
                -79.4410113,43.6729922,0
                -79.4423,43.6761104,0
                -79.443044,43.677991,0
                -79.446091,43.6855637,0
                -79.447636,43.6851758,0
                -79.4496959,43.6846172,0
                -79.4539445,43.6836396,0
                -79.4568842,43.6830344,0
                -79.4579142,43.6830654,0
                -79.4595879,43.6834379,0
                -79.460532,43.6833913,0
                -79.4676989,43.681824,0
              </coordinates>
            </LinearRing>
          </outerBoundaryIs>
        </Polygon>
      </Placemark>
      <Placemark>
        <name>Eatonville</name>
        <styleUrl>#poly-880E4F-1200-69-nodesc</styleUrl>
        <Polygon>
          <outerBoundaryIs>
            <LinearRing>
              <tessellate>1</tessellate>
              <coordinates>
                -79.5674422,43.6541845,0
                -79.5663479,43.6524768,0
                -79.5625713,43.6436421,0
                -79.5597174,43.6363126,0
                -79.5570567,43.6287025,0
                -79.5539453,43.6294636,0
                -79.5471218,43.6309856,0
                -79.5455125,43.6317156,0
                -79.5435598,43.6327717,0
                -79.5415428,43.6345422,0
                -79.5380023,43.6384711,0
                -79.5390966,43.638937,0
                -79.5404484,43.6401793,0
                -79.5415857,43.6406762,0
                -79.5433881,43.6448377,0
                -79.5441392,43.6464215,0
                -79.5442894,43.6476947,0
                -79.544461,43.6487816,0
                -79.5443323,43.6500392,0
                -79.5455983,43.6529891,0
                -79.5458558,43.6531133,0
                -79.547508,43.6534704,0
                -79.5474222,43.6540759,0
                -79.5476797,43.6551937,0
                -79.5482805,43.6554731,0
                -79.5504048,43.6551937,0
                -79.5518639,43.6553334,0
                -79.5528081,43.6565443,0
                -79.552336,43.6571342,0
                -79.5523789,43.6577397,0
                -79.5674422,43.6541845,0
              </coordinates>
            </LinearRing>
          </outerBoundaryIs>
        </Polygon>
      </Placemark>
      <Placemark>
        <name>Fairbank</name>
        <styleUrl>#poly-A52714-1200-71-nodesc</styleUrl>
        <Polygon>
          <outerBoundaryIs>
            <LinearRing>
              <tessellate>1</tessellate>
              <coordinates>
                -79.4364855,43.6985988,0
                -79.4377729,43.7028959,0
                -79.4493601,43.7005069,0
                -79.4510338,43.7008948,0
                -79.4518063,43.7007086,0
                -79.4591448,43.6990952,0
                -79.4598958,43.6987695,0
                -79.4621059,43.6982575,0
                -79.4634578,43.6984437,0
                -79.4665691,43.6977999,0
                -79.4656035,43.6943635,0
                -79.4646379,43.6919897,0
                -79.4635007,43.690314,0
                -79.4628999,43.688871,0
                -79.4623205,43.6863729,0
                -79.4615266,43.6838436,0
                -79.4612476,43.6832229,0
                -79.460532,43.6833913,0
                -79.4595879,43.6834379,0
                -79.4579142,43.6830654,0
                -79.4568842,43.6830344,0
                -79.4496959,43.6846172,0
                -79.446091,43.6855637,0
                -79.4502398,43.6956356,0
                -79.4427511,43.6971716,0
                -79.4428155,43.6972957,0
                -79.4369575,43.6985057,0
                -79.4364855,43.6985988,0
              </coordinates>
            </LinearRing>
          </outerBoundaryIs>
        </Polygon>
      </Placemark>
      <Placemark>
        <name>Flemingdon Park</name>
        <styleUrl>#poly-E65100-1200-66-nodesc</styleUrl>
        <Polygon>
          <outerBoundaryIs>
            <LinearRing>
              <tessellate>1</tessellate>
              <coordinates>
                -79.3233694,43.7222076,0
                -79.3232192,43.7234637,0
                -79.3222751,43.7252005,0
                -79.3302699,43.7230898,0
                -79.3502041,43.7170262,0
                -79.3528523,43.7161749,0
                -79.3522944,43.7157406,0
                -79.3503846,43.7157872,0
                -79.3488826,43.7163765,0
                -79.3464579,43.7159112,0
                -79.3461789,43.7152133,0
                -79.3455352,43.7150582,0
                -79.3452777,43.7152754,0
                -79.3448056,43.7151513,0
                -79.3448056,43.7148101,0
                -79.3437328,43.7142673,0
                -79.3415226,43.7128404,0
                -79.3407501,43.7127008,0
                -79.3398918,43.713073,0
                -79.3394412,43.7126698,0
                -79.340321,43.7117081,0
                -79.3399348,43.7109792,0
                -79.3394198,43.7107465,0
                -79.33957,43.7103277,0
                -79.3389048,43.7099865,0
                -79.3381108,43.7093816,0
                -79.3377675,43.7083423,0
                -79.338025,43.7075513,0
                -79.337038,43.707148,0
                -79.3340339,43.7064189,0
                -79.3315877,43.7063259,0
                -79.3302359,43.7062018,0
                -79.3298282,43.7067447,0
                -79.3281116,43.7080321,0
                -79.3264379,43.7081252,0
                -79.3255581,43.7082183,0
                -79.3249144,43.7095212,0
                -79.3226828,43.7103122,0
                -79.3220391,43.7102502,0
                -79.3193354,43.7107465,0
                -79.3184771,43.7112428,0
                -79.3186917,43.7117237,0
                -79.3193354,43.7125922,0
                -79.3198289,43.7127008,0
                -79.3200006,43.7123906,0
                -79.3215241,43.712251,0
                -79.3216314,43.7125302,0
                -79.3201722,43.7139105,0
                -79.3204941,43.7140501,0
                -79.3209447,43.714624,0
                -79.3199147,43.7149031,0
                -79.3202795,43.7159733,0
                -79.3222107,43.716268,0
                -79.3236055,43.7170589,0
                -79.3239488,43.7182376,0
                -79.3233265,43.7189975,0
                -79.3225326,43.7192611,0
                -79.322597,43.7198039,0
                -79.3243779,43.7206879,0
                -79.3257298,43.7202846,0
                -79.3266739,43.7206103,0
                -79.3268241,43.7214012,0
                -79.3257727,43.7214943,0
                -79.3233694,43.7222076,0
              </coordinates>
            </LinearRing>
          </outerBoundaryIs>
        </Polygon>
      </Placemark>
      <Placemark>
        <name>Forest Hill</name>
        <styleUrl>#poly-F9A825-1200-74-nodesc</styleUrl>
        <Polygon>
          <outerBoundaryIs>
            <LinearRing>
              <tessellate>1</tessellate>
              <coordinates>
                -79.4159311,43.7029839,0
                -79.4170637,43.7071785,0
                -79.4261188,43.7052551,0
                -79.4269127,43.7053792,0
                -79.4308609,43.704557,0
                -79.4377729,43.7028959,0
                -79.4364855,43.6985988,0
                -79.4255394,43.7010357,0
                -79.4183414,43.6831192,0
                -79.4111316,43.6846554,0
                -79.4014912,43.686637,0
                -79.4030791,43.6907333,0
                -79.4017594,43.6910203,0
                -79.401206,43.6913722,0
                -79.4011694,43.6919357,0
                -79.4012489,43.6921014,0
                -79.4022681,43.6946769,0
                -79.4024246,43.6955197,0
                -79.4027775,43.6966079,0
                -79.4055241,43.6973991,0
                -79.4058199,43.6980672,0
                -79.4085235,43.7046137,0
                -79.4159311,43.7029839,0
              </coordinates>
            </LinearRing>
          </outerBoundaryIs>
        </Polygon>
      </Placemark>
      <Placemark>
        <name>Glen Park</name>
        <styleUrl>#poly-817717-1200-74-nodesc</styleUrl>
        <Polygon>
          <outerBoundaryIs>
            <LinearRing>
              <tessellate>1</tessellate>
              <coordinates>
                -79.4698292,43.7107579,0
                -79.4665691,43.6977999,0
                -79.4634578,43.6984437,0
                -79.4621059,43.6982575,0
                -79.4598958,43.6987695,0
                -79.4591448,43.6990952,0
                -79.4510338,43.7008948,0
                -79.4493601,43.7005069,0
                -79.4377729,43.7028959,0
                -79.4269127,43.7053792,0
                -79.4263679,43.7052995,0
                -79.4261188,43.7052551,0
                -79.4161136,43.707374,0
                -79.4164592,43.7076799,0
                -79.4173648,43.7099671,0
                -79.4211503,43.7091747,0
                -79.4214292,43.7100588,0
                -79.4220086,43.7099812,0
                -79.4227811,43.7117184,0
                -79.424326,43.7120751,0
                -79.4250127,43.7131763,0
                -79.4236823,43.7136416,0
                -79.4243517,43.7151015,0
                -79.4285831,43.7142404,0
                -79.4297463,43.7192881,0
                -79.4442946,43.7160313,0
                -79.4551092,43.7140771,0
                -79.4698292,43.7107579,0
              </coordinates>
            </LinearRing>
          </outerBoundaryIs>
        </Polygon>
      </Placemark>
      <Placemark>
        <name><![CDATA[Governor's Bridge]]></name>
        <styleUrl>#poly-558B2F-1200-79-nodesc</styleUrl>
        <Polygon>
          <outerBoundaryIs>
            <LinearRing>
              <tessellate>1</tessellate>
              <coordinates>
                -79.3710488,43.6903989,0
                -79.3698477,43.6898909,0
                -79.3691289,43.6899607,0
                -79.3684101,43.6897512,0
                -79.3675196,43.6886651,0
                -79.3636245,43.6891731,0
                -79.3622941,43.6903834,0
                -79.3617576,43.6914229,0
                -79.3620151,43.692478,0
                -79.3631309,43.6934399,0
                -79.3658775,43.6939674,0
                -79.3668646,43.6943398,0
                -79.3710488,43.6903989,0
              </coordinates>
            </LinearRing>
          </outerBoundaryIs>
        </Polygon>
      </Placemark>
      <Placemark>
        <name>Grange Park</name>
        <styleUrl>#poly-097138-1200-79-nodesc</styleUrl>
        <Polygon>
          <outerBoundaryIs>
            <LinearRing>
              <tessellate>1</tessellate>
              <coordinates>
                -79.4000056,43.657891,0
                -79.3980595,43.6529516,0
                -79.3963214,43.6487751,0
                -79.3866374,43.6508427,0
                -79.3904354,43.6598625,0
                -79.4000056,43.657891,0
              </coordinates>
            </LinearRing>
          </outerBoundaryIs>
        </Polygon>
      </Placemark>
      <Placemark>
        <name>Guildwood</name>
        <styleUrl>#poly-006064-1200-82-nodesc</styleUrl>
        <Polygon>
          <outerBoundaryIs>
            <LinearRing>
              <tessellate>1</tessellate>
              <coordinates>
                -79.1717333,43.7597977,0
                -79.1718301,43.7600898,0
                -79.1916999,43.7562308,0
                -79.2019996,43.7542314,0
                -79.2060015,43.7496822,0
                -79.2047891,43.7489072,0
                -79.2044565,43.7477524,0
                -79.2053792,43.7443499,0
                -79.2076322,43.7398658,0
                -79.2094079,43.7378039,0
                -79.2119613,43.734614,0
                -79.2149225,43.7317224,0
                -79.2174759,43.7289857,0
                -79.2179266,43.7279623,0
                -79.2162862,43.7275791,0
                -79.2149558,43.7275946,0
                -79.2141619,43.727238,0
                -79.2135182,43.7257339,0
                -79.1704244,43.7557527,0
                -79.1717333,43.7597977,0
              </coordinates>
            </LinearRing>
          </outerBoundaryIs>
        </Polygon>
      </Placemark>
      <Placemark>
        <name>Henry Farm</name>
        <styleUrl>#poly-01579B-1200-77-nodesc</styleUrl>
        <Polygon>
          <outerBoundaryIs>
            <LinearRing>
              <tessellate>1</tessellate>
              <coordinates>
                -79.3387698,43.7675979,0
                -79.3391345,43.7695813,0
                -79.3392848,43.7737803,0
                -79.3397191,43.7761164,0
                -79.3411568,43.7762558,0
                -79.3609622,43.771964,0
                -79.364095,43.7716231,0
                -79.3642494,43.7685947,0
                -79.3637344,43.7672931,0
                -79.3627045,43.7661464,0
                -79.3387698,43.7675979,0
              </coordinates>
            </LinearRing>
          </outerBoundaryIs>
        </Polygon>
      </Placemark>
      <Placemark>
        <name>Highland Creek</name>
        <styleUrl>#poly-673AB7-1200-84-nodesc</styleUrl>
        <Polygon>
          <outerBoundaryIs>
            <LinearRing>
              <tessellate>1</tessellate>
              <coordinates>
                -79.1519234,43.7954261,0
                -79.1547558,43.7956585,0
                -79.1676089,43.7999331,0
                -79.1752693,43.7996079,0
                -79.1969415,43.7963709,0
                -79.1962764,43.7935675,0
                -79.1937229,43.7875265,0
                -79.1934225,43.7852338,0
                -79.1906974,43.7788512,0
                -79.1887233,43.7794244,0
                -79.1876289,43.7791145,0
                -79.186556,43.7794244,0
                -79.1860411,43.781175,0
                -79.1850755,43.7811131,0
                -79.1848823,43.7807103,0
                -79.1826507,43.780261,0
                -79.1813633,43.7813454,0
                -79.1799685,43.7808962,0
                -79.1785523,43.7806638,0
                -79.1760632,43.7807413,0
                -79.1753122,43.7801835,0
                -79.1689178,43.7844593,0
                -79.1581461,43.79143,0
                -79.1519234,43.7954261,0
              </coordinates>
            </LinearRing>
          </outerBoundaryIs>
        </Polygon>
      </Placemark>
      <Placemark>
        <name>Hillcrest Village</name>
        <styleUrl>#poly-4E342E-1200-77-nodesc</styleUrl>
        <Polygon>
          <outerBoundaryIs>
            <LinearRing>
              <tessellate>1</tessellate>
              <coordinates>
                -79.372522,43.808499,0
                -79.3691591,43.794969,0
                -79.3559996,43.7974417,0
                -79.3446759,43.7998477,0
                -79.3430451,43.8000955,0
                -79.3408076,43.8006475,0
                -79.3388334,43.8011122,0
                -79.3372885,43.8014065,0
                -79.3353359,43.8018401,0
                -79.3412367,43.8156218,0
                -79.3484465,43.8140115,0
                -79.372522,43.808499,0
              </coordinates>
            </LinearRing>
          </outerBoundaryIs>
        </Polygon>
      </Placemark>
      <Placemark>
        <name>Hoggs Hollow</name>
        <styleUrl>#poly-C2185B-1200-74-nodesc</styleUrl>
        <Polygon>
          <outerBoundaryIs>
            <LinearRing>
              <tessellate>1</tessellate>
              <coordinates>
                -79.4067548,43.7441136,0
                -79.4050395,43.7363944,0
                -79.4049095,43.7360987,0
                -79.4034932,43.7367033,0
                -79.4031499,43.7364088,0
                -79.4017552,43.7367343,0
                -79.4002531,43.7365173,0
                -79.3983005,43.7372149,0
                -79.3979357,43.7374165,0
                -79.3953822,43.7380366,0
                -79.388151,43.739649,0
                -79.3891166,43.7414318,0
                -79.3924425,43.742734,0
                -79.3954895,43.7430285,0
                -79.3964122,43.7454468,0
                -79.4024418,43.7441601,0
                -79.4051455,43.7443462,0
                -79.4067548,43.7441136,0
              </coordinates>
            </LinearRing>
          </outerBoundaryIs>
        </Polygon>
      </Placemark>
      <Placemark>
        <name>Humber Bay</name>
        <styleUrl>#poly-FF5252-1200-71-nodesc</styleUrl>
        <Polygon>
          <outerBoundaryIs>
            <LinearRing>
              <tessellate>1</tessellate>
              <coordinates>
                -79.5026646,43.6340867,0
                -79.5018492,43.6334811,0
                -79.4991455,43.6337451,0
                -79.4986091,43.6326424,0
                -79.4991026,43.6317572,0
                -79.4978795,43.6308719,0
                -79.4961629,43.6315863,0
                -79.4934378,43.6303128,0
                -79.4928584,43.6285422,0
                -79.4903264,43.6263677,0
                -79.4888887,43.6260571,0
                -79.4879017,43.6252339,0
                -79.4865499,43.6247679,0
                -79.4870648,43.6241621,0
                -79.4852409,43.6228107,0
                -79.4817648,43.6219409,0
                -79.4775162,43.6201856,0
                -79.4744692,43.6185234,0
                -79.4679246,43.6230748,0
                -79.472817,43.6271909,0
                -79.4700489,43.631167,0
                -79.4754777,43.6340402,0
                -79.4779024,43.6380624,0
                -79.4806705,43.6380779,0
                -79.4842539,43.6382642,0
                -79.4871292,43.6376275,0
                -79.4933949,43.6361367,0
                -79.5003471,43.6346458,0
                -79.5026646,43.6340867,0
              </coordinates>
            </LinearRing>
          </outerBoundaryIs>
        </Polygon>
      </Placemark>
      <Placemark>
        <name>Humber Heights - Westmount</name>
        <styleUrl>#poly-F57C00-1200-74-nodesc</styleUrl>
        <Polygon>
          <outerBoundaryIs>
            <LinearRing>
              <tessellate>1</tessellate>
              <coordinates>
                -79.5319609,43.7050385,0
                -79.5316391,43.7038363,0
                -79.5322828,43.7025953,0
                -79.5344071,43.7004235,0
                -79.5342354,43.699834,0
                -79.5310383,43.6923251,0
                -79.5266823,43.6823325,0
                -79.5223479,43.6832325,0
                -79.5197301,43.6833567,0
                -79.5143013,43.6835274,0
                -79.5103531,43.6840705,0
                -79.5113616,43.6872049,0
                -79.5124988,43.6880118,0
                -79.5126061,43.6893927,0
                -79.513164,43.6906029,0
                -79.5133142,43.6922786,0
                -79.5127134,43.6952264,0
                -79.5118551,43.6964831,0
                -79.5119838,43.6970571,0
                -79.5134644,43.6972743,0
                -79.5166187,43.6968088,0
                -79.5183568,43.6970105,0
                -79.519258,43.6972743,0
                -79.520524,43.6982982,0
                -79.5209102,43.6995393,0
                -79.5217042,43.7000822,0
                -79.5285921,43.7025798,0
                -79.5290641,43.7034019,0
                -79.5305233,43.7044723,0
                -79.5319609,43.7050385,0
              </coordinates>
            </LinearRing>
          </outerBoundaryIs>
        </Polygon>
      </Placemark>
      <Placemark>
        <name>Humber Summit</name>
        <styleUrl>#poly-FFEA00-1200-89-nodesc</styleUrl>
        <Polygon>
          <outerBoundaryIs>
            <LinearRing>
              <tessellate>1</tessellate>
              <coordinates>
                -79.5350572,43.7727331,0
                -79.5378467,43.7720824,0
                -79.5780583,43.7635288,0
                -79.5796891,43.762444,0
                -79.5786162,43.7621031,0
                -79.5781442,43.762568,0
                -79.5773288,43.762289,0
                -79.5793458,43.7608633,0
                -79.5808908,43.7603364,0
                -79.5805474,43.7591585,0
                -79.5823499,43.7585386,0
                -79.5840236,43.7587866,0
                -79.5837661,43.7574848,0
                -79.5852252,43.7571438,0
                -79.5852681,43.7561519,0
                -79.5841094,43.7552839,0
                -79.5841523,43.754106,0
                -79.5830365,43.753889,0
                -79.5830794,43.7526801,0
                -79.5802041,43.7516881,0
                -79.5780154,43.7504171,0
                -79.5747968,43.7499831,0
                -79.5732947,43.7504481,0
                -79.5725652,43.7497661,0
                -79.5733377,43.747255,0
                -79.5723506,43.746821,0
                -79.5685311,43.7462629,0
                -79.5306798,43.754509,0
                -79.5350572,43.7727331,0
              </coordinates>
            </LinearRing>
          </outerBoundaryIs>
        </Polygon>
      </Placemark>
      <Placemark>
        <name>Humber Valley Village</name>
        <styleUrl>#poly-FFEA00-1200-74-nodesc</styleUrl>
        <Polygon>
          <outerBoundaryIs>
            <LinearRing>
              <tessellate>1</tessellate>
              <coordinates>
                -79.5390167,43.6797806,0
                -79.5349397,43.670655,0
                -79.5320644,43.6642291,0
                -79.5285453,43.6563432,0
                -79.5264425,43.651282,0
                -79.5237817,43.6542939,0
                -79.5219793,43.6562811,0
                -79.5105209,43.6606899,0
                -79.5054998,43.662801,0
                -79.5064439,43.6631115,0
                -79.5101346,43.6619628,0
                -79.5122375,43.6625216,0
                -79.5131816,43.6666195,0
                -79.5112075,43.6681716,0
                -79.5124521,43.6734177,0
                -79.5115079,43.6748455,0
                -79.5087614,43.6763664,0
                -79.5071306,43.6793771,0
                -79.5054998,43.6804323,0
                -79.5060577,43.6823255,0
                -79.5091047,43.6825117,0
                -79.5103531,43.6840705,0
                -79.5143013,43.6835274,0
                -79.5189752,43.6834118,0
                -79.5223479,43.6832325,0
                -79.5266823,43.6823325,0
                -79.5390167,43.6797806,0
              </coordinates>
            </LinearRing>
          </outerBoundaryIs>
        </Polygon>
      </Placemark>
      <Placemark>
        <name>Emery</name>
        <styleUrl>#poly-AFB42B-1200-82-nodesc</styleUrl>
        <Polygon>
          <outerBoundaryIs>
            <LinearRing>
              <tessellate>1</tessellate>
              <coordinates>
                -79.5264807,43.7362864,0
                -79.5290365,43.7470309,0
                -79.5306798,43.754509,0
                -79.5398082,43.7523941,0
                -79.5685311,43.7462629,0
                -79.5646991,43.7455738,0
                -79.5622529,43.7442097,0
                -79.5625104,43.7430936,0
                -79.5614805,43.7425355,0
                -79.5606651,43.7427215,0
                -79.5594634,43.7425045,0
                -79.5586481,43.7429075,0
                -79.5577039,43.7421014,0
                -79.5585193,43.7416674,0
                -79.5579185,43.7409232,0
                -79.5570602,43.7409852,0
                -79.5570602,43.7424425,0
                -79.5563735,43.7431866,0
                -79.5542707,43.7431556,0
                -79.5507087,43.7441787,0
                -79.5496788,43.7435586,0
                -79.5504941,43.7423805,0
                -79.5493354,43.7417914,0
                -79.5477046,43.7418844,0
                -79.5462455,43.7410163,0
                -79.5460739,43.7401171,0
                -79.5483055,43.7389389,0
                -79.5484342,43.7382877,0
                -79.5501508,43.7377296,0
                -79.5502367,43.7359932,0
                -79.5489492,43.7357451,0
                -79.55058,43.7345668,0
                -79.5504941,43.7334815,0
                -79.5489492,43.7329544,0
                -79.5472326,43.731714,0
                -79.545516,43.7314349,0
                -79.5452156,43.7321481,0
                -79.5445289,43.7324582,0
                -79.5438423,43.731807,0
                -79.5450868,43.7308767,0
                -79.5435848,43.7298223,0
                -79.5406236,43.7294192,0
                -79.5392503,43.7310318,0
                -79.5395078,43.731869,0
                -79.5389499,43.7321481,0
                -79.5384778,43.731776,0
                -79.5377912,43.7319311,0
                -79.5382204,43.7337606,0
                -79.5264807,43.7362864,0
              </coordinates>
            </LinearRing>
          </outerBoundaryIs>
        </Polygon>
      </Placemark>
      <Placemark>
        <name>Humewood</name>
        <styleUrl>#poly-7CB342-1200-79-nodesc</styleUrl>
        <Polygon>
          <outerBoundaryIs>
            <LinearRing>
              <tessellate>1</tessellate>
              <coordinates>
                -79.4357475,43.679561,0
                -79.4199547,43.6827267,0
                -79.4209846,43.6834405,0
                -79.4224008,43.6869163,0
                -79.426392,43.6887783,0
                -79.4324001,43.6888093,0
                -79.4357904,43.6898334,0
                -79.4408115,43.6925641,0
                -79.4395604,43.6895771,0
                -79.4386956,43.6870866,0
                -79.4357475,43.679561,0
              </coordinates>
            </LinearRing>
          </outerBoundaryIs>
        </Polygon>
      </Placemark>
      <Placemark>
        <name>Islington</name>
        <styleUrl>#poly-0F9D58-1200-77-nodesc</styleUrl>
        <Polygon>
          <outerBoundaryIs>
            <LinearRing>
              <tessellate>1</tessellate>
              <coordinates>
                -79.5236284,43.6446096,0
                -79.5169765,43.6461623,0
                -79.518264,43.647125,0
                -79.5224268,43.6483671,0
                -79.5258171,43.6508203,0
                -79.5264425,43.651282,0
                -79.5312673,43.6624015,0
                -79.5523789,43.6577397,0
                -79.552336,43.6571342,0
                -79.5528081,43.6565443,0
                -79.5518639,43.6553334,0
                -79.5504048,43.6551937,0
                -79.5482805,43.6554731,0
                -79.5476797,43.6551937,0
                -79.5474222,43.6540759,0
                -79.547508,43.6534704,0
                -79.5458558,43.6531133,0
                -79.5455983,43.6529891,0
                -79.5443323,43.6500392,0
                -79.544461,43.6487816,0
                -79.5441392,43.6464215,0
                -79.5415857,43.6406762,0
                -79.5404484,43.6401793,0
                -79.5390966,43.638937,0
                -79.5380023,43.6384711,0
                -79.5360085,43.6369751,0
                -79.5342018,43.6385783,0
                -79.528022,43.6436406,0
                -79.5236284,43.6446096,0
              </coordinates>
            </LinearRing>
          </outerBoundaryIs>
        </Polygon>
      </Placemark>
      <Placemark>
        <name>Jane And Finch</name>
        <styleUrl>#poly-558B2F-1200-74-nodesc</styleUrl>
        <Polygon>
          <outerBoundaryIs>
            <LinearRing>
              <tessellate>1</tessellate>
              <coordinates>
                -79.4919031,43.7666929,0
                -79.4988554,43.7651897,0
                -79.5070951,43.7634851,0
                -79.5063656,43.7647868,0
                -79.5089405,43.7672352,0
                -79.5097559,43.7690947,0
                -79.5108717,43.7694356,0
                -79.5122879,43.7705822,0
                -79.5136612,43.7721007,0
                -79.5163219,43.7748587,0
                -79.5168798,43.776346,0
                -79.5350572,43.7727331,0
                -79.5336168,43.7671422,0
                -79.5306798,43.754509,0
                -79.5264807,43.7362864,0
                -79.512662,43.7395731,0
                -79.51116,43.739449,0
                -79.4992631,43.7420338,0
                -79.4875136,43.7446268,0
                -79.486367,43.7447776,0
                -79.4905727,43.7617805,0
                -79.4919031,43.7666929,0
              </coordinates>
            </LinearRing>
          </outerBoundaryIs>
        </Polygon>
      </Placemark>
      <Placemark>
        <name>Junction</name>
        <styleUrl>#poly-3949AB-1200-77-nodesc</styleUrl>
        <Polygon>
          <outerBoundaryIs>
            <LinearRing>
              <tessellate>1</tessellate>
              <coordinates>
                -79.4835725,43.6689818,0
                -79.4809332,43.6627109,0
                -79.4799676,43.6600875,0
                -79.4748002,43.661208,0
                -79.4737488,43.6618755,0
                -79.4722467,43.6622015,0
                -79.4649236,43.663839,0
                -79.462735,43.6634044,0
                -79.459409,43.6641339,0
                -79.4585293,43.6644754,0
                -79.457759,43.6643097,0
                -79.457244,43.6644339,0
                -79.4600156,43.6672364,0
                -79.4657662,43.6729636,0
                -79.4714489,43.6716824,0
                -79.4835725,43.6689818,0
              </coordinates>
            </LinearRing>
          </outerBoundaryIs>
        </Polygon>
      </Placemark>
      <Placemark>
        <name>Junction Triangle</name>
        <styleUrl>#poly-9C27B0-1200-77-nodesc</styleUrl>
        <Polygon>
          <outerBoundaryIs>
            <LinearRing>
              <tessellate>1</tessellate>
              <coordinates>
                -79.4486864,43.6662911,0
                -79.4490297,43.6672767,0
                -79.4501884,43.6671526,0
                -79.4519909,43.6671215,0
                -79.4600156,43.6672364,0
                -79.457244,43.6644339,0
                -79.4499953,43.6568065,0
                -79.4440944,43.6507361,0
                -79.4408543,43.6481588,0
                -79.4393186,43.6474067,0
                -79.4406383,43.6485635,0
                -79.4417004,43.6497512,0
                -79.442292,43.6507827,0
                -79.4427855,43.6517764,0
                -79.4452195,43.6578088,0
                -79.4486864,43.6662911,0
              </coordinates>
            </LinearRing>
          </outerBoundaryIs>
        </Polygon>
      </Placemark>
      <Placemark>
        <name>Kensington</name>
        <styleUrl>#poly-795548-1200-74-nodesc</styleUrl>
        <Polygon>
          <outerBoundaryIs>
            <LinearRing>
              <tessellate>1</tessellate>
              <coordinates>
                -79.4075959,43.6564766,0
                -79.4060417,43.6523306,0
                -79.4055482,43.6524392,0
                -79.4038316,43.651694,0
                -79.3980595,43.6529516,0
                -79.4000056,43.657891,0
                -79.4075959,43.6564766,0
              </coordinates>
            </LinearRing>
          </outerBoundaryIs>
        </Polygon>
      </Placemark>
      <Placemark>
        <name>Kingsview Village</name>
        <styleUrl>#poly-F48FB1-1200-74-nodesc</styleUrl>
        <Polygon>
          <outerBoundaryIs>
            <LinearRing>
              <tessellate>1</tessellate>
              <coordinates>
                -79.569135,43.6919785,0
                -79.5342354,43.699834,0
                -79.5344071,43.7004235,0
                -79.5323995,43.7024038,0
                -79.5316391,43.7038363,0
                -79.5319609,43.7050385,0
                -79.5339015,43.7048237,0
                -79.5359614,43.7048547,0
                -79.5353606,43.7070574,0
                -79.5359614,43.7083603,0
                -79.537206,43.7082673,0
                -79.5390943,43.709322,0
                -79.5398667,43.710687,0
                -79.5393088,43.7113694,0
                -79.5378926,43.7124551,0
                -79.5385364,43.7127963,0
                -79.5463469,43.7110282,0
                -79.5545009,43.7083603,0
                -79.5595649,43.7029312,0
                -79.569135,43.6919785,0
              </coordinates>
            </LinearRing>
          </outerBoundaryIs>
        </Polygon>
      </Placemark>
      <Placemark>
        <name>Kingsway</name>
        <styleUrl>#poly-EDA29B-1200-74-nodesc</styleUrl>
        <Polygon>
          <outerBoundaryIs>
            <LinearRing>
              <tessellate>1</tessellate>
              <coordinates>
                -79.4919424,43.648454,0
                -79.4908695,43.6497427,0
                -79.4911056,43.651404,0
                -79.492672,43.6522579,0
                -79.4956975,43.6521026,0
                -79.4979399,43.6519895,0
                -79.5004611,43.6521958,0
                -79.5019954,43.6525639,0
                -79.5027464,43.6529987,0
                -79.5030039,43.6538525,0
                -79.5026606,43.6550014,0
                -79.5017808,43.6558552,0
                -79.5002144,43.6569575,0
                -79.4993132,43.658246,0
                -79.499753,43.6591353,0
                -79.5019202,43.6603151,0
                -79.5054998,43.662801,0
                -79.5094948,43.6610913,0
                -79.5165543,43.6583591,0
                -79.5219793,43.6562811,0
                -79.5264425,43.651282,0
                -79.5224268,43.6483671,0
                -79.518264,43.647125,0
                -79.5169765,43.6461623,0
                -79.5066409,43.648423,0
                -79.4991522,43.6500687,0
                -79.4967918,43.6499445,0
                -79.4946032,43.6493701,0
                -79.4919424,43.648454,0
              </coordinates>
            </LinearRing>
          </outerBoundaryIs>
        </Polygon>
      </Placemark>
      <Placemark>
        <name><![CDATA[L'Amoreaux]]></name>
        <styleUrl>#poly-FFCC80-1200-74-nodesc</styleUrl>
        <Polygon>
          <outerBoundaryIs>
            <LinearRing>
              <tessellate>1</tessellate>
              <coordinates>
                -79.3314797,43.7931356,0
                -79.3253428,43.7803093,0
                -79.3195493,43.7818275,0
                -79.3172962,43.7835006,0
                -79.3159229,43.7842752,0
                -79.3108589,43.785499,0
                -79.3086917,43.7861187,0
                -79.3080909,43.7866763,0
                -79.307769,43.7882099,0
                -79.3072755,43.7890309,0
                -79.3065674,43.7894801,0
                -79.3022329,43.7904714,0
                -79.2984564,43.7913543,0
                -79.2978985,43.7917416,0
                -79.2962677,43.7940959,0
                -79.2957313,43.7945451,0
                -79.2945511,43.7948704,0
                -79.2935211,43.7951492,0
                -79.2953338,43.7995422,0
                -79.2963208,43.800998,0
                -79.2976512,43.8024847,0
                -79.3006553,43.8095152,0
                -79.3019325,43.8121222,0
                -79.3031771,43.8118435,0
                -79.3042285,43.8112086,0
                -79.3053014,43.8104654,0
                -79.3082625,43.8093195,0
                -79.3111379,43.8086382,0
                -79.3209869,43.8063463,0
                -79.3307931,43.8041318,0
                -79.3320806,43.8038531,0
                -79.334634,43.8043641,0
                -79.3363077,43.8040544,0
                -79.3353359,43.8018401,0
                -79.3314797,43.7931356,0
              </coordinates>
            </LinearRing>
          </outerBoundaryIs>
        </Polygon>
      </Placemark>
      <Placemark>
        <name>Lambton</name>
        <styleUrl>#poly-FADA80-1200-79-nodesc</styleUrl>
        <Polygon>
          <outerBoundaryIs>
            <LinearRing>
              <tessellate>1</tessellate>
              <coordinates>
                -79.4948661,43.6594025,0
                -79.492613,43.6596431,0
                -79.4890725,43.6604115,0
                -79.4905338,43.6641505,0
                -79.4915208,43.6664789,0
                -79.4954261,43.675605,0
                -79.4984517,43.6757137,0
                -79.5029149,43.6737116,0
                -79.503623,43.6737271,0
                -79.5045242,43.6748756,0
                -79.5054898,43.6748756,0
                -79.5060691,43.675574,0
                -79.5082149,43.6750618,0
                -79.5095024,43.675574,0
                -79.5121417,43.6739444,0
                -79.5121202,43.6735719,0
                -79.5118413,43.6732305,0
                -79.512206,43.6726097,0
                -79.5121417,43.6721441,0
                -79.5115838,43.6710111,0
                -79.5113263,43.6695055,0
                -79.5110044,43.6685588,0
                -79.511219,43.6679069,0
                -79.512721,43.6667738,0
                -79.513,43.6662305,0
                -79.5129356,43.6655631,0
                -79.5126352,43.6643368,0
                -79.5122919,43.6631881,0
                -79.5118198,43.6624896,0
                -79.5101346,43.6619628,0
                -79.5064439,43.6631115,0
                -79.5054998,43.662801,0
                -79.5042616,43.6620165,0
                -79.502165,43.6643832,0
                -79.4986801,43.6656084,0
                -79.4979076,43.665003,0
                -79.4967436,43.6646825,0
                -79.4962703,43.6644549,0
                -79.4959686,43.6639789,0
                -79.49483,43.6628821,0
                -79.4945397,43.6619301,0
                -79.4942014,43.6612058,0
                -79.4942763,43.6605836,0
                -79.4954724,43.6596826,0
                -79.4948661,43.6594025,0
              </coordinates>
            </LinearRing>
          </outerBoundaryIs>
        </Polygon>
      </Placemark>
      <Placemark>
        <name>Lansing</name>
        <styleUrl>#poly-F48FB1-1200-69-nodesc</styleUrl>
        <Polygon>
          <outerBoundaryIs>
            <LinearRing>
              <tessellate>1</tessellate>
              <coordinates>
                -79.4084089,43.7537321,0
                -79.4096105,43.7563979,0
                -79.4109838,43.7616052,0
                -79.4127648,43.768935,0
                -79.4256608,43.7659752,0
                -79.4371192,43.7634028,0
                -79.4389217,43.7638677,0
                -79.4406383,43.7636508,0
                -79.4398664,43.7615526,0
                -79.4390933,43.7615122,0
                -79.4383638,43.7607373,0
                -79.4376771,43.7601484,0
                -79.4380205,43.7592496,0
                -79.4375055,43.7590016,0
                -79.4353597,43.7590016,0
                -79.4350164,43.7584437,0
                -79.4337289,43.7581647,0
                -79.4335143,43.7571728,0
                -79.4305103,43.7575758,0
                -79.4283645,43.755282,0
                -79.4283645,43.754228,0
                -79.4257328,43.7529015,0
                -79.423823,43.7517391,0
                -79.4228789,43.7506541,0
                -79.4225785,43.7498016,0
                -79.4215056,43.7494761,0
                -79.4201752,43.7492745,0
                -79.4193169,43.7497086,0
                -79.4178793,43.7496931,0
                -79.4161841,43.7504836,0
                -79.4160768,43.7510881,0
                -79.4156262,43.7517856,0
                -79.4151427,43.7519597,0
                -79.4142415,43.7515877,0
                -79.4125034,43.7516807,0
                -79.4117524,43.7518047,0
                -79.4111731,43.7515412,0
                -79.4102075,43.7521767,0
                -79.4084089,43.7537321,0
              </coordinates>
            </LinearRing>
          </outerBoundaryIs>
        </Polygon>
      </Placemark>
      <Placemark>
        <name>Lawrence Heights</name>
        <styleUrl>#poly-FFD600-1200-74-nodesc</styleUrl>
        <Polygon>
          <outerBoundaryIs>
            <LinearRing>
              <tessellate>1</tessellate>
              <coordinates>
                -79.4547799,43.7141955,0
                -79.4442946,43.7160313,0
                -79.437485,43.7175765,0
                -79.4380858,43.7184139,0
                -79.4401457,43.7198717,0
                -79.441047,43.7201508,0
                -79.4408324,43.7209883,0
                -79.441519,43.72257,0
                -79.4430211,43.7228182,0
                -79.4449093,43.7229112,0
                -79.4456818,43.7239347,0
                -79.4471839,43.7236555,0
                -79.4475651,43.7250523,0
                -79.4567969,43.7232213,0
                -79.4547799,43.7141955,0
              </coordinates>
            </LinearRing>
          </outerBoundaryIs>
        </Polygon>
      </Placemark>
      <Placemark>
        <name>Lawrence Manor</name>
        <styleUrl>#poly-7CB342-1200-66-nodesc</styleUrl>
        <Polygon>
          <outerBoundaryIs>
            <LinearRing>
              <tessellate>1</tessellate>
              <coordinates>
                -79.4331505,43.7339203,0
                -79.4338107,43.7361695,0
                -79.4421362,43.7314251,0
                -79.448874,43.7300142,0
                -79.4471839,43.7236555,0
                -79.4456615,43.7239038,0
                -79.4449093,43.7229112,0
                -79.4430211,43.7228182,0
                -79.441519,43.72257,0
                -79.4408324,43.7209883,0
                -79.441047,43.7201508,0
                -79.4401457,43.7198717,0
                -79.4380858,43.7184139,0
                -79.437485,43.7175765,0
                -79.4297463,43.7192881,0
                -79.4303181,43.7218257,0
                -79.4331505,43.7339203,0
              </coordinates>
            </LinearRing>
          </outerBoundaryIs>
        </Polygon>
      </Placemark>
      <Placemark>
        <name>Lawrence Park</name>
        <styleUrl>#poly-87CEAC-1200-74-nodesc</styleUrl>
        <Polygon>
          <outerBoundaryIs>
            <LinearRing>
              <tessellate>1</tessellate>
              <coordinates>
                -79.401365,43.7209592,0
                -79.4002706,43.7208739,0
                -79.3981893,43.7200675,0
                -79.396773,43.7194937,0
                -79.394756,43.7199434,0
                -79.3941016,43.7179041,0
                -79.3898208,43.7187338,0
                -79.3895311,43.7182453,0
                -79.386924,43.7187415,0
                -79.3865163,43.7170976,0
                -79.3862802,43.7169658,0
                -79.3798429,43.7179196,0
                -79.3792314,43.7187725,0
                -79.3785555,43.7189199,0
                -79.3791992,43.7222773,0
                -79.3799288,43.72534,0
                -79.3812055,43.7264332,0
                -79.3819243,43.7275108,0
                -79.3865485,43.7283947,0
                -79.3938923,43.7268317,0
                -79.4022126,43.7251151,0
                -79.401365,43.7209592,0
              </coordinates>
            </LinearRing>
          </outerBoundaryIs>
        </Polygon>
      </Placemark>
      <Placemark>
        <name>Leaside</name>
        <styleUrl>#poly-0F9D58-1200-74-nodesc</styleUrl>
        <Polygon>
          <outerBoundaryIs>
            <LinearRing>
              <tessellate>1</tessellate>
              <coordinates>
                -79.3779976,43.7161534,0
                -79.3773432,43.7120434,0
                -79.3771859,43.711052,0
                -79.3756909,43.7071188,0
                -79.3739529,43.7024729,0
                -79.3718054,43.6967342,0
                -79.3713672,43.6960271,0
                -79.3700798,43.6961202,0
                -79.3692858,43.6959185,0
                -79.3668646,43.6943398,0
                -79.3591149,43.7021239,0
                -79.3516047,43.7091817,0
                -79.3500383,43.7111206,0
                -79.3492873,43.7130283,0
                -79.3485577,43.7155253,0
                -79.3484177,43.7162657,0
                -79.3488826,43.7163765,0
                -79.3503846,43.7157872,0
                -79.3522944,43.7157406,0
                -79.3528523,43.7161749,0
                -79.3531067,43.7164404,0
                -79.3527205,43.7173244,0
                -79.3532355,43.7187511,0
                -79.3532999,43.7198367,0
                -79.3523128,43.720395,0
                -79.3523128,43.7207362,0
                -79.3530853,43.7210463,0
                -79.3533857,43.7205501,0
                -79.3542225,43.7201934,0
                -79.3549736,43.7192784,0
                -79.3562825,43.7190923,0
                -79.3562396,43.7195886,0
                -79.3558319,43.7198987,0
                -79.3561323,43.7202709,0
                -79.3583639,43.7196816,0
                -79.3617542,43.7197747,0
                -79.3629129,43.7200073,0
                -79.3638999,43.7208602,0
                -79.3652732,43.7203795,0
                -79.3660028,43.7207982,0
                -79.3670757,43.7211394,0
                -79.3687923,43.7211549,0
                -79.3700798,43.7202089,0
                -79.3708093,43.7200848,0
                -79.3721611,43.720333,0
                -79.3737276,43.7202554,0
                -79.3743927,43.7198522,0
                -79.3751652,43.7198832,0
                -79.3763025,43.7201934,0
                -79.377826,43.7192474,0
                -79.3785555,43.7189199,0
                -79.3779976,43.7161534,0
              </coordinates>
            </LinearRing>
          </outerBoundaryIs>
        </Polygon>
      </Placemark>
      <Placemark>
        <name>Ledbury Park</name>
        <styleUrl>#poly-A1C2FA-1200-74-nodesc</styleUrl>
        <Polygon>
          <outerBoundaryIs>
            <LinearRing>
              <tessellate>1</tessellate>
              <coordinates>
                -79.4243834,43.7204306,0
                -79.415586,43.7222726,0
                -79.419148,43.7309717,0
                -79.4196147,43.7332463,0
                -79.4202636,43.7369442,0
                -79.4216368,43.7399364,0
                -79.4304206,43.7378378,0
                -79.4341113,43.7372176,0
                -79.4338107,43.7361695,0
                -79.432473,43.7312541,0
                -79.4297463,43.7192881,0
                -79.4243834,43.7204306,0
              </coordinates>
            </LinearRing>
          </outerBoundaryIs>
        </Polygon>
      </Placemark>
      <Placemark>
        <name>Leslieville</name>
        <styleUrl>#poly-9FA8DA-1200-64-nodesc</styleUrl>
        <Polygon>
          <outerBoundaryIs>
            <LinearRing>
              <tessellate>1</tessellate>
              <coordinates>
                -79.3492892,43.6537701,0
                -79.347079,43.6510841,0
                -79.3285396,43.6590484,0
                -79.3149088,43.6622065,0
                -79.3162391,43.6654817,0
                -79.3214586,43.6782017,0
                -79.3296769,43.6749426,0
                -79.3337538,43.6733441,0
                -79.3376591,43.6715127,0
                -79.3401911,43.6697743,0
                -79.3422511,43.6678808,0
                -79.3444827,43.6647298,0
                -79.3452766,43.6628516,0
                -79.3463066,43.6569992,0
                -79.3473365,43.6553381,0
                -79.3483665,43.6543445,0
                -79.3492892,43.6537701,0
              </coordinates>
            </LinearRing>
          </outerBoundaryIs>
        </Polygon>
      </Placemark>
      <Placemark>
        <name>Liberty Village</name>
        <styleUrl>#poly-CE93D8-1200-61-nodesc</styleUrl>
        <Polygon>
          <outerBoundaryIs>
            <LinearRing>
              <tessellate>1</tessellate>
              <coordinates>
                -79.4273682,43.6389766,0
                -79.4253511,43.6338052,0
                -79.4124336,43.6374081,0
                -79.4101162,43.6374858,0
                -79.4104942,43.6383546,0
                -79.4040446,43.6400551,0
                -79.4038177,43.6401715,0
                -79.4113178,43.640281,0
                -79.4197078,43.6405605,0
                -79.4273682,43.6389766,0
              </coordinates>
            </LinearRing>
          </outerBoundaryIs>
        </Polygon>
      </Placemark>
      <Placemark>
        <name>Little Italy</name>
        <styleUrl>#poly-BCAAA4-1200-82-nodesc</styleUrl>
        <Polygon>
          <outerBoundaryIs>
            <LinearRing>
              <tessellate>1</tessellate>
              <coordinates>
                -79.4140201,43.650671,0
                -79.4060417,43.6523306,0
                -79.4075959,43.6564766,0
                -79.4153504,43.654956,0
                -79.4181614,43.6552665,0
                -79.4226563,43.6543638,0
                -79.4207943,43.6493544,0
                -79.4140201,43.650671,0
              </coordinates>
            </LinearRing>
          </outerBoundaryIs>
        </Polygon>
      </Placemark>
      <Placemark>
        <name>Long Branch</name>
        <styleUrl>#poly-880E4F-1200-79-nodesc</styleUrl>
        <Polygon>
          <outerBoundaryIs>
            <LinearRing>
              <tessellate>1</tessellate>
              <coordinates>
                -79.5446291,43.5850405,0
                -79.5449832,43.5820874,0
                -79.5443879,43.5811081,0
                -79.5435538,43.5803853,0
                -79.5367541,43.5876517,0
                -79.5272269,43.5878693,0
                -79.5188584,43.590387,0
                -79.5214548,43.5963081,0
                -79.5212187,43.596852,0
                -79.5237937,43.6027568,0
                -79.5262486,43.6015601,0
                -79.5375793,43.5959352,0
                -79.5485646,43.5901848,0
                -79.5465001,43.588825,0
                -79.5481931,43.5870571,0
                -79.5446291,43.5850405,0
              </coordinates>
            </LinearRing>
          </outerBoundaryIs>
        </Polygon>
      </Placemark>
      <Placemark>
        <name>Lytton Park</name>
        <styleUrl>#poly-A52714-1200-74-nodesc</styleUrl>
        <Polygon>
          <outerBoundaryIs>
            <LinearRing>
              <tessellate>1</tessellate>
              <coordinates>
                -79.4008943,43.7183719,0
                -79.401365,43.7209592,0
                -79.4022126,43.7251151,0
                -79.415586,43.7222726,0
                -79.4144126,43.7178446,0
                -79.413447,43.7169606,0
                -79.4147774,43.7166504,0
                -79.4158288,43.7173328,0
                -79.41673,43.7170071,0
                -79.4180604,43.7171622,0
                -79.4246694,43.715875,0
                -79.4236823,43.7136416,0
                -79.4250127,43.7131763,0
                -79.424326,43.7120751,0
                -79.4227811,43.7117184,0
                -79.4220086,43.7099812,0
                -79.4214292,43.7100588,0
                -79.4211503,43.7091747,0
                -79.4114943,43.7112221,0
                -79.4104644,43.7085697,0
                -79.399242,43.7109274,0
                -79.4008943,43.7183719,0
              </coordinates>
            </LinearRing>
          </outerBoundaryIs>
        </Polygon>
      </Placemark>
      <Placemark>
        <name>Malvern</name>
        <styleUrl>#poly-E65100-1200-82-nodesc</styleUrl>
        <Polygon>
          <outerBoundaryIs>
            <LinearRing>
              <tessellate>1</tessellate>
              <coordinates>
                -79.2412318,43.7985322,0
                -79.2396654,43.7952333,0
                -79.2387213,43.7939012,0
                -79.23782,43.7915469,0
                -79.2353309,43.7855057,0
                -79.227456,43.7881236,0
                -79.2182506,43.7930338,0
                -79.2120494,43.7941645,0
                -79.1969415,43.7963709,0
                -79.1999043,43.8020478,0
                -79.2001833,43.8035655,0
                -79.2008485,43.8051761,0
                -79.2024792,43.8083971,0
                -79.2044104,43.8121443,0
                -79.2058696,43.8130889,0
                -79.2144097,43.8183686,0
                -79.2175425,43.8199943,0
                -79.2182506,43.8191273,0
                -79.2196239,43.8182757,0
                -79.2211689,43.8179816,0
                -79.2223705,43.8171145,0
                -79.2252888,43.8168358,0
                -79.2371763,43.8142966,0
                -79.2342581,43.8080874,0
                -79.2327775,43.8076847,0
                -79.231254,43.8074525,0
                -79.2300309,43.8068021,0
                -79.2331637,43.8055477,0
                -79.232241,43.8030699,0
                -79.2339362,43.8026828,0
                -79.2354597,43.8015522,0
                -79.2387642,43.7990898,0
                -79.2412318,43.7985322,0
              </coordinates>
            </LinearRing>
          </outerBoundaryIs>
        </Polygon>
      </Placemark>
      <Placemark>
        <name>Markland Wood</name>
        <styleUrl>#poly-F9A825-1200-79-nodesc</styleUrl>
        <Polygon>
          <outerBoundaryIs>
            <LinearRing>
              <tessellate>1</tessellate>
              <coordinates>
                -79.5636999,43.6270254,0
                -79.5569408,43.6285009,0
                -79.5570567,43.6287025,0
                -79.5597174,43.6363126,0
                -79.5696222,43.6337815,0
                -79.5694077,43.6349307,0
                -79.5704591,43.6375086,0
                -79.5725405,43.638223,0
                -79.5744288,43.6397914,0
                -79.5756518,43.6405368,0
                -79.5770895,43.6407231,0
                -79.5785272,43.6418101,0
                -79.5834244,43.640042,0
                -79.5857847,43.637868,0
                -79.5852005,43.6372912,0
                -79.585973,43.635614,0
                -79.5858013,43.6336572,0
                -79.5851147,43.6322439,0
                -79.5851147,43.63125,0
                -79.5859944,43.6295881,0
                -79.5853722,43.6288426,0
                -79.5826256,43.628066,0
                -79.5809733,43.627833,0
                -79.5796859,43.6269011,0
                -79.5765531,43.62614,0
                -79.5751369,43.62541,0
                -79.5720684,43.6263264,0
                -79.5698797,43.6270564,0
                -79.5684206,43.6267147,0
                -79.5671331,43.6281747,0
                -79.5647728,43.6282679,0
                -79.563893,43.6279728,0
                -79.5636999,43.6270254,0
              </coordinates>
            </LinearRing>
          </outerBoundaryIs>
        </Polygon>
      </Placemark>
      <Placemark>
        <name>Maryvale</name>
        <styleUrl>#poly-0F9D58-1200-87-nodesc</styleUrl>
        <Polygon>
          <outerBoundaryIs>
            <LinearRing>
              <tessellate>1</tessellate>
              <coordinates>
                -79.3197441,43.7680931,0
                -79.3151951,43.7579116,0
                -79.3113756,43.7458838,0
                -79.3089295,43.748302,0
                -79.3017197,43.7588415,0
                -79.2999173,43.7613831,0
                -79.2971707,43.7656912,0
                -79.2937374,43.7706188,0
                -79.2945656,43.772581,0
                -79.3028784,43.7706653,0
                -79.3128348,43.768496,0
                -79.3197441,43.7680931,0
              </coordinates>
            </LinearRing>
          </outerBoundaryIs>
        </Polygon>
      </Placemark>
      <Placemark>
        <name>Milliken</name>
        <styleUrl>#poly-817717-1200-74-nodesc</styleUrl>
        <Polygon>
          <outerBoundaryIs>
            <LinearRing>
              <tessellate>1</tessellate>
              <coordinates>
                -79.3071993,43.8237754,0
                -79.3019325,43.8121222,0
                -79.2918356,43.8147647,0
                -79.2905267,43.8148266,0
                -79.288853,43.8140989,0
                -79.2879089,43.8141454,0
                -79.2859991,43.8145789,0
                -79.2839177,43.814966,0
                -79.2826517,43.8155544,0
                -79.2765363,43.8168704,0
                -79.2718585,43.8180471,0
                -79.2635973,43.8196882,0
                -79.2620738,43.8201527,0
                -79.2624172,43.8212055,0
                -79.2638977,43.8248746,0
                -79.2651637,43.8273669,0
                -79.2658504,43.8280635,0
                -79.2679318,43.8327074,0
                -79.2871579,43.8282957,0
                -79.3035944,43.8245185,0
                -79.3071993,43.8237754,0
              </coordinates>
            </LinearRing>
          </outerBoundaryIs>
        </Polygon>
      </Placemark>
      <Placemark>
        <name>Mimico</name>
        <styleUrl>#poly-558B2F-1200-82-nodesc</styleUrl>
        <Polygon>
          <outerBoundaryIs>
            <LinearRing>
              <tessellate>1</tessellate>
              <coordinates>
                -79.5303806,43.617249,0
                -79.5295102,43.6151083,0
                -79.5251757,43.6048853,0
                -79.5250899,43.6038598,0
                -79.5262486,43.6015601,0
                -79.5237937,43.6027568,0
                -79.5179618,43.6058159,0
                -79.5025981,43.6125899,0
                -79.5016969,43.6112849,0
                -79.498092,43.6023665,0
                -79.4974053,43.6008748,0
                -79.4939721,43.5990723,0
                -79.477836,43.6118131,0
                -79.4731153,43.6175922,0
                -79.4744692,43.6185234,0
                -79.4775162,43.6201856,0
                -79.4817648,43.6219409,0
                -79.4852409,43.6228107,0
                -79.4870648,43.6241621,0
                -79.4865499,43.6247679,0
                -79.4879017,43.6252339,0
                -79.4886292,43.625856,0
                -79.5008931,43.6228913,0
                -79.5159993,43.6197846,0
                -79.5303806,43.617249,0
              </coordinates>
            </LinearRing>
          </outerBoundaryIs>
        </Polygon>
      </Placemark>
      <Placemark>
        <name>Moore Park</name>
        <styleUrl>#poly-097138-1200-82-nodesc</styleUrl>
        <Polygon>
          <outerBoundaryIs>
            <LinearRing>
              <tessellate>1</tessellate>
              <coordinates>
                -79.3838005,43.6844586,0
                -79.3824272,43.6849241,0
                -79.3781356,43.6858396,0
                -79.3760757,43.6865068,0
                -79.3733935,43.688105,0
                -79.3710488,43.6903989,0
                -79.3724708,43.6909754,0
                -79.3735222,43.6916426,0
                -79.3760972,43.693039,0
                -79.3808069,43.694698,0
                -79.3813648,43.695082,0
                -79.3818744,43.6946786,0
                -79.3847605,43.694058,0
                -79.385018,43.6943334,0
                -79.3854364,43.6942442,0
                -79.385313,43.6939378,0
                -79.389111,43.6931116,0
                -79.3889233,43.6926345,0
                -79.3892183,43.6925725,0
                -79.3887785,43.6917036,0
                -79.389508,43.6915407,0
                -79.3895563,43.6915911,0
                -79.3899479,43.6915058,0
                -79.3904521,43.6917657,0
                -79.3906131,43.6916493,0
                -79.3905058,43.691401,0
                -79.3909984,43.6912919,0
                -79.3899685,43.6905626,0
                -79.3900114,43.6900196,0
                -79.3889748,43.6892841,0
                -79.3882304,43.6886697,0
                -79.3875223,43.6885611,0
                -79.386664,43.6877853,0
                -79.3858915,43.6869784,0
                -79.3852692,43.6866215,0
                -79.3855267,43.6863112,0
                -79.3854623,43.6853336,0
                -79.3844848,43.6845438,0
                -79.3840664,43.6843421,0
                -79.3838005,43.6844586,0
              </coordinates>
            </LinearRing>
          </outerBoundaryIs>
        </Polygon>
      </Placemark>
      <Placemark>
        <name>Moss Park</name>
        <styleUrl>#poly-006064-1200-74-nodesc</styleUrl>
        <Polygon>
          <outerBoundaryIs>
            <LinearRing>
              <tessellate>1</tessellate>
              <coordinates>
                -79.3738932,43.655369,0
                -79.373228,43.653669,0
                -79.3687541,43.6546471,0
                -79.3645353,43.6556033,0
                -79.3632288,43.6559279,0
                -79.3635721,43.6566188,0
                -79.3636794,43.6570379,0
                -79.3637974,43.6572009,0
                -79.3650222,43.6569331,0
                -79.3676186,43.6563121,0
                -79.3690348,43.6562655,0
                -79.3701506,43.6561413,0
                -79.3738932,43.655369,0
              </coordinates>
            </LinearRing>
          </outerBoundaryIs>
        </Polygon>
      </Placemark>
      <Placemark>
        <name>Mount Dennis</name>
        <styleUrl>#poly-01579B-1200-71-nodesc</styleUrl>
        <Polygon>
          <outerBoundaryIs>
            <LinearRing>
              <tessellate>1</tessellate>
              <coordinates>
                -79.5074119,43.6788258,0
                -79.5087614,43.6763664,0
                -79.5095024,43.675574,0
                -79.5082149,43.6750618,0
                -79.5060691,43.675574,0
                -79.5054898,43.6748756,0
                -79.5045242,43.6748756,0
                -79.503623,43.6737271,0
                -79.5029149,43.6737116,0
                -79.4984517,43.6757137,0
                -79.4954261,43.675605,0
                -79.4933356,43.6758307,0
                -79.4891943,43.675334,0
                -79.485804,43.6762342,0
                -79.4835509,43.6771343,0
                -79.4831647,43.6783758,0
                -79.4829072,43.6791983,0
                -79.47971,43.6837295,0
                -79.4812482,43.6846044,0
                -79.5017188,43.6946587,0
                -79.5034851,43.6953587,0
                -79.506294,43.6946826,0
                -79.5112293,43.6936431,0
                -79.5115511,43.6944964,0
                -79.5128386,43.6944344,0
                -79.5133142,43.6922786,0
                -79.513164,43.6906029,0
                -79.5126061,43.6893927,0
                -79.5124988,43.6880118,0
                -79.5113616,43.6872049,0
                -79.5103531,43.6840705,0
                -79.5091047,43.6825117,0
                -79.5060577,43.6823255,0
                -79.5054998,43.6804323,0
                -79.5071306,43.6793771,0
                -79.5074119,43.6788258,0
              </coordinates>
            </LinearRing>
          </outerBoundaryIs>
        </Polygon>
      </Placemark>
      <Placemark>
        <name>New Toronto</name>
        <styleUrl>#poly-1A237E-1200-74-nodesc</styleUrl>
        <Polygon>
          <outerBoundaryIs>
            <LinearRing>
              <tessellate>1</tessellate>
              <coordinates>
                -79.5008354,43.5939896,0
                -79.4963722,43.5984029,0
                -79.4974053,43.6008748,0
                -79.5016969,43.6112849,0
                -79.5025981,43.6125899,0
                -79.5179618,43.6058159,0
                -79.5237937,43.6027568,0
                -79.5212187,43.596852,0
                -79.5214548,43.5963081,0
                -79.5188584,43.590387,0
                -79.5176582,43.5882704,0
                -79.5154695,43.5869959,0
                -79.5095472,43.5865918,0
                -79.5041399,43.5882393,0
                -79.5008354,43.5939896,0
              </coordinates>
            </LinearRing>
          </outerBoundaryIs>
        </Polygon>
      </Placemark>
      <Placemark>
        <name>Newtonbrook</name>
        <styleUrl>#poly-673AB7-1200-84-nodesc</styleUrl>
        <Polygon>
          <outerBoundaryIs>
            <LinearRing>
              <tessellate>1</tessellate>
              <coordinates>
                -79.4703431,43.7873421,0
                -79.4702143,43.7819201,0
                -79.4669889,43.7688048,0
                -79.4561313,43.7712531,0
                -79.441976,43.7738948,0
                -79.4157118,43.7797202,0
                -79.3929238,43.7848635,0
                -79.3921873,43.7850486,0
                -79.3935675,43.7922989,0
                -79.3961854,43.8032643,0
                -79.4202609,43.7980296,0
                -79.4457955,43.7924538,0
                -79.4703431,43.7873421,0
              </coordinates>
            </LinearRing>
          </outerBoundaryIs>
        </Polygon>
      </Placemark>
      <Placemark>
        <name>Niagara</name>
        <styleUrl>#poly-4E342E-1200-82-nodesc</styleUrl>
        <Polygon>
          <outerBoundaryIs>
            <LinearRing>
              <tessellate>1</tessellate>
              <coordinates>
                -79.4162846,43.6446902,0
                -79.4146967,43.6404355,0
                -79.4113178,43.640281,0
                -79.4038177,43.6401715,0
                -79.4013963,43.6407369,0
                -79.4039603,43.6471759,0
                -79.4162846,43.6446902,0
              </coordinates>
            </LinearRing>
          </outerBoundaryIs>
        </Polygon>
      </Placemark>
      <Placemark>
        <name>North Toronto/Sherwood Park</name>
        <styleUrl>#poly-C2185B-1200-79-nodesc</styleUrl>
        <Polygon>
          <outerBoundaryIs>
            <LinearRing>
              <tessellate>1</tessellate>
              <coordinates>
                -79.4104644,43.7085697,0
                -79.409672,43.7057381,0
                -79.4087922,43.7051642,0
                -79.4085235,43.7046137,0
                -79.3982882,43.7067698,0
                -79.3771859,43.711052,0
                -79.3779976,43.7161534,0
                -79.3785555,43.7189199,0
                -79.3792314,43.7187725,0
                -79.3798429,43.7179196,0
                -79.3862802,43.7169658,0
                -79.3865163,43.7170976,0
                -79.386924,43.7187415,0
                -79.3895311,43.7182453,0
                -79.3898208,43.7187338,0
                -79.3941016,43.7179041,0
                -79.394756,43.7199434,0
                -79.396773,43.7194937,0
                -79.4002706,43.7208739,0
                -79.401365,43.7209592,0
                -79.399242,43.7109274,0
                -79.4104644,43.7085697,0
              </coordinates>
            </LinearRing>
          </outerBoundaryIs>
        </Polygon>
      </Placemark>
      <Placemark>
        <name>Oakridge</name>
        <styleUrl>#poly-FF5252-1200-77-nodesc</styleUrl>
        <Polygon>
          <outerBoundaryIs>
            <LinearRing>
              <tessellate>1</tessellate>
              <coordinates>
                -79.2883821,43.6912187,0
                -79.287599,43.6892625,0
                -79.2801961,43.6909537,0
                -79.2759046,43.6922725,0
                -79.2719778,43.6942584,0
                -79.2695746,43.6960426,0
                -79.2712374,43.7004652,0
                -79.2757864,43.6995499,0
                -79.2782111,43.7053361,0
                -79.2807646,43.711494,0
                -79.2811586,43.7120504,0
                -79.2824246,43.7117247,0
                -79.2818452,43.7108871,0
                -79.280944,43.7107475,0
                -79.2812873,43.7101581,0
                -79.2808581,43.7092585,0
                -79.2812873,43.7081417,0
                -79.280944,43.7069473,0
                -79.2819525,43.7062183,0
                -79.2825748,43.7061562,0
                -79.2821885,43.7054892,0
                -79.2825104,43.7039691,0
                -79.2833472,43.7032865,0
                -79.282682,43.7026195,0
                -79.2821456,43.702573,0
                -79.2818881,43.7022007,0
                -79.2823602,43.7013475,0
                -79.2817808,43.6996565,0
                -79.2825533,43.6992532,0
                -79.2855788,43.698462,0
                -79.2871882,43.6983069,0
                -79.287789,43.6985551,0
                -79.288776,43.6985241,0
                -79.290321,43.6976708,0
                -79.2909862,43.6976863,0
                -79.2890531,43.6928691,0
                -79.2883821,43.6912187,0
              </coordinates>
            </LinearRing>
          </outerBoundaryIs>
        </Polygon>
      </Placemark>
      <Placemark>
        <name>Old Mill</name>
        <styleUrl>#poly-F57C00-1200-74-nodesc</styleUrl>
        <Polygon>
          <outerBoundaryIs>
            <LinearRing>
              <tessellate>1</tessellate>
              <coordinates>
                -79.4868999,43.6478584,0
                -79.4857197,43.6483086,0
                -79.484563,43.6493458,0
                -79.4876778,43.6571904,0
                -79.4899201,43.6561813,0
                -79.492023,43.6557388,0
                -79.4924575,43.655929,0
                -79.4929671,43.6557155,0
                -79.4934123,43.6553934,0
                -79.4937288,43.6552537,0
                -79.4947266,43.6551566,0
                -79.4951021,43.6549859,0
                -79.4956922,43.6541863,0
                -79.495821,43.6538525,0
                -79.4964057,43.6537749,0
                -79.4979399,43.6519895,0
                -79.492672,43.6522579,0
                -79.4911056,43.651404,0
                -79.4908695,43.6497427,0
                -79.4919424,43.648454,0
                -79.4902794,43.6478972,0
                -79.4881444,43.6477264,0
                -79.4868999,43.6478584,0
              </coordinates>
            </LinearRing>
          </outerBoundaryIs>
        </Polygon>
      </Placemark>
      <Placemark>
        <name>Parkdale</name>
        <styleUrl>#poly-FBC02D-1200-79-nodesc</styleUrl>
        <Polygon>
          <outerBoundaryIs>
            <LinearRing>
              <tessellate>1</tessellate>
              <coordinates>
                -79.4453357,43.6373369,0
                -79.4379758,43.6342931,0
                -79.4348644,43.6330507,0
                -79.432032,43.6324294,0
                -79.4296287,43.6326624,0
                -79.4253511,43.6338052,0
                -79.4273682,43.6389766,0
                -79.4286478,43.6422275,0
                -79.431036,43.6435715,0
                -79.4393186,43.6474067,0
                -79.4408543,43.6481588,0
                -79.4410657,43.6481134,0
                -79.4391935,43.6435716,0
                -79.4403737,43.643331,0
                -79.4422083,43.6429738,0
                -79.4409423,43.6397439,0
                -79.4460624,43.6387027,0
                -79.4474356,43.6384853,0
                -79.4453357,43.6373369,0
              </coordinates>
            </LinearRing>
          </outerBoundaryIs>
        </Polygon>
      </Placemark>
      <Placemark>
        <name>Parkwoods</name>
        <styleUrl>#poly-FFEA00-1200-77-nodesc</styleUrl>
        <Polygon>
          <outerBoundaryIs>
            <LinearRing>
              <tessellate>1</tessellate>
              <coordinates>
                -79.3296451,43.7680337,0
                -79.3387698,43.7675979,0
                -79.3357631,43.7582808,0
                -79.3340894,43.7532283,0
                -79.3338514,43.7517088,0
                -79.3333364,43.7473842,0
                -79.3331219,43.7460046,0
                -79.3321796,43.7420057,0
                -79.3321348,43.7395712,0
                -79.3241096,43.7409045,0
                -79.3166853,43.7413695,0
                -79.3130375,43.7415556,0
                -79.3098617,43.7421757,0
                -79.3113756,43.7458838,0
                -79.3151951,43.7579116,0
                -79.3197441,43.7680931,0
                -79.3296451,43.7680337,0
              </coordinates>
            </LinearRing>
          </outerBoundaryIs>
        </Polygon>
      </Placemark>
      <Placemark>
        <name>Humberlea</name>
        <styleUrl>#poly-0097A7-1200-74-nodesc</styleUrl>
        <Polygon>
          <outerBoundaryIs>
            <LinearRing>
              <tessellate>1</tessellate>
              <coordinates>
                -79.5284237,43.7151044,0
                -79.5211495,43.7162521,0
                -79.5184985,43.7162831,0
                -79.5231763,43.7225484,0
                -79.5264807,43.7362864,0
                -79.5322122,43.735094,0
                -79.5382204,43.7337606,0
                -79.5377912,43.7319311,0
                -79.5384778,43.731776,0
                -79.5385946,43.7305032,0
                -79.5388521,43.72872,0
                -79.5382513,43.7270454,0
                -79.541191,43.7260065,0
                -79.5410837,43.7240061,0
                -79.5410837,43.7216335,0
                -79.5428861,43.7203308,0
                -79.5441521,43.717741,0
                -79.5424141,43.7165933,0
                -79.5410622,43.716857,0
                -79.5403971,43.7165468,0
                -79.5408047,43.71512,0
                -79.5379723,43.7146237,0
                -79.5385364,43.7127963,0
                -79.5378926,43.7124551,0
                -79.5284237,43.7151044,0
              </coordinates>
            </LinearRing>
          </outerBoundaryIs>
        </Polygon>
      </Placemark>
      <Placemark>
        <name>Playter Estates</name>
        <styleUrl>#poly-7CB342-1200-79-nodesc</styleUrl>
        <Polygon>
          <outerBoundaryIs>
            <LinearRing>
              <tessellate>1</tessellate>
              <coordinates>
                -79.3588626,43.6761859,0
                -79.3532192,43.6773033,0
                -79.3534981,43.677862,0
                -79.3534767,43.678281,0
                -79.3550002,43.6824244,0
                -79.3574893,43.6820209,0
                -79.3577296,43.681245,0
                -79.3617958,43.6812295,0
                -79.3625146,43.68102,0
                -79.3615896,43.6756706,0
                -79.3588626,43.6761859,0
              </coordinates>
            </LinearRing>
          </outerBoundaryIs>
        </Polygon>
      </Placemark>
      <Placemark>
        <name>Port Union</name>
        <styleUrl>#poly-0F9D58-1200-82-nodesc</styleUrl>
        <Polygon>
          <outerBoundaryIs>
            <LinearRing>
              <tessellate>1</tessellate>
              <coordinates>
                -79.144603,43.7974438,0
                -79.14765,43.7961273,0
                -79.1519234,43.7954261,0
                -79.1689178,43.7844593,0
                -79.1753122,43.7801835,0
                -79.1742576,43.7793356,0
                -79.1704381,43.7801257,0
                -79.1693223,43.778499,0
                -79.1678203,43.7791807,0
                -79.1677344,43.7802187,0
                -79.1655457,43.7796455,0
                -79.1660607,43.7782666,0
                -79.1652239,43.7779413,0
                -79.163915,43.7791652,0
                -79.1631425,43.7790413,0
                -79.1629064,43.7770582,0
                -79.1597307,43.7766088,0
                -79.1576922,43.7748891,0
                -79.152714,43.7716043,0
                -79.1515768,43.7716973,0
                -79.1503966,43.7702717,0
                -79.1488731,43.7710155,0
                -79.1471351,43.7699153,0
                -79.1462124,43.7703957,0
                -79.1453755,43.769373,0
                -79.1455901,43.7685363,0
                -79.144367,43.7663359,0
                -79.1325868,43.7742383,0
                -79.1348398,43.775168,0
                -79.1411698,43.7903809,0
                -79.1434014,43.7960189,0
                -79.144603,43.7974438,0
              </coordinates>
            </LinearRing>
          </outerBoundaryIs>
        </Polygon>
      </Placemark>
      <Placemark>
        <name>Queensway/Stonegate</name>
        <styleUrl>#poly-0097A7-1200-61-nodesc</styleUrl>
        <Polygon>
          <outerBoundaryIs>
            <LinearRing>
              <tessellate>1</tessellate>
              <coordinates>
                -79.5288613,43.626353,0
                -79.5258951,43.6180174,0
                -79.5159993,43.6197846,0
                -79.5132351,43.6203786,0
                -79.5025492,43.6225688,0
                -79.4990434,43.6233342,0
                -79.4886292,43.625856,0
                -79.4888887,43.6260571,0
                -79.4903264,43.6263677,0
                -79.4928584,43.6285422,0
                -79.4934378,43.6303128,0
                -79.4961629,43.6315863,0
                -79.4978795,43.6308719,0
                -79.4991026,43.6317572,0
                -79.4986091,43.6326424,0
                -79.4991455,43.6337451,0
                -79.5018492,43.6334811,0
                -79.5026646,43.6340867,0
                -79.5031765,43.6359046,0
                -79.5051721,43.635889,0
                -79.5052579,43.6375973,0
                -79.5190766,43.6343361,0
                -79.5169309,43.6289313,0
                -79.5288613,43.626353,0
              </coordinates>
            </LinearRing>
          </outerBoundaryIs>
        </Polygon>
      </Placemark>
      <Placemark>
        <name>Regent Park</name>
        <styleUrl>#poly-0288D1-1200-79-nodesc</styleUrl>
        <Polygon>
          <outerBoundaryIs>
            <LinearRing>
              <tessellate>1</tessellate>
              <coordinates>
                -79.3574386,43.6595289,0
                -79.3591982,43.6637202,0
                -79.3670821,43.6619317,0
                -79.3650222,43.6569331,0
                -79.3637974,43.6572009,0
                -79.3600779,43.6580386,0
                -79.35952,43.6583181,0
                -79.3574386,43.6595289,0
              </coordinates>
            </LinearRing>
          </outerBoundaryIs>
        </Polygon>
      </Placemark>
      <Placemark>
        <name>Rexdale</name>
        <styleUrl>#poly-C2185B-1200-77-nodesc</styleUrl>
        <Polygon>
          <outerBoundaryIs>
            <LinearRing>
              <tessellate>1</tessellate>
              <coordinates>
                -79.5667831,43.7118539,0
                -79.5549384,43.7143665,0
                -79.5621053,43.729998,0
                -79.5669547,43.7320447,0
                -79.5684997,43.7349905,0
                -79.5700876,43.7360758,0
                -79.5737783,43.7357967,0
                -79.5772115,43.7338742,0
                -79.5802156,43.733006,0
                -79.5793144,43.7292227,0
                -79.5809022,43.7281683,0
                -79.5855371,43.7291297,0
                -79.5903865,43.7260285,0
                -79.5919744,43.7258734,0
                -79.592189,43.7244468,0
                -79.5939914,43.7234853,0
                -79.5909873,43.717034,0
                -79.5862237,43.7172512,0
                -79.5827047,43.7179646,0
                -79.581503,43.7190812,0
                -79.5776836,43.7201667,0
                -79.5765249,43.7215934,0
                -79.5718471,43.7224619,0
                -79.5667831,43.7118539,0
              </coordinates>
            </LinearRing>
          </outerBoundaryIs>
        </Polygon>
      </Placemark>
      <Placemark>
        <name>Richview</name>
        <styleUrl>#poly-9C27B0-1200-77-nodesc</styleUrl>
        <Polygon>
          <outerBoundaryIs>
            <LinearRing>
              <tessellate>1</tessellate>
              <coordinates>
                -79.577668,43.6772878,0
                -79.5735911,43.6733768,0
                -79.5643214,43.6744322,0
                -79.5615319,43.6747426,0
                -79.5390167,43.6797806,0
                -79.5266823,43.6823325,0
                -79.5342354,43.699834,0
                -79.569135,43.6919785,0
                -79.577668,43.6772878,0
              </coordinates>
            </LinearRing>
          </outerBoundaryIs>
        </Polygon>
      </Placemark>
      <Placemark>
        <name>Riverdale</name>
        <styleUrl>#poly-795548-1200-82-nodesc</styleUrl>
        <Polygon>
          <outerBoundaryIs>
            <LinearRing>
              <tessellate>1</tessellate>
              <coordinates>
                -79.3615896,43.6756706,0
                -79.3606025,43.6733736,0
                -79.3579847,43.6704713,0
                -79.3563968,43.6667152,0
                -79.3559247,43.6646197,0
                -79.3427497,43.6676465,0
                -79.3423849,43.667662,0
                -79.3422296,43.6678808,0
                -79.3401696,43.6697743,0
                -79.3376376,43.6715127,0
                -79.3367364,43.6720094,0
                -79.3400889,43.6799382,0
                -79.3531977,43.6773033,0
                -79.3588411,43.6761859,0
                -79.3589054,43.6763256,0
                -79.3588626,43.6761859,0
                -79.3601704,43.6759454,0
                -79.3615896,43.6756706,0
              </coordinates>
            </LinearRing>
          </outerBoundaryIs>
        </Polygon>
      </Placemark>
      <Placemark>
        <name>Rosedale</name>
        <styleUrl>#poly-A52714-1200-77-nodesc</styleUrl>
        <Polygon>
          <outerBoundaryIs>
            <LinearRing>
              <tessellate>1</tessellate>
              <coordinates>
                -79.3912936,43.6810661,0
                -79.3892838,43.6761702,0
                -79.3890058,43.6756193,0
                -79.3878321,43.6758094,0
                -79.3870951,43.6743989,0
                -79.3863619,43.6738489,0
                -79.3839568,43.6734963,0
                -79.3826153,43.6734004,0
                -79.3809304,43.6732734,0
                -79.3783658,43.6731464,0
                -79.3771636,43.6731936,0
                -79.3768626,43.672294,0
                -79.3759943,43.6724607,0
                -79.3711591,43.6718656,0
                -79.3698931,43.6725951,0
                -79.3670035,43.6746024,0
                -79.3646861,43.6750836,0
                -79.3657375,43.6767596,0
                -79.3681623,43.6786685,0
                -79.3686558,43.6792427,0
                -79.3686558,43.6806083,0
                -79.3661667,43.6829205,0
                -79.3673898,43.6851239,0
                -79.3679262,43.6868308,0
                -79.3674112,43.687948,0
                -79.3675196,43.6886651,0
                -79.3684101,43.6897512,0
                -79.3691289,43.6899607,0
                -79.3698477,43.6898909,0
                -79.3710488,43.6903989,0
                -79.3733935,43.688105,0
                -79.3760757,43.6865068,0
                -79.3781356,43.6858396,0
                -79.3824272,43.6849241,0
                -79.3840664,43.6843421,0
                -79.3896843,43.6818187,0
                -79.3912936,43.6810661,0
              </coordinates>
            </LinearRing>
          </outerBoundaryIs>
        </Polygon>
      </Placemark>
      <Placemark>
        <name>Rouge </name>
        <styleUrl>#poly-E65100-1200-82-nodesc</styleUrl>
        <Polygon>
          <outerBoundaryIs>
            <LinearRing>
              <tessellate>1</tessellate>
              <coordinates>
                -79.1901804,43.8043024,0
                -79.1874338,43.7977979,0
                -79.1752693,43.7996079,0
                -79.1676089,43.7999331,0
                -79.1547558,43.7956585,0
                -79.1519234,43.7954261,0
                -79.1473508,43.7962181,0
                -79.144603,43.7974438,0
                -79.1340471,43.804767,0
                -79.1338754,43.8065014,0
                -79.1384244,43.8063775,0
                -79.1398407,43.8076164,0
                -79.1460634,43.8035591,0
                -79.1509128,43.8061607,0
                -79.1552902,43.805882,0
                -79.1552473,43.8079261,0
                -79.1528011,43.8087313,0
                -79.1546464,43.8112398,0
                -79.1561056,43.8102798,0
                -79.1587663,43.8091029,0
                -79.1597534,43.8101869,0
                -79.1606546,43.8122308,0
                -79.1642166,43.8115805,0
                -79.164002,43.8129121,0
                -79.1651607,43.8137173,0
                -79.1659332,43.8126953,0
                -79.1681219,43.8116424,0
                -79.1717268,43.8139031,0
                -79.1743446,43.8133766,0
                -79.1760612,43.812045,0
                -79.1776491,43.8122927,0
                -79.1783786,43.815792,0
                -79.1798807,43.8160707,0
                -79.1816831,43.814894,0
                -79.184258,43.8154204,0
                -79.1855026,43.8148321,0
                -79.1873909,43.8135315,0
                -79.189322,43.8109921,0
                -79.1919828,43.8089481,0
                -79.1901804,43.8043024,0
              </coordinates>
            </LinearRing>
          </outerBoundaryIs>
        </Polygon>
      </Placemark>
      <Placemark>
        <name>Runnymede</name>
        <styleUrl>#poly-F9A825-1200-77-nodesc</styleUrl>
        <Polygon>
          <outerBoundaryIs>
            <LinearRing>
              <tessellate>1</tessellate>
              <coordinates>
                -79.4878743,43.6667052,0
                -79.4915208,43.6664789,0
                -79.4890725,43.6604115,0
                -79.4881683,43.6582896,0
                -79.4799676,43.6600875,0
                -79.4810722,43.6629643,0
                -79.4828103,43.6670156,0
                -79.4878743,43.6667052,0
              </coordinates>
            </LinearRing>
          </outerBoundaryIs>
        </Polygon>
      </Placemark>
      <Placemark>
        <name>Scarborough Village</name>
        <styleUrl>#poly-FFD600-1200-74-nodesc</styleUrl>
        <Polygon>
          <outerBoundaryIs>
            <LinearRing>
              <tessellate>1</tessellate>
              <coordinates>
                -79.2209059,43.7477849,0
                -79.223395,43.7457078,0
                -79.2287317,43.7415794,0
                -79.2245474,43.7320137,0
                -79.2251912,43.7314865,0
                -79.2245689,43.7302616,0
                -79.2235175,43.7297809,0
                -79.221951,43.7293933,0
                -79.2205992,43.7288816,0
                -79.2196122,43.7283699,0
                -79.2179266,43.7279623,0
                -79.2174759,43.7289857,0
                -79.2150479,43.7316154,0
                -79.2119613,43.734614,0
                -79.2076322,43.7398658,0
                -79.2053792,43.7443499,0
                -79.2044565,43.7477524,0
                -79.2047891,43.7489072,0
                -79.2060015,43.7496822,0
                -79.2019996,43.7542314,0
                -79.2030102,43.7541089,0
                -79.2067009,43.753148,0
                -79.2115932,43.751102,0
                -79.2188889,43.748932,0
                -79.2209059,43.7477849,0
              </coordinates>
            </LinearRing>
          </outerBoundaryIs>
        </Polygon>
      </Placemark>
      <Placemark>
        <name>Scarborough Junction</name>
        <styleUrl>#poly-817717-1200-84-nodesc</styleUrl>
        <Polygon>
          <outerBoundaryIs>
            <LinearRing>
              <tessellate>1</tessellate>
              <coordinates>
                -79.2481966,43.7366753,0
                -79.2681308,43.7324271,0
                -79.2675729,43.7308766,0
                -79.2701907,43.7284578,0
                -79.2743964,43.7235888,0
                -79.2755122,43.7217589,0
                -79.2785592,43.714656,0
                -79.2795677,43.708483,0
                -79.2757864,43.6995499,0
                -79.2712374,43.7004652,0
                -79.264998,43.7017353,0
                -79.2643328,43.7029298,0
                -79.2591891,43.7107017,0
                -79.2523137,43.7211438,0
                -79.2458334,43.7303856,0
                -79.2454929,43.7307526,0
                -79.2481966,43.7366753,0
              </coordinates>
            </LinearRing>
          </outerBoundaryIs>
        </Polygon>
      </Placemark>
      <Placemark>
        <name>Seaton Village</name>
        <styleUrl>#poly-558B2F-1200-82-nodesc</styleUrl>
        <Polygon>
          <outerBoundaryIs>
            <LinearRing>
              <tessellate>1</tessellate>
              <coordinates>
                -79.4112053,43.6651121,0
                -79.4143717,43.6731405,0
                -79.4216338,43.6716622,0
                -79.4187799,43.6642895,0
                -79.4189516,43.6636065,0
                -79.4188872,43.6633892,0
                -79.4112053,43.6651121,0
              </coordinates>
            </LinearRing>
          </outerBoundaryIs>
        </Polygon>
      </Placemark>
      <Placemark>
        <name>Silverthorn</name>
        <styleUrl>#poly-097138-1200-79-nodesc</styleUrl>
        <Polygon>
          <outerBoundaryIs>
            <LinearRing>
              <tessellate>1</tessellate>
              <coordinates>
                -79.4757965,43.6817815,0
                -79.4723418,43.6794227,0
                -79.4657662,43.6729636,0
                -79.463064,43.6735524,0
                -79.4640082,43.6767494,0
                -79.4649094,43.6785186,0
                -79.4659394,43.6801791,0
                -79.4676989,43.681824,0
                -79.4612476,43.6832229,0
                -79.4628999,43.688871,0
                -79.4635007,43.690314,0
                -79.4646379,43.6919897,0
                -79.4656035,43.6943635,0
                -79.4665691,43.6977999,0
                -79.469445,43.6955908,0
                -79.4701316,43.6962734,0
                -79.4708826,43.6966613,0
                -79.4721272,43.6966148,0
                -79.4751312,43.695808,0
                -79.4741657,43.6918673,0
                -79.4753887,43.6909363,0
                -79.4715693,43.6820608,0
                -79.4757965,43.6817815,0
              </coordinates>
            </LinearRing>
          </outerBoundaryIs>
        </Polygon>
      </Placemark>
      <Placemark>
        <name>Smithfield</name>
        <styleUrl>#poly-006064-1200-77-nodesc</styleUrl>
        <Polygon>
          <outerBoundaryIs>
            <LinearRing>
              <tessellate>1</tessellate>
              <coordinates>
                -79.6081758,43.7568185,0
                -79.6079826,43.7563381,0
                -79.5987988,43.7350392,0
                -79.6031331,43.7342485,0
                -79.6060085,43.7336438,0
                -79.6207714,43.7353493,0
                -79.6230459,43.7350392,0
                -79.6231747,43.7347601,0
                -79.6219945,43.7332872,0
                -79.6214634,43.7329034,0
                -79.6198594,43.7323957,0
                -79.6171182,43.7312367,0
                -79.6168017,43.7318918,0
                -79.6162331,43.7317755,0
                -79.6154981,43.7318569,0
                -79.6145486,43.7296435,0
                -79.6111798,43.7300467,0
                -79.6102142,43.7279689,0
                -79.6106864,43.7277363,0
                -79.610815,43.7273796,0
                -79.6084762,43.7265423,0
                -79.6069956,43.7253948,0
                -79.606266,43.725643,0
                -79.6056652,43.725674,0
                -79.6040344,43.7263252,0
                -79.6019745,43.7262012,0
                -79.6002579,43.7278138,0
                -79.5989275,43.7277208,0
                -79.5981121,43.7266354,0
                -79.5984554,43.7251778,0
                -79.5957088,43.7233479,0
                -79.5939056,43.7234853,0
                -79.5921032,43.7244468,0
                -79.5918886,43.7258734,0
                -79.5903007,43.7260285,0
                -79.5854513,43.7291297,0
                -79.5808164,43.7281683,0
                -79.5792286,43.7292227,0
                -79.5801298,43.733006,0
                -79.5774356,43.7338357,0
                -79.581933,43.7432713,0
                -79.5781136,43.7439224,0
                -79.5684453,43.7462629,0
                -79.5732519,43.747255,0
                -79.5724794,43.7497661,0
                -79.5732089,43.7504481,0
                -79.574711,43.7499831,0
                -79.5779296,43.7504171,0
                -79.5801183,43.7516881,0
                -79.5829936,43.7526801,0
                -79.5829507,43.753889,0
                -79.5840665,43.754106,0
                -79.5840236,43.7552839,0
                -79.5851823,43.7561519,0
                -79.5851394,43.7571438,0
                -79.5836803,43.7574848,0
                -79.5839378,43.7587866,0
                -79.5822641,43.7585386,0
                -79.5804616,43.7591585,0
                -79.580805,43.7603364,0
                -79.57926,43.7608633,0
                -79.577243,43.762289,0
                -79.5780584,43.762568,0
                -79.5785304,43.7621031,0
                -79.5796033,43.762444,0
                -79.5823407,43.760693,0
                -79.5853448,43.7600421,0
                -79.5891643,43.7598252,0
                -79.5916533,43.7592982,0
                -79.595387,43.7596082,0
                -79.6081758,43.7568185,0
              </coordinates>
            </LinearRing>
          </outerBoundaryIs>
        </Polygon>
      </Placemark>
      <Placemark>
        <name>South Hill</name>
        <styleUrl>#poly-01579B-1200-82-nodesc</styleUrl>
        <Polygon>
          <outerBoundaryIs>
            <LinearRing>
              <tessellate>1</tessellate>
              <coordinates>
                -79.3978904,43.6780638,0
                -79.4002252,43.6834405,0
                -79.4014912,43.686637,0
                -79.4111316,43.6846554,0
                -79.4073747,43.6755031,0
                -79.4070976,43.6748477,0
                -79.4055723,43.6751927,0
                -79.4029786,43.6757301,0
                -79.4004492,43.6764149,0
                -79.3995882,43.6767389,0
                -79.39759,43.6772607,0
                -79.3978904,43.6780638,0
              </coordinates>
            </LinearRing>
          </outerBoundaryIs>
        </Polygon>
      </Placemark>
      <Placemark>
        <name>St. James Town</name>
        <styleUrl>#poly-F57C00-1200-82-nodesc</styleUrl>
        <Polygon>
          <outerBoundaryIs>
            <LinearRing>
              <tessellate>1</tessellate>
              <coordinates>
                -79.3762833,43.6708816,0
                -79.3746352,43.6670541,0
                -79.3695927,43.6681872,0
                -79.3711591,43.6718656,0
                -79.3759943,43.6724607,0
                -79.3768626,43.672294,0
                -79.3762833,43.6708816,0
              </coordinates>
            </LinearRing>
          </outerBoundaryIs>
        </Polygon>
      </Placemark>
      <Placemark>
        <name>St. Lawrence</name>
        <styleUrl>#poly-673AB7-1200-71-nodesc</styleUrl>
        <Polygon>
          <outerBoundaryIs>
            <LinearRing>
              <tessellate>1</tessellate>
              <coordinates>
                -79.3779411,43.6491822,0
                -79.376203,43.6450365,0
                -79.3614831,43.6483593,0
                -79.3621377,43.6501746,0
                -79.3627436,43.6515668,0
                -79.369637,43.649974,0
                -79.3713751,43.649384,0
                -79.37189,43.6503622,0
                -79.3779411,43.6491822,0
              </coordinates>
            </LinearRing>
          </outerBoundaryIs>
        </Polygon>
      </Placemark>
      <Placemark>
        <name>Summerhill</name>
        <styleUrl>#poly-4E342E-1200-87-nodesc</styleUrl>
        <Polygon>
          <outerBoundaryIs>
            <LinearRing>
              <tessellate>1</tessellate>
              <coordinates>
                -79.3969013,43.6755339,0
                -79.3931891,43.6762322,0
                -79.3916012,43.6759529,0
                -79.3906142,43.6761236,0
                -79.3892838,43.6761702,0
                -79.3912936,43.6810661,0
                -79.3840664,43.6843421,0
                -79.3844848,43.6845438,0
                -79.3854623,43.6853336,0
                -79.38587,43.6850078,0
                -79.3864923,43.6847905,0
                -79.3866854,43.6854733,0
                -79.3882733,43.6851474,0
                -79.3880802,43.6846819,0
                -79.3887668,43.6846509,0
                -79.388917,43.6852095,0
                -79.3900543,43.6850233,0
                -79.3902903,43.6855819,0
                -79.4002252,43.6834405,0
                -79.3993045,43.6812913,0
                -79.3978904,43.6780638,0
                -79.3969013,43.6755339,0
              </coordinates>
            </LinearRing>
          </outerBoundaryIs>
        </Polygon>
      </Placemark>
      <Placemark>
        <name>Sunnylea</name>
        <styleUrl>#poly-C2185B-1200-66-nodesc</styleUrl>
        <Polygon>
          <outerBoundaryIs>
            <LinearRing>
              <tessellate>1</tessellate>
              <coordinates>
                -79.5342018,43.6385783,0
                -79.5310689,43.6314656,0
                -79.5190766,43.6343361,0
                -79.5052579,43.6375973,0
                -79.5051721,43.635889,0
                -79.5031765,43.6359046,0
                -79.5026646,43.6340867,0
                -79.4842539,43.6382642,0
                -79.4851495,43.6420878,0
                -79.4896556,43.6413113,0
                -79.4911148,43.6442617,0
                -79.4928743,43.6463734,0
                -79.4919424,43.648454,0
                -79.4967918,43.6499445,0
                -79.4991522,43.6500687,0
                -79.5169765,43.6461623,0
                -79.528022,43.6436406,0
                -79.5342018,43.6385783,0
              </coordinates>
            </LinearRing>
          </outerBoundaryIs>
        </Polygon>
      </Placemark>
      <Placemark>
        <name>Swansea</name>
        <styleUrl>#poly-757575-1200-79-nodesc</styleUrl>
        <Polygon>
          <outerBoundaryIs>
            <LinearRing>
              <tessellate>1</tessellate>
              <coordinates>
                -79.4678507,43.6318779,0
                -79.4633446,43.6332135,0
                -79.4663828,43.6377089,0
                -79.4674986,43.6389512,0
                -79.4667475,43.6396034,0
                -79.4676488,43.640442,0
                -79.4691937,43.6429886,0
                -79.470846,43.647181,0
                -79.4711249,43.6473828,0
                -79.4707601,43.6500223,0
                -79.470052,43.6501,0
                -79.4695156,43.6506744,0
                -79.4694512,43.6512955,0
                -79.4700791,43.6525829,0
                -79.484563,43.6493458,0
                -79.4857197,43.6483086,0
                -79.4868999,43.6478584,0
                -79.4881444,43.6477264,0
                -79.4902794,43.6478972,0
                -79.4919424,43.648454,0
                -79.4928743,43.6463734,0
                -79.4911148,43.6442617,0
                -79.4896556,43.6413113,0
                -79.4851495,43.6420878,0
                -79.4842539,43.6382642,0
                -79.4806705,43.6380779,0
                -79.4779024,43.6380624,0
                -79.4754777,43.6340402,0
                -79.4700489,43.631167,0
                -79.4678507,43.6318779,0
              </coordinates>
            </LinearRing>
          </outerBoundaryIs>
        </Polygon>
      </Placemark>
      <Placemark>
        <name>The Annex</name>
        <styleUrl>#poly-FF5252-1200-79-nodesc</styleUrl>
        <Polygon>
          <outerBoundaryIs>
            <LinearRing>
              <tessellate>1</tessellate>
              <coordinates>
                -79.3942012,43.668672,0
                -79.3969013,43.6755339,0
                -79.39759,43.6772607,0
                -79.3995882,43.6767389,0
                -79.4004492,43.6764149,0
                -79.4029786,43.6757301,0
                -79.4055723,43.6751927,0
                -79.4070976,43.6748477,0
                -79.4087713,43.6745839,0
                -79.4094361,43.6741198,0
                -79.4143717,43.6731405,0
                -79.4112053,43.6651121,0
                -79.3942012,43.668672,0
              </coordinates>
            </LinearRing>
          </outerBoundaryIs>
        </Polygon>
      </Placemark>
      <Placemark>
        <name>The Elms</name>
        <styleUrl>#poly-F57C00-1200-74-nodesc</styleUrl>
        <Polygon>
          <outerBoundaryIs>
            <LinearRing>
              <tessellate>1</tessellate>
              <coordinates>
                -79.5541727,43.7126044,0
                -79.5524132,43.7090681,0
                -79.5463469,43.7110282,0
                -79.5385364,43.7127963,0
                -79.5379723,43.7146237,0
                -79.5408047,43.71512,0
                -79.5403971,43.7165468,0
                -79.5410622,43.716857,0
                -79.5424141,43.7165933,0
                -79.5441521,43.717741,0
                -79.5428861,43.7203308,0
                -79.5410837,43.7216335,0
                -79.541191,43.7260065,0
                -79.5382513,43.7270454,0
                -79.5388521,43.72872,0
                -79.5384778,43.731776,0
                -79.5389499,43.7321481,0
                -79.5395078,43.731869,0
                -79.5392503,43.7310318,0
                -79.5406236,43.7294192,0
                -79.5435848,43.7298223,0
                -79.5450868,43.7308767,0
                -79.5438423,43.731807,0
                -79.5445289,43.7324582,0
                -79.5452156,43.7321481,0
                -79.545516,43.7314349,0
                -79.5472326,43.731714,0
                -79.5489492,43.7329544,0
                -79.5497525,43.7318337,0
                -79.5498383,43.7306863,0
                -79.5512545,43.730004,0
                -79.5548594,43.7295079,0
                -79.5561039,43.7278022,0
                -79.5576489,43.7278022,0
                -79.5594084,43.7289497,0
                -79.5621053,43.729998,0
                -79.5549384,43.7143665,0
                -79.5541727,43.7126044,0
              </coordinates>
            </LinearRing>
          </outerBoundaryIs>
        </Polygon>
      </Placemark>
      <Placemark>
        <name>Thistletown</name>
        <styleUrl>#poly-F9A825-1200-79-nodesc</styleUrl>
        <Polygon>
          <outerBoundaryIs>
            <LinearRing>
              <tessellate>1</tessellate>
              <coordinates>
                -79.5548594,43.7295079,0
                -79.5512545,43.730004,0
                -79.5498383,43.7306863,0
                -79.5497525,43.7318337,0
                -79.5489492,43.7329544,0
                -79.5504941,43.7334815,0
                -79.55058,43.7345668,0
                -79.5489492,43.7357451,0
                -79.5502367,43.7359932,0
                -79.5501508,43.7377296,0
                -79.5484342,43.7382877,0
                -79.5483055,43.7389389,0
                -79.5460739,43.7401171,0
                -79.5462455,43.7410163,0
                -79.5467772,43.7413096,0
                -79.5477046,43.7418844,0
                -79.5493354,43.7417914,0
                -79.5504941,43.7423805,0
                -79.5496788,43.7435586,0
                -79.5507087,43.7441787,0
                -79.5542707,43.7431556,0
                -79.5563735,43.7431866,0
                -79.5570937,43.742316,0
                -79.5570602,43.7409852,0
                -79.5579185,43.7409232,0
                -79.5585193,43.7416674,0
                -79.5577039,43.7421014,0
                -79.5586481,43.7429075,0
                -79.5594634,43.7425045,0
                -79.5606651,43.7427215,0
                -79.5614805,43.7425355,0
                -79.5625104,43.7430936,0
                -79.5622529,43.7442097,0
                -79.5646991,43.7455738,0
                -79.5685311,43.7462629,0
                -79.5781994,43.7439224,0
                -79.5820188,43.7432713,0
                -79.5775214,43.7338357,0
                -79.5772115,43.7338742,0
                -79.5737783,43.7357967,0
                -79.5700876,43.7360758,0
                -79.5684997,43.7349905,0
                -79.5669547,43.7320447,0
                -79.5621053,43.729998,0
                -79.5594084,43.7289497,0
                -79.5576489,43.7278022,0
                -79.5561039,43.7278022,0
                -79.5548594,43.7295079,0
              </coordinates>
            </LinearRing>
          </outerBoundaryIs>
        </Polygon>
      </Placemark>
      <Placemark>
        <name>Thorncrest Village</name>
        <styleUrl>#poly-757575-1200-74-nodesc</styleUrl>
        <Polygon>
          <outerBoundaryIs>
            <LinearRing>
              <tessellate>1</tessellate>
              <coordinates>
                -79.5450547,43.6638505,0
                -79.5431879,43.6597989,0
                -79.5312673,43.6624015,0
                -79.5331243,43.6664116,0
                -79.5346478,43.6660546,0
                -79.5388964,43.6664116,0
                -79.5397547,43.6657442,0
                -79.5414713,43.6653251,0
                -79.5434454,43.6642075,0
                -79.5450547,43.6638505,0
              </coordinates>
            </LinearRing>
          </outerBoundaryIs>
        </Polygon>
      </Placemark>
      <Placemark>
        <name>Thorncliffe Park</name>
        <styleUrl>#poly-FFEA00-1200-79-nodesc</styleUrl>
        <Polygon>
          <outerBoundaryIs>
            <LinearRing>
              <tessellate>1</tessellate>
              <coordinates>
                -79.3528594,43.7018561,0
                -79.3515505,43.7012046,0
                -79.3506492,43.6995292,0
                -79.3482674,43.699917,0
                -79.3471946,43.6990172,0
                -79.3457354,43.6984898,0
                -79.344448,43.698226,0
                -79.3435682,43.6985829,0
                -79.3429674,43.6991258,0
                -79.3418945,43.6992655,0
                -79.3392123,43.7011891,0
                -79.3361009,43.7031126,0
                -79.3351568,43.7032988,0
                -79.3352426,43.7040279,0
                -79.3369378,43.7050672,0
                -79.3381609,43.7052068,0
                -79.3383111,43.7057342,0
                -79.3373455,43.7064012,0
                -79.338025,43.7075513,0
                -79.3377675,43.7083423,0
                -79.3381108,43.7093816,0
                -79.3389048,43.7099865,0
                -79.33957,43.7103277,0
                -79.3394198,43.7107465,0
                -79.3399348,43.7109792,0
                -79.340321,43.7117081,0
                -79.3394412,43.7126698,0
                -79.3398918,43.713073,0
                -79.3407501,43.7127008,0
                -79.3415226,43.7128404,0
                -79.3437328,43.7142673,0
                -79.3448056,43.7148101,0
                -79.3448056,43.7151513,0
                -79.3452777,43.7152754,0
                -79.3455352,43.7150582,0
                -79.3461789,43.7152133,0
                -79.3464579,43.7159112,0
                -79.3484177,43.7162657,0
                -79.3485577,43.7155253,0
                -79.3492229,43.7131834,0
                -79.3500383,43.7111206,0
                -79.3516047,43.7091817,0
                -79.3565501,43.7044932,0
                -79.3591149,43.7021239,0
                -79.3569065,43.7017923,0
                -79.3542689,43.7020501,0
                -79.3528594,43.7018561,0
              </coordinates>
            </LinearRing>
          </outerBoundaryIs>
        </Polygon>
      </Placemark>
      <Placemark>
        <name>Toronto Islands</name>
        <styleUrl>#poly-7CB342-1200-74-nodesc</styleUrl>
        <Polygon>
          <outerBoundaryIs>
            <LinearRing>
              <tessellate>1</tessellate>
              <coordinates>
                -79.3665845,43.6186705,0
                -79.3534095,43.6285805,0
                -79.3493754,43.628829,0
                -79.3488604,43.6310344,0
                -79.3540961,43.635414,0
                -79.3583876,43.6334572,0
                -79.3629367,43.6287979,0
                -79.3669707,43.6250702,0
                -79.3770129,43.6241072,0
                -79.385596,43.6278039,0
                -79.3879992,43.6328981,0
                -79.3951661,43.6337368,0
                -79.4050795,43.6278971,0
                -79.40435,43.6265303,0
                -79.3900163,43.6114932,0
                -79.3814332,43.6115865,0
                -79.3746955,43.6136061,0
                -79.3665845,43.6186705,0
              </coordinates>
            </LinearRing>
          </outerBoundaryIs>
        </Polygon>
      </Placemark>
      <Placemark>
        <name>Treffan Court</name>
        <styleUrl>#poly-0F9D58-1200-82-nodesc</styleUrl>
        <Polygon>
          <outerBoundaryIs>
            <LinearRing>
              <tessellate>1</tessellate>
              <coordinates>
                -79.3569066,43.6582525,0
                -79.3574386,43.6595289,0
                -79.3600779,43.6580386,0
                -79.3637974,43.6572009,0
                -79.3636794,43.6570379,0
                -79.3635721,43.6566188,0
                -79.3632288,43.6559279,0
                -79.3564882,43.6574065,0
                -79.3569066,43.6582525,0
              </coordinates>
            </LinearRing>
          </outerBoundaryIs>
        </Polygon>
      </Placemark>
      <Placemark>
        <name>Trinity-Bellwoods</name>
        <styleUrl>#poly-0097A7-1200-74-nodesc</styleUrl>
        <Polygon>
          <outerBoundaryIs>
            <LinearRing>
              <tessellate>1</tessellate>
              <coordinates>
                -79.4175006,43.6445014,0
                -79.4162846,43.6446902,0
                -79.4039603,43.6471759,0
                -79.4060417,43.6523306,0
                -79.4207943,43.6493544,0
                -79.4188202,43.644184,0
                -79.4175006,43.6445014,0
              </coordinates>
            </LinearRing>
          </outerBoundaryIs>
        </Polygon>
      </Placemark>
      <Placemark>
        <name>Victoria Village</name>
        <styleUrl>#poly-0288D1-1200-54-nodesc</styleUrl>
        <Polygon>
          <outerBoundaryIs>
            <LinearRing>
              <tessellate>1</tessellate>
              <coordinates>
                -79.3182842,43.7261655,0
                -79.3157522,43.7262896,0
                -79.3102805,43.7255918,0
                -79.3026806,43.7247983,0
                -79.3048732,43.7299025,0
                -79.3084566,43.7389415,0
                -79.3098617,43.7421757,0
                -79.3130375,43.7415556,0
                -79.3165247,43.7413444,0
                -79.3241096,43.7409045,0
                -79.3306009,43.7397786,0
                -79.3301723,43.7384381,0
                -79.3315572,43.737119,0
                -79.3306364,43.7362791,0
                -79.3310262,43.7348474,0
                -79.329317,43.7339685,0
                -79.3284734,43.7343813,0
                -79.3273872,43.7330364,0
                -79.3247,43.7311527,0
                -79.3251623,43.7294321,0
                -79.3229113,43.729588,0
                -79.3205549,43.7314502,0
                -79.3197048,43.7315153,0
                -79.3201503,43.729661,0
                -79.31881,43.7290534,0
                -79.3205067,43.7280244,0
                -79.3232991,43.726959,0
                -79.3222751,43.7252005,0
                -79.3182842,43.7261655,0
              </coordinates>
            </LinearRing>
          </outerBoundaryIs>
        </Polygon>
      </Placemark>
      <Placemark>
        <name>Wallace Emerson</name>
        <styleUrl>#poly-3949AB-1200-74-nodesc</styleUrl>
        <Polygon>
          <outerBoundaryIs>
            <LinearRing>
              <tessellate>1</tessellate>
              <coordinates>
                -79.4464401,43.6667062,0
                -79.4467333,43.6675779,0
                -79.4490297,43.6672767,0
                -79.4452195,43.6578088,0
                -79.4353275,43.6598579,0
                -79.4389513,43.6684291,0
                -79.4401853,43.668456,0
                -79.4435433,43.6677772,0
                -79.4441441,43.6672185,0
                -79.4464401,43.6667062,0
              </coordinates>
            </LinearRing>
          </outerBoundaryIs>
        </Polygon>
      </Placemark>
      <Placemark>
        <name>Wanless Park</name>
        <styleUrl>#poly-9C27B0-1200-74-nodesc</styleUrl>
        <Polygon>
          <outerBoundaryIs>
            <LinearRing>
              <tessellate>1</tessellate>
              <coordinates>
                -79.3930983,43.7335488,0
                -79.3942355,43.7337349,0
                -79.3946218,43.7339055,0
                -79.3965315,43.7335333,0
                -79.3962312,43.7326617,0
                -79.3938923,43.7268317,0
                -79.3865485,43.7283947,0
                -79.3819243,43.7275108,0
                -79.3813068,43.7302562,0
                -79.3816828,43.7302928,0
                -79.3819188,43.730944,0
                -79.3826913,43.7313317,0
                -79.383099,43.7313317,0
                -79.3833994,43.7307425,0
                -79.3839788,43.730696,0
                -79.384365,43.7312386,0
                -79.3848156,43.732324,0
                -79.3854808,43.7323395,0
                -79.3881416,43.732231,0
                -79.3906307,43.732324,0
                -79.3927335,43.7329597,0
                -79.3930983,43.7335488,0
              </coordinates>
            </LinearRing>
          </outerBoundaryIs>
        </Polygon>
      </Placemark>
      <Placemark>
        <name>West Deane Park</name>
        <styleUrl>#poly-795548-1200-74-nodesc</styleUrl>
        <Polygon>
          <outerBoundaryIs>
            <LinearRing>
              <tessellate>1</tessellate>
              <coordinates>
                -79.5711783,43.6618575,0
                -79.5674422,43.6541884,0
                -79.5551333,43.6570956,0
                -79.563196,43.674523,0
                -79.5677021,43.6740884,0
                -79.5681742,43.6734987,0
                -79.5717362,43.6716362,0
                -79.5751265,43.6711706,0
                -79.5711783,43.6618575,0
              </coordinates>
            </LinearRing>
          </outerBoundaryIs>
        </Polygon>
      </Placemark>
      <Placemark>
        <name>West Hill</name>
        <styleUrl>#poly-880E4F-1200-71-nodesc</styleUrl>
        <Polygon>
          <outerBoundaryIs>
            <LinearRing>
              <tessellate>1</tessellate>
              <coordinates>
                -79.1567154,43.757927,0
                -79.1504069,43.7590738,0
                -79.144367,43.7663359,0
                -79.1455901,43.7685363,0
                -79.1453755,43.769373,0
                -79.1462124,43.7703957,0
                -79.1471351,43.7699153,0
                -79.1488731,43.7710155,0
                -79.1503966,43.7702717,0
                -79.1515768,43.7716973,0
                -79.152714,43.7716043,0
                -79.1576922,43.7748891,0
                -79.1597307,43.7766088,0
                -79.1629064,43.7770582,0
                -79.1631425,43.7790413,0
                -79.163915,43.7791652,0
                -79.1652239,43.7779413,0
                -79.1660607,43.7782666,0
                -79.1655457,43.7796455,0
                -79.1677344,43.7802187,0
                -79.1678203,43.7791807,0
                -79.1693223,43.778499,0
                -79.1704381,43.7801257,0
                -79.1742576,43.7793356,0
                -79.1760632,43.7807413,0
                -79.1785523,43.7806638,0
                -79.1799685,43.7808962,0
                -79.1813633,43.7813454,0
                -79.1826507,43.780261,0
                -79.1848823,43.7807103,0
                -79.1850755,43.7811131,0
                -79.1860411,43.781175,0
                -79.186556,43.7794244,0
                -79.1876289,43.7791145,0
                -79.1887233,43.7794244,0
                -79.1906974,43.7788512,0
                -79.192893,43.7783346,0
                -79.1929145,43.7776529,0
                -79.1927214,43.7771881,0
                -79.1933866,43.7767078,0
                -79.1946526,43.7772346,0
                -79.1951347,43.775529,0
                -79.195757,43.7754515,0
                -79.1966367,43.7763037,0
                -79.1981602,43.7761952,0
                -79.1989541,43.77556,0
                -79.198525,43.774367,0
                -79.1996623,43.7736542,0
                -79.1995764,43.7725077,0
                -79.198761,43.7715625,0
                -79.1991473,43.7709117,0
                -79.2000914,43.7694862,0
                -79.2008424,43.7679521,0
                -79.2017436,43.7673633,0
                -79.2033744,43.7669449,0
                -79.2034603,43.7662166,0
                -79.2016793,43.7644655,0
                -79.2014647,43.7632413,0
                -79.2027522,43.7626369,0
                -79.2024303,43.76211,0
                -79.2018295,43.7614436,0
                -79.2018724,43.7607462,0
                -79.2025805,43.7603588,0
                -79.203074,43.7580806,0
                -79.2036319,43.7574297,0
                -79.2048121,43.7573677,0
                -79.203353,43.7540975,0
                -79.2019996,43.7542314,0
                -79.1718301,43.7600898,0
                -79.1704244,43.7557527,0
                -79.1567154,43.757927,0
              </coordinates>
            </LinearRing>
          </outerBoundaryIs>
        </Polygon>
      </Placemark>
      <Placemark>
        <name>West Rouge</name>
        <styleUrl>#poly-A52714-1200-77-nodesc</styleUrl>
        <Polygon>
          <outerBoundaryIs>
            <LinearRing>
              <tessellate>1</tessellate>
              <coordinates>
                -79.1160163,43.7946115,0
                -79.1178188,43.7944256,0
                -79.1192135,43.7946735,0
                -79.1211447,43.7948593,0
                -79.1210589,43.795324,0
                -79.1201362,43.7957422,0
                -79.1211233,43.7972136,0
                -79.1221318,43.7975078,0
                -79.123548,43.7971671,0
                -79.1243419,43.7976008,0
                -79.1239771,43.7989327,0
                -79.1249856,43.8001097,0
                -79.1258654,43.8003111,0
                -79.1276464,43.8002182,0
                -79.1301355,43.8016739,0
                -79.1312298,43.8019217,0
                -79.1346201,43.8007757,0
                -79.1354141,43.8007757,0
                -79.1353926,43.8011938,0
                -79.1334185,43.8030677,0
                -79.1340471,43.804767,0
                -79.144603,43.7974438,0
                -79.1434014,43.7960189,0
                -79.1348398,43.775168,0
                -79.1325868,43.7742383,0
                -79.1165528,43.7924431,0
                -79.1160163,43.7946115,0
              </coordinates>
            </LinearRing>
          </outerBoundaryIs>
        </Polygon>
      </Placemark>
      <Placemark>
        <name>Weston</name>
        <styleUrl>#poly-E65100-1200-77-nodesc</styleUrl>
        <Polygon>
          <outerBoundaryIs>
            <LinearRing>
              <tessellate>1</tessellate>
              <coordinates>
                -79.511545,43.712484,0
                -79.5172313,43.7139884,0
                -79.5214584,43.7153067,0
                -79.523218,43.7159116,0
                -79.5284237,43.7151044,0
                -79.5378926,43.7124551,0
                -79.5393088,43.7113694,0
                -79.5398667,43.710687,0
                -79.5390943,43.709322,0
                -79.537206,43.7082673,0
                -79.5359614,43.7083603,0
                -79.5353606,43.7070574,0
                -79.5359614,43.7048547,0
                -79.5339015,43.7048237,0
                -79.5319609,43.7050385,0
                -79.5305233,43.7044723,0
                -79.5290641,43.7034019,0
                -79.5285921,43.7025798,0
                -79.5217042,43.7000822,0
                -79.5209102,43.6995393,0
                -79.520524,43.6982982,0
                -79.519258,43.6972743,0
                -79.5183568,43.6970105,0
                -79.5166187,43.6968088,0
                -79.5134644,43.6972743,0
                -79.5119838,43.6970571,0
                -79.5118551,43.6964831,0
                -79.5127134,43.6952264,0
                -79.5128386,43.6944344,0
                -79.5115511,43.6944964,0
                -79.5112293,43.6936431,0
                -79.506294,43.6946826,0
                -79.5034851,43.6953587,0
                -79.5017188,43.6946587,0
                -79.5060962,43.7116292,0
                -79.511545,43.712484,0
              </coordinates>
            </LinearRing>
          </outerBoundaryIs>
        </Polygon>
      </Placemark>
      <Placemark>
        <name>Wexford</name>
        <styleUrl>#poly-F9A825-1200-82-nodesc</styleUrl>
        <Polygon>
          <outerBoundaryIs>
            <LinearRing>
              <tessellate>1</tessellate>
              <coordinates>
                -79.2937413,43.732241,0
                -79.2845574,43.7366132,0
                -79.2855015,43.7381325,0
                -79.2870465,43.7396208,0
                -79.2892781,43.7450776,0
                -79.2905441,43.7457597,0
                -79.291102,43.7467362,0
                -79.2907801,43.7472168,0
                -79.2940846,43.7552457,0
                -79.2964879,43.7622508,0
                -79.2999173,43.7613831,0
                -79.3089295,43.748302,0
                -79.3113756,43.7458838,0
                -79.3040195,43.7278374,0
                -79.2937413,43.732241,0
              </coordinates>
            </LinearRing>
          </outerBoundaryIs>
        </Polygon>
      </Placemark>
      <Placemark>
        <name>Willowdale</name>
        <styleUrl>#poly-FFD600-1200-87-nodesc</styleUrl>
        <Polygon>
          <outerBoundaryIs>
            <LinearRing>
              <tessellate>1</tessellate>
              <coordinates>
                -79.3987303,43.7597733,0
                -79.3935805,43.761943,0
                -79.3871876,43.7631866,0
                -79.3922072,43.7849364,0
                -79.3922087,43.7851261,0
                -79.4199735,43.7788325,0
                -79.4380643,43.7748041,0
                -79.4561528,43.7713306,0
                -79.4554661,43.7708037,0
                -79.4555949,43.769998,0
                -79.4552516,43.7695022,0
                -79.4527196,43.7695331,0
                -79.4521617,43.7688514,0
                -79.4512604,43.7695331,0
                -79.4505738,43.7694402,0
                -79.4501446,43.7686654,0
                -79.4472693,43.7676737,0
                -79.4470118,43.7671158,0
                -79.4460248,43.766434,0
                -79.4456385,43.7646055,0
                -79.4445227,43.7640476,0
                -79.4433211,43.7629938,0
                -79.4419907,43.7612271,0
                -79.4398879,43.7616301,0
                -79.4406598,43.7637283,0
                -79.4389432,43.7639452,0
                -79.4371407,43.7634803,0
                -79.4127648,43.768935,0
                -79.4096105,43.7563979,0
                -79.4084304,43.7538096,0
                -79.3987303,43.7597733,0
              </coordinates>
            </LinearRing>
          </outerBoundaryIs>
        </Polygon>
      </Placemark>
      <Placemark>
        <name>Woburn</name>
        <styleUrl>#poly-817717-1200-69-nodesc</styleUrl>
        <Polygon>
          <outerBoundaryIs>
            <LinearRing>
              <tessellate>1</tessellate>
              <coordinates>
                -79.2320175,43.7484241,0
                -79.2287317,43.7415794,0
                -79.2209059,43.7477849,0
                -79.2188889,43.748932,0
                -79.2115932,43.751102,0
                -79.2067009,43.753148,0
                -79.203353,43.7540975,0
                -79.2048121,43.7573677,0
                -79.2036319,43.7574297,0
                -79.203074,43.7580806,0
                -79.2025805,43.7603588,0
                -79.2018724,43.7607462,0
                -79.2018295,43.7614436,0
                -79.2027522,43.7626369,0
                -79.2014647,43.7632413,0
                -79.2016793,43.7644655,0
                -79.2034603,43.7662166,0
                -79.2033744,43.7669449,0
                -79.2017436,43.7673633,0
                -79.2008424,43.7679521,0
                -79.198761,43.7715625,0
                -79.1995764,43.7725077,0
                -79.1996623,43.7736542,0
                -79.198525,43.774367,0
                -79.2006464,43.7742116,0
                -79.2021484,43.7747694,0
                -79.2030067,43.7770314,0
                -79.2071695,43.7767216,0
                -79.2067404,43.7774653,0
                -79.2078562,43.7778371,0
                -79.2085857,43.7785807,0
                -79.2083712,43.7796033,0
                -79.2095728,43.7798511,0
                -79.2106028,43.7798821,0
                -79.2111607,43.7811525,0
                -79.2118473,43.7818961,0
                -79.2133493,43.7827327,0
                -79.2136498,43.7834453,0
                -79.2142506,43.7836622,0
                -79.2152805,43.7831974,0
                -79.2157526,43.7838171,0
                -79.217598,43.7843438,0
                -79.2179413,43.7831974,0
                -79.2193146,43.7827017,0
                -79.2203016,43.784003,0
                -79.220602,43.7852113,0
                -79.2213316,43.785676,0
                -79.2227907,43.785676,0
                -79.2229195,43.7868224,0
                -79.2221041,43.7879377,0
                -79.2230911,43.7884644,0
                -79.2245073,43.7884024,0
                -79.2252369,43.7892079,0
                -79.227456,43.7881236,0
                -79.2353309,43.7855057,0
                -79.2316313,43.7765666,0
                -79.241792,43.7743232,0
                -79.2352474,43.7576649,0
                -79.2353118,43.756704,0
                -79.2338312,43.7532012,0
                -79.2320175,43.7484241,0
              </coordinates>
            </LinearRing>
          </outerBoundaryIs>
        </Polygon>
      </Placemark>
      <Placemark>
        <name>York Mills</name>
        <styleUrl>#poly-558B2F-1200-74-nodesc</styleUrl>
        <Polygon>
          <outerBoundaryIs>
            <LinearRing>
              <tessellate>1</tessellate>
              <coordinates>
                -79.3827804,43.7488296,0
                -79.3817933,43.7490466,0
                -79.3641551,43.7528906,0
                -79.3624814,43.7529836,0
                -79.3600317,43.7529493,0
                -79.3619235,43.7616937,0
                -79.3617519,43.7640492,0
                -79.3627045,43.7661464,0
                -79.37309,43.7657745,0
                -79.3871662,43.7631091,0
                -79.3935591,43.7618655,0
                -79.3987089,43.7596958,0
                -79.4084089,43.7537321,0
                -79.4102075,43.7521767,0
                -79.4111731,43.7515412,0
                -79.4099071,43.7500067,0
                -79.4102718,43.7470771,0
                -79.4107225,43.7466741,0
                -79.4106366,43.746178,0
                -79.4097139,43.7458215,0
                -79.4085552,43.7444729,0
                -79.4087913,43.7434497,0
                -79.4067548,43.7441136,0
                -79.4051455,43.7443462,0
                -79.4025858,43.7441483,0
                -79.3964122,43.7454468,0
                -79.3954895,43.7430285,0
                -79.3924425,43.742734,0
                -79.3891166,43.7414318,0
                -79.388151,43.739649,0
                -79.382723,43.7408919,0
                -79.3806202,43.741357,0
                -79.3803627,43.7416981,0
                -79.3762643,43.7425352,0
                -79.3776868,43.7437293,0
                -79.3792317,43.7459306,0
                -79.38112,43.7475117,0
                -79.3827804,43.7488296,0
              </coordinates>
            </LinearRing>
          </outerBoundaryIs>
        </Polygon>
      </Placemark>
      <Placemark>
        <name>Yorkville</name>
        <styleUrl>#poly-097138-1200-79-nodesc</styleUrl>
        <Polygon>
          <outerBoundaryIs>
            <LinearRing>
              <tessellate>1</tessellate>
              <coordinates>
                -79.3908726,43.6693491,0
                -79.3768626,43.6722785,0
                -79.3771636,43.6731781,0
                -79.3783658,43.6731464,0
                -79.3809304,43.6732579,0
                -79.3826153,43.6734004,0
                -79.3839568,43.6734808,0
                -79.3863619,43.6738334,0
                -79.3870951,43.6743834,0
                -79.3878321,43.6758094,0
                -79.3890058,43.6756193,0
                -79.3892838,43.6761547,0
                -79.3906142,43.6761081,0
                -79.3916012,43.6759374,0
                -79.3931891,43.6762167,0
                -79.3969013,43.6755339,0
                -79.3942012,43.6686565,0
                -79.3908726,43.6693491,0
              </coordinates>
            </LinearRing>
          </outerBoundaryIs>
        </Polygon>
      </Placemark>
      <Placemark>
        <name>Bracondale Hill</name>
        <styleUrl>#poly-006064-1200-82-nodesc</styleUrl>
        <Polygon>
          <outerBoundaryIs>
            <LinearRing>
              <tessellate>1</tessellate>
              <coordinates>
                -79.4349838,43.6772874,0
                -79.4337392,43.6743698,0
                -79.4308618,43.6747305,0
                -79.4280079,43.6747305,0
                -79.4249609,43.6751029,0
                -79.4212294,43.6760614,0
                -79.4221306,43.6786376,0
                -79.4222594,43.6790566,0
                -79.4170988,43.6800691,0
                -79.4183414,43.6831192,0
                -79.4199547,43.6827267,0
                -79.4357475,43.679561,0
                -79.4359279,43.6795221,0
                -79.4349838,43.6772874,0
              </coordinates>
            </LinearRing>
          </outerBoundaryIs>
        </Polygon>
      </Placemark>
      <Placemark>
        <name>Church and Wellesley</name>
        <styleUrl>#poly-01579B-1200-77-nodesc</styleUrl>
        <Polygon>
          <outerBoundaryIs>
            <LinearRing>
              <tessellate>1</tessellate>
              <coordinates>
                -79.3831019,43.661351,0
                -79.3816857,43.6613587,0
                -79.3783812,43.6620728,0
                -79.376686,43.6624376,0
                -79.3778662,43.6652316,0
                -79.3805055,43.67151,0
                -79.3867819,43.6701985,0
                -79.3857841,43.6678781,0
                -79.3836812,43.662911,0
                -79.3831019,43.661351,0
              </coordinates>
            </LinearRing>
          </outerBoundaryIs>
        </Polygon>
      </Placemark>
      <Placemark>
        <name>Clairville</name>
        <styleUrl>#poly-1A237E-1200-79-nodesc</styleUrl>
        <Polygon>
          <outerBoundaryIs>
            <LinearRing>
              <tessellate>1</tessellate>
              <coordinates>
                -79.6262023,43.7527792,0
                -79.6332834,43.7512912,0
                -79.6365879,43.7510742,0
                -79.6389482,43.7500512,0
                -79.6411369,43.7486872,0
                -79.6388195,43.7481292,0
                -79.6392057,43.7466721,0
                -79.6379182,43.7463621,0
                -79.6325538,43.7421766,0
                -79.6328113,43.7415565,0
                -79.629421,43.7371536,0
                -79.6280477,43.7366885,0
                -79.627404,43.7340218,0
                -79.6231317,43.7350392,0
                -79.6208572,43.7353493,0
                -79.6060943,43.7336438,0
                -79.5988417,43.7350547,0
                -79.6082616,43.7568185,0
                -79.6119115,43.755972,0
                -79.6262023,43.7527792,0
              </coordinates>
            </LinearRing>
          </outerBoundaryIs>
        </Polygon>
      </Placemark>
      <Placemark>
        <name>Eringate</name>
        <styleUrl>#poly-673AB7-1200-74-nodesc</styleUrl>
        <Polygon>
          <outerBoundaryIs>
            <LinearRing>
              <tessellate>1</tessellate>
              <coordinates>
                -79.5857615,43.6691177,0
                -79.5878018,43.6661556,0
                -79.5861281,43.6654416,0
                -79.5795191,43.6514701,0
                -79.5674422,43.6541845,0
                -79.5751265,43.6711667,0
                -79.577908,43.6705146,0
                -79.5808262,43.6703904,0
                -79.5857615,43.6691177,0
              </coordinates>
            </LinearRing>
          </outerBoundaryIs>
        </Polygon>
      </Placemark>
      <Placemark>
        <name>Garden District</name>
        <styleUrl>#poly-4E342E-1200-74-nodesc</styleUrl>
        <Polygon>
          <outerBoundaryIs>
            <LinearRing>
              <tessellate>1</tessellate>
              <coordinates>
                -79.382121,43.6590944,0
                -79.3791384,43.6524033,0
                -79.373228,43.653669,0
                -79.3738932,43.655369,0
                -79.3701506,43.6561413,0
                -79.3730873,43.6632391,0
                -79.376686,43.6624376,0
                -79.3816857,43.6613587,0
                -79.3831019,43.661351,0
                -79.382121,43.6590944,0
              </coordinates>
            </LinearRing>
          </outerBoundaryIs>
        </Polygon>
      </Placemark>
      <Placemark>
        <name>Harbord Village</name>
        <styleUrl>#poly-C2185B-1200-79-nodesc</styleUrl>
        <Polygon>
          <outerBoundaryIs>
            <LinearRing>
              <tessellate>1</tessellate>
              <coordinates>
                -79.4098331,43.6615489,0
                -79.4075959,43.6564766,0
                -79.4000056,43.657891,0
                -79.4005204,43.659003,0
                -79.4000055,43.6593135,0
                -79.3999625,43.6597792,0
                -79.4001557,43.6601362,0
                -79.4010569,43.6604001,0
                -79.4016148,43.6617972,0
                -79.4032026,43.6658641,0
                -79.4038035,43.666679,0
                -79.4112053,43.6651121,0
                -79.4098331,43.6615489,0
              </coordinates>
            </LinearRing>
          </outerBoundaryIs>
        </Polygon>
      </Placemark>
      <Placemark>
        <name>Humberwood</name>
        <styleUrl>#poly-FF5252-1200-77-nodesc</styleUrl>
        <Polygon>
          <outerBoundaryIs>
            <LinearRing>
              <tessellate>1</tessellate>
              <coordinates>
                -79.6202684,43.7185285,0
                -79.6120716,43.7206066,0
                -79.6106554,43.7207617,0
                -79.5943047,43.7170397,0
                -79.5909573,43.7162642,0
                -79.5909873,43.717034,0
                -79.5939914,43.7234853,0
                -79.5957088,43.7233479,0
                -79.5984554,43.7251778,0
                -79.5981121,43.7266354,0
                -79.5989275,43.7277208,0
                -79.6002579,43.7278138,0
                -79.6019745,43.7262012,0
                -79.6040344,43.7263252,0
                -79.6056652,43.725674,0
                -79.606266,43.725643,0
                -79.6069956,43.7253948,0
                -79.6084762,43.7265423,0
                -79.610815,43.7273796,0
                -79.6106864,43.7277363,0
                -79.6102142,43.7279689,0
                -79.6111798,43.7300467,0
                -79.6145486,43.7296435,0
                -79.6154981,43.7318569,0
                -79.6162331,43.7317755,0
                -79.6168017,43.7318918,0
                -79.6171182,43.7312367,0
                -79.6198594,43.7323957,0
                -79.6214634,43.7329034,0
                -79.6231747,43.7347601,0
                -79.6230459,43.7350392,0
                -79.627404,43.7340218,0
                -79.6261908,43.7293214,0
                -79.6202684,43.7185285,0
              </coordinates>
            </LinearRing>
          </outerBoundaryIs>
        </Polygon>
      </Placemark>
      <Placemark>
        <name>Maple Leaf</name>
        <styleUrl>#poly-F57C00-1200-74-nodesc</styleUrl>
        <Polygon>
          <outerBoundaryIs>
            <LinearRing>
              <tessellate>1</tessellate>
              <coordinates>
                -79.4793899,43.715057,0
                -79.4811924,43.722594,0
                -79.4944532,43.7197406,0
                -79.504036,43.7181131,0
                -79.5078428,43.7176625,0
                -79.5060962,43.7116292,0
                -79.5045727,43.711288,0
                -79.5020407,43.7104504,0
                -79.4959575,43.706503,0
                -79.4941658,43.705006,0
                -79.4804114,43.7080928,0
                -79.4781369,43.7088063,0
                -79.4793899,43.715057,0
              </coordinates>
            </LinearRing>
          </outerBoundaryIs>
        </Polygon>
      </Placemark>
      <Placemark>
        <name>Morningside Heights</name>
        <styleUrl>#poly-FBC02D-1200-77-nodesc</styleUrl>
        <Polygon>
          <outerBoundaryIs>
            <LinearRing>
              <tessellate>1</tessellate>
              <coordinates>
                -79.2393058,43.8267926,0
                -79.2401072,43.8235031,0
                -79.2389699,43.8231161,0
                -79.2360302,43.8232709,0
                -79.2306014,43.8232245,0
                -79.2240139,43.8198495,0
                -79.2213532,43.8196482,0
                -79.2175425,43.8199943,0
                -79.2044104,43.8121443,0
                -79.2013761,43.812526,0
                -79.1941019,43.8137182,0
                -79.1987797,43.8229613,0
                -79.1994878,43.8243856,0
                -79.1995093,43.8259801,0
                -79.1992303,43.827203,0
                -79.199638,43.8275126,0
                -79.200904,43.8258562,0
                -79.2020627,43.8255311,0
                -79.2032215,43.826042,0
                -79.2062899,43.8255621,0
                -79.2063972,43.8249893,0
                -79.2056891,43.8245713,0
                -79.2066976,43.8239521,0
                -79.208543,43.8241379,0
                -79.2101523,43.8246023,0
                -79.2110106,43.8257324,0
                -79.2124053,43.8258717,0
                -79.2148944,43.8257169,0
                -79.2203018,43.827621,0
                -79.2223757,43.8275357,0
                -79.2234486,43.8301672,0
                -79.2193931,43.8314675,0
                -79.2199081,43.8324427,0
                -79.2217105,43.8324272,0
                -79.2238134,43.8338977,0
                -79.223985,43.8353991,0
                -79.2220109,43.8363277,0
                -79.2218822,43.8366373,0
                -79.2229122,43.8375041,0
                -79.2226117,43.838572,0
                -79.2240923,43.8393149,0
                -79.2258304,43.8395006,0
                -79.2266029,43.8409555,0
                -79.2278045,43.8421162,0
                -79.2345208,43.8405376,0
                -79.2358297,43.8383863,0
                -79.2393058,43.8267926,0
              </coordinates>
            </LinearRing>
          </outerBoundaryIs>
        </Polygon>
      </Placemark>
      <Placemark>
        <name>Palmerston</name>
        <styleUrl>#poly-AFB42B-1200-82-nodesc</styleUrl>
        <Polygon>
          <outerBoundaryIs>
            <LinearRing>
              <tessellate>1</tessellate>
              <coordinates>
                -79.4174576,43.6599165,0
                -79.4168997,43.6584573,0
                -79.4169212,43.6580769,0
                -79.4157249,43.6549953,0
                -79.4153504,43.654956,0
                -79.4075959,43.6564766,0
                -79.4112053,43.6651121,0
                -79.4188872,43.6633892,0
                -79.4174576,43.6599165,0
              </coordinates>
            </LinearRing>
          </outerBoundaryIs>
        </Polygon>
      </Placemark>
      <Placemark>
        <name>Princess Gardens</name>
        <styleUrl>#poly-F48FB1-1200-69-nodesc</styleUrl>
        <Polygon>
          <outerBoundaryIs>
            <LinearRing>
              <tessellate>1</tessellate>
              <coordinates>
                -79.5450547,43.6638505,0
                -79.5434454,43.6642075,0
                -79.5414713,43.6653251,0
                -79.5397547,43.6657442,0
                -79.5388964,43.6664116,0
                -79.5346478,43.6660546,0
                -79.5331243,43.6664116,0
                -79.5390167,43.6797806,0
                -79.5615319,43.6747426,0
                -79.563196,43.674523,0
                -79.5551333,43.6570956,0
                -79.5431879,43.6597989,0
                -79.5450547,43.6638505,0
              </coordinates>
            </LinearRing>
          </outerBoundaryIs>
        </Polygon>
      </Placemark>
      <Placemark>
        <name><![CDATA[Tam O'Shanter]]></name>
        <styleUrl>#poly-7CB342-1200-79-nodesc</styleUrl>
        <Polygon>
          <outerBoundaryIs>
            <LinearRing>
              <tessellate>1</tessellate>
              <coordinates>
                -79.3229962,43.7752565,0
                -79.3197441,43.7680931,0
                -79.3128348,43.768496,0
                -79.2945656,43.772581,0
                -79.2846049,43.7748501,0
                -79.2935211,43.7951492,0
                -79.2957313,43.7945451,0
                -79.2962677,43.7940959,0
                -79.2978985,43.7917416,0
                -79.2984564,43.7913543,0
                -79.3065674,43.7894801,0
                -79.3072755,43.7890309,0
                -79.307769,43.7882099,0
                -79.3080909,43.7866763,0
                -79.3086917,43.7861187,0
                -79.3159229,43.7842752,0
                -79.3172962,43.7835006,0
                -79.3195493,43.7818275,0
                -79.3253428,43.7803093,0
                -79.3229962,43.7752565,0
              </coordinates>
            </LinearRing>
          </outerBoundaryIs>
        </Polygon>
      </Placemark>
      <Placemark>
        <name>Upper Beaches</name>
        <styleUrl>#poly-0F9D58-1200-64-nodesc</styleUrl>
        <Polygon>
          <outerBoundaryIs>
            <LinearRing>
              <tessellate>1</tessellate>
              <coordinates>
                -79.3106367,43.6823883,0
                -79.3214586,43.6782017,0
                -79.3162391,43.6654817,0
                -79.3137501,43.666056,0
                -79.312763,43.666382,0
                -79.3126343,43.6671426,0
                -79.3100808,43.6720627,0
                -79.3058107,43.6758651,0
                -79.3043926,43.6768172,0
                -79.3006609,43.6783327,0
                -79.2928074,43.6801018,0
                -79.2839883,43.6808001,0
                -79.287599,43.6892625,0
                -79.2992213,43.6865935,0
                -79.3020751,43.68574,0
                -79.3106367,43.6823883,0
              </coordinates>
            </LinearRing>
          </outerBoundaryIs>
        </Polygon>
      </Placemark>
      <Placemark>
        <name>Wychwood Park</name>
        <styleUrl>#poly-0097A7-1200-71-nodesc</styleUrl>
        <Polygon>
          <outerBoundaryIs>
            <LinearRing>
              <tessellate>1</tessellate>
              <coordinates>
                -79.4212294,43.6760614,0
                -79.4194678,43.6765618,0
                -79.4171844,43.6767726,0
                -79.4157127,43.6766704,0
                -79.4170988,43.6800691,0
                -79.4222594,43.6790566,0
                -79.4221306,43.6786376,0
                -79.4212294,43.6760614,0
              </coordinates>
            </LinearRing>
          </outerBoundaryIs>
        </Polygon>
      </Placemark>
      <Placemark>
        <name>York University Heights</name>
        <styleUrl>#poly-0288D1-1200-82-nodesc</styleUrl>
        <Polygon>
          <outerBoundaryIs>
            <LinearRing>
              <tessellate>1</tessellate>
              <coordinates>
                -79.4946037,43.7815095,0
                -79.5168798,43.776346,0
                -79.5163219,43.7748587,0
                -79.5108717,43.7694356,0
                -79.5097559,43.7690947,0
                -79.5089405,43.7672352,0
                -79.5063656,43.7647868,0
                -79.5070951,43.7634851,0
                -79.4919031,43.7666929,0
                -79.486367,43.7447776,0
                -79.4849816,43.7449368,0
                -79.4837371,43.7455879,0
                -79.4828358,43.746735,0
                -79.48275,43.7529041,0
                -79.481248,43.7541441,0
                -79.4740382,43.75557,0
                -79.4707337,43.754516,0
                -79.4691029,43.7535861,0
                -79.4659272,43.7505792,0
                -79.4648114,43.7501761,0
                -79.4634269,43.7501145,0
                -79.4651864,43.7609327,0
                -79.4669889,43.7688048,0
                -79.4702143,43.7819201,0
                -79.4703431,43.7873421,0
                -79.4946037,43.7815095,0
              </coordinates>
            </LinearRing>
          </outerBoundaryIs>
        </Polygon>
      </Placemark>
      <Placemark>
        <name>Allenby</name>
        <styleUrl>#poly-3949AB-1200-74-nodesc</styleUrl>
        <Polygon>
          <outerBoundaryIs>
            <LinearRing>
              <tessellate>1</tessellate>
              <coordinates>
                -79.4161136,43.707374,0
                -79.4170637,43.7071785,0
                -79.4159311,43.7029839,0
                -79.4085235,43.7046137,0
                -79.4087922,43.7051642,0
                -79.409672,43.7057381,0
                -79.4104644,43.7085697,0
                -79.4114943,43.7112221,0
                -79.4173648,43.7099671,0
                -79.4164592,43.7076799,0
                -79.4161136,43.707374,0
              </coordinates>
            </LinearRing>
          </outerBoundaryIs>
        </Polygon>
      </Placemark>
      <Placemark>
        <name>Bennington Heights</name>
        <styleUrl>#poly-9C27B0-1200-79-nodesc</styleUrl>
        <Polygon>
          <outerBoundaryIs>
            <LinearRing>
              <tessellate>1</tessellate>
              <coordinates>
                -79.3700798,43.6961202,0
                -79.3713672,43.6960271,0
                -79.3718054,43.6967342,0
                -79.3723875,43.6966256,0
                -79.3727388,43.6966101,0
                -79.3794873,43.6952041,0
                -79.3801391,43.6950238,0
                -79.3808069,43.694698,0
                -79.3760972,43.693039,0
                -79.3735222,43.6916426,0
                -79.3724708,43.6909754,0
                -79.3710488,43.6903989,0
                -79.3668646,43.6943398,0
                -79.3692858,43.6959185,0
                -79.3700798,43.6961202,0
              </coordinates>
            </LinearRing>
          </outerBoundaryIs>
        </Polygon>
      </Placemark>
      <Placemark>
        <name>Bickford Park</name>
        <styleUrl>#poly-795548-1200-79-nodesc</styleUrl>
        <Polygon>
          <outerBoundaryIs>
            <LinearRing>
              <tessellate>1</tessellate>
              <coordinates>
                -79.4230109,43.662559,0
                -79.4256613,43.6619701,0
                -79.4226563,43.6543638,0
                -79.4181614,43.6552665,0
                -79.4157249,43.6549953,0
                -79.4169212,43.6580769,0
                -79.4168997,43.6584573,0
                -79.4188872,43.6633892,0
                -79.4230109,43.662559,0
              </coordinates>
            </LinearRing>
          </outerBoundaryIs>
        </Polygon>
      </Placemark>
      <Placemark>
        <name>Caribou Park</name>
        <styleUrl>#poly-880E4F-1200-69-nodesc</styleUrl>
        <Polygon>
          <outerBoundaryIs>
            <LinearRing>
              <tessellate>1</tessellate>
              <coordinates>
                -79.4246694,43.715875,0
                -79.4180604,43.7171622,0
                -79.41673,43.7170071,0
                -79.4158288,43.7173328,0
                -79.4147774,43.7166504,0
                -79.413447,43.7169606,0
                -79.4144126,43.7178446,0
                -79.415586,43.7222726,0
                -79.4297463,43.7192881,0
                -79.4285831,43.7142404,0
                -79.4243517,43.7151015,0
                -79.4246694,43.715875,0
              </coordinates>
            </LinearRing>
          </outerBoundaryIs>
        </Polygon>
      </Placemark>
      <Placemark>
        <name>Cedarvale</name>
        <styleUrl>#poly-E65100-1200-77-nodesc</styleUrl>
        <Polygon>
          <outerBoundaryIs>
            <LinearRing>
              <tessellate>1</tessellate>
              <coordinates>
                -79.4224008,43.6869163,0
                -79.4209846,43.6834405,0
                -79.4199547,43.6827267,0
                -79.4183414,43.6831192,0
                -79.4255394,43.7010357,0
                -79.4364855,43.6985988,0
                -79.4428155,43.6972957,0
                -79.4408115,43.6925641,0
                -79.4357904,43.6898334,0
                -79.4324001,43.6888093,0
                -79.426392,43.6887783,0
                -79.4224008,43.6869163,0
              </coordinates>
            </LinearRing>
          </outerBoundaryIs>
        </Polygon>
      </Placemark>
      <Placemark>
        <name>Christie Pits</name>
        <styleUrl>#poly-A52714-1200-82-nodesc</styleUrl>
        <Polygon>
          <outerBoundaryIs>
            <LinearRing>
              <tessellate>1</tessellate>
              <coordinates>
                -79.4272549,43.6658984,0
                -79.4256613,43.6619701,0
                -79.4188872,43.6633892,0
                -79.4189516,43.6636065,0
                -79.4187799,43.6642895,0
                -79.4216338,43.6716622,0
                -79.4289306,43.6700589,0
                -79.4272549,43.6658984,0
              </coordinates>
            </LinearRing>
          </outerBoundaryIs>
        </Polygon>
      </Placemark>
      <Placemark>
        <name>Cricket Club</name>
        <styleUrl>#poly-FFD600-1200-71-nodesc</styleUrl>
        <Polygon>
          <outerBoundaryIs>
            <LinearRing>
              <tessellate>1</tessellate>
              <coordinates>
                -79.4050395,43.7363944,0
                -79.4067548,43.7441136,0
                -79.4087913,43.7434497,0
                -79.4137911,43.7416981,0
                -79.4216368,43.7399364,0
                -79.4202134,43.7368173,0
                -79.4196147,43.7332463,0
                -79.4050395,43.7363944,0
              </coordinates>
            </LinearRing>
          </outerBoundaryIs>
        </Polygon>
      </Placemark>
      <Placemark>
        <name>The Danforth</name>
        <styleUrl>#poly-817717-1200-69-nodesc</styleUrl>
        <Polygon>
          <outerBoundaryIs>
            <LinearRing>
              <tessellate>1</tessellate>
              <coordinates>
                -79.3543219,43.6825299,0
                -79.3550002,43.6824244,0
                -79.3534767,43.678281,0
                -79.3534981,43.677862,0
                -79.3532192,43.6773033,0
                -79.3323642,43.6814435,0
                -79.3296769,43.6749426,0
                -79.3214586,43.6782017,0
                -79.3249034,43.6865798,0
                -79.3386256,43.6837014,0
                -79.3412112,43.6832592,0
                -79.3424128,43.6829023,0
                -79.3460392,43.6821885,0
                -79.3467902,43.684035,0
                -79.3543219,43.6825299,0
              </coordinates>
            </LinearRing>
          </outerBoundaryIs>
        </Polygon>
      </Placemark>
      <Placemark>
        <name>Old East York</name>
        <styleUrl>#poly-F57C00-1200-82-nodesc</styleUrl>
        <Polygon>
          <outerBoundaryIs>
            <LinearRing>
              <tessellate>1</tessellate>
              <coordinates>
                -79.3622072,43.6827811,0
                -79.3625361,43.68102,0
                -79.3617958,43.6812295,0
                -79.3577296,43.681245,0
                -79.3574893,43.6820209,0
                -79.3550002,43.6824244,0
                -79.3467902,43.684035,0
                -79.3460392,43.6821885,0
                -79.3424128,43.6829023,0
                -79.3412112,43.6832592,0
                -79.3362337,43.684191,0
                -79.3142175,43.6889073,0
                -79.313166,43.6864712,0
                -79.3113314,43.6869678,0
                -79.3115996,43.687666,0
                -79.30925,43.6882401,0
                -79.3094968,43.6888375,0
                -79.30395,43.6900555,0
                -79.304169,43.6906539,0
                -79.2971523,43.6920348,0
                -79.2970783,43.6922485,0
                -79.297486,43.6958712,0
                -79.2971212,43.6974692,0
                -79.302512,43.69749,0
                -79.3044861,43.6987001,0
                -79.3074472,43.6994137,0
                -79.3104084,43.6993827,0
                -79.3130262,43.7012753,0
                -79.3157299,43.7011822,0
                -79.3178757,43.7019578,0
                -79.3194206,43.7018027,0
                -79.3201073,43.7013373,0
                -79.3204506,43.7013683,0
                -79.3221672,43.7024542,0
                -79.3228538,43.7016786,0
                -79.3252142,43.7013373,0
                -79.328347,43.7016166,0
                -79.3316944,43.7018648,0
                -79.332381,43.7032919,0
                -79.3337114,43.7019268,0
                -79.338003,43.7000653,0
                -79.3398912,43.6984208,0
                -79.3427236,43.69749,0
                -79.3446119,43.69749,0
                -79.3479164,43.6979865,0
                -79.3507917,43.6978313,0
                -79.3528517,43.6969936,0
                -79.3551691,43.6951939,0
                -79.3588169,43.6918737,0
                -79.3603619,43.6896395,0
                -79.3608768,43.6879948,0
                -79.3610914,43.6852328,0
                -79.3622072,43.6827811,0
              </coordinates>
            </LinearRing>
          </outerBoundaryIs>
        </Polygon>
      </Placemark>
      <Placemark>
        <name>Graydon Hall</name>
        <styleUrl>#poly-FADA80-1200-84-nodesc</styleUrl>
        <Polygon>
          <outerBoundaryIs>
            <LinearRing>
              <tessellate>1</tessellate>
              <coordinates>
                -79.3473812,43.7618253,0
                -79.3470498,43.7558011,0
                -79.3357631,43.7582808,0
                -79.3387698,43.7675979,0
                -79.3468233,43.7670632,0
                -79.3473812,43.7618253,0
              </coordinates>
            </LinearRing>
          </outerBoundaryIs>
        </Polygon>
      </Placemark>
      <Placemark>
        <name>Harbourfront</name>
        <styleUrl>#poly-0F9D58-1200-79-nodesc</styleUrl>
        <Polygon>
          <outerBoundaryIs>
            <LinearRing>
              <tessellate>1</tessellate>
              <coordinates>
                -79.3954866,43.6347222,0
                -79.3953471,43.6350173,0
                -79.3951111,43.6351726,0
                -79.3950038,43.6353589,0
                -79.3909912,43.6363373,0
                -79.3879871,43.6369818,0
                -79.3792753,43.6377039,0
                -79.373632,43.6402118,0
                -79.3600922,43.645142,0
                -79.3600063,43.6452119,0
                -79.3609397,43.6464075,0
                -79.3607144,43.6472149,0
                -79.3608432,43.6474866,0
                -79.3612686,43.6479466,0
                -79.3614831,43.6483593,0
                -79.376203,43.6450365,0
                -79.3784799,43.6446566,0
                -79.377856,43.6432938,0
                -79.3798225,43.6422305,0
                -79.3826978,43.6407942,0
                -79.3852406,43.6400255,0
                -79.3897234,43.6391374,0
                -79.3950127,43.6381591,0
                -79.399669,43.636513,0
                -79.4021328,43.6358991,0
                -79.4033523,43.6357448,0
                -79.4028463,43.6351085,0
                -79.4036769,43.634705,0
                -79.403824,43.6344101,0
                -79.4031036,43.6335482,0
                -79.4030438,43.6312458,0
                -79.4023381,43.6310808,0
                -79.3967184,43.6340063,0
                -79.3954866,43.6347222,0
              </coordinates>
            </LinearRing>
          </outerBoundaryIs>
        </Polygon>
      </Placemark>
      <Placemark>
        <name>Harwood</name>
        <styleUrl>#poly-0097A7-1200-74-nodesc</styleUrl>
        <Polygon>
          <outerBoundaryIs>
            <LinearRing>
              <tessellate>1</tessellate>
              <coordinates>
                -79.4699292,43.6772264,0
                -79.4723418,43.6794227,0
                -79.4757965,43.6817815,0
                -79.47971,43.6837295,0
                -79.482954,43.6790887,0
                -79.4835509,43.6771343,0
                -79.4817095,43.674138,0
                -79.4804864,43.6709253,0
                -79.4800358,43.6697613,0
                -79.4657662,43.6729636,0
                -79.4699292,43.6772264,0
              </coordinates>
            </LinearRing>
          </outerBoundaryIs>
        </Polygon>
      </Placemark>
      <Placemark>
        <name>Hillside</name>
        <styleUrl>#poly-757575-1200-74-nodesc</styleUrl>
        <Polygon>
          <outerBoundaryIs>
            <LinearRing>
              <tessellate>1</tessellate>
              <coordinates>
                -79.2094432,43.8462339,0
                -79.2086371,43.8450305,0
                -79.2011269,43.8284228,0
                -79.1996165,43.8275126,0
                -79.1992088,43.827203,0
                -79.1994981,43.8260308,0
                -79.1994869,43.8253153,0
                -79.1982638,43.8253656,0
                -79.1970836,43.8256172,0
                -79.1961394,43.824998,0
                -79.1928779,43.8243787,0
                -79.1803466,43.8271653,0
                -79.1595756,43.8316234,0
                -79.1700469,43.8552708,0
                -79.2094432,43.8462339,0
              </coordinates>
            </LinearRing>
          </outerBoundaryIs>
        </Polygon>
      </Placemark>
      <Placemark>
        <name>Parkview Hills</name>
        <styleUrl>#poly-01579B-1200-69-nodesc</styleUrl>
        <Polygon>
          <outerBoundaryIs>
            <LinearRing>
              <tessellate>1</tessellate>
              <coordinates>
                -79.3318374,43.7047391,0
                -79.332381,43.7032919,0
                -79.3316944,43.7018648,0
                -79.3252142,43.7013373,0
                -79.3228538,43.7016786,0
                -79.3221672,43.7024542,0
                -79.3204506,43.7013683,0
                -79.3201073,43.7013373,0
                -79.3194206,43.7018027,0
                -79.3178757,43.7019578,0
                -79.3170817,43.7016476,0
                -79.3145855,43.7035913,0
                -79.3131263,43.7048943,0
                -79.3111093,43.7078725,0
                -79.3176754,43.7106489,0
                -79.3184771,43.7112428,0
                -79.3193354,43.7107465,0
                -79.3220391,43.7102502,0
                -79.3226828,43.7103122,0
                -79.3249144,43.7095212,0
                -79.3255581,43.7082183,0
                -79.3281116,43.7080321,0
                -79.3298282,43.7067447,0
                -79.3302359,43.7062018,0
                -79.3315877,43.7063259,0
                -79.3318374,43.7047391,0
              </coordinates>
            </LinearRing>
          </outerBoundaryIs>
        </Polygon>
      </Placemark>
      <Placemark>
        <name>Regal Heights</name>
        <styleUrl>#poly-1A237E-1200-79-nodesc</styleUrl>
        <Polygon>
          <outerBoundaryIs>
            <LinearRing>
              <tessellate>1</tessellate>
              <coordinates>
                -79.4423,43.6761104,0
                -79.4410113,43.6729922,0
                -79.4385436,43.673613,0
                -79.4344358,43.6743334,0
                -79.4337392,43.6743698,0
                -79.4359279,43.6795221,0
                -79.4429922,43.6778901,0
                -79.4423,43.6761104,0
              </coordinates>
            </LinearRing>
          </outerBoundaryIs>
        </Polygon>
      </Placemark>
      <Placemark>
        <name>Riverside</name>
        <styleUrl>#poly-673AB7-1200-79-nodesc</styleUrl>
        <Polygon>
          <outerBoundaryIs>
            <LinearRing>
              <tessellate>1</tessellate>
              <coordinates>
                -79.3551157,43.6617684,0
                -79.3537206,43.6580251,0
                -79.3524761,43.6567366,0
                -79.3492892,43.6537701,0
                -79.3483665,43.6543445,0
                -79.3473365,43.6553381,0
                -79.3463066,43.6569992,0
                -79.3452766,43.6628516,0
                -79.3444827,43.6647298,0
                -79.3424064,43.667662,0
                -79.3427712,43.6676465,0
                -79.3559462,43.6646197,0
                -79.3551157,43.6617684,0
              </coordinates>
            </LinearRing>
          </outerBoundaryIs>
        </Polygon>
      </Placemark>
      <Placemark>
        <name>Teddington Park</name>
        <styleUrl>#poly-4E342E-1200-71-nodesc</styleUrl>
        <Polygon>
          <outerBoundaryIs>
            <LinearRing>
              <tessellate>1</tessellate>
              <coordinates>
                -79.4042403,43.7328862,0
                -79.4038057,43.7311112,0
                -79.3962312,43.7326617,0
                -79.3965315,43.7335333,0
                -79.3946218,43.7339055,0
                -79.3942355,43.7337349,0
                -79.3930983,43.7335488,0
                -79.3927335,43.7329597,0
                -79.3906307,43.732324,0
                -79.3881416,43.732231,0
                -79.3854808,43.7323395,0
                -79.3848156,43.732324,0
                -79.384365,43.7312386,0
                -79.3839788,43.730696,0
                -79.3833994,43.7307425,0
                -79.383099,43.7313317,0
                -79.3826913,43.7313317,0
                -79.3819188,43.730944,0
                -79.3816828,43.7302928,0
                -79.3813068,43.7302562,0
                -79.3811137,43.7319618,0
                -79.382723,43.7408919,0
                -79.388151,43.739649,0
                -79.3979357,43.7374165,0
                -79.3983005,43.7372149,0
                -79.4002531,43.7365173,0
                -79.4017552,43.7367343,0
                -79.4031499,43.7364088,0
                -79.4034932,43.7367033,0
                -79.4049095,43.7360987,0
                -79.4042403,43.7328862,0
              </coordinates>
            </LinearRing>
          </outerBoundaryIs>
        </Polygon>
      </Placemark>
      <Placemark>
        <name>Topham Park</name>
        <styleUrl>#poly-C2185B-1200-79-nodesc</styleUrl>
        <Polygon>
          <outerBoundaryIs>
            <LinearRing>
              <tessellate>1</tessellate>
              <coordinates>
                -79.3050124,43.7159946,0
                -79.3051412,43.7155294,0
                -79.3099477,43.7093719,0
                -79.3111093,43.7078725,0
                -79.3128123,43.70537,0
                -79.3078234,43.7065411,0
                -79.3028345,43.7076734,0
                -79.2973306,43.7088678,0
                -79.2959643,43.7087621,0
                -79.2993047,43.7166693,0
                -79.301032,43.716266,0
                -79.3012681,43.7163668,0
                -79.3023302,43.7161885,0
                -79.3026306,43.7159791,0
                -79.3038108,43.7159326,0
                -79.3050124,43.7159946,0
              </coordinates>
            </LinearRing>
          </outerBoundaryIs>
        </Polygon>
      </Placemark>
      <Placemark>
        <name>West Don Lands</name>
        <styleUrl>#poly-FF5252-1200-82-nodesc</styleUrl>
        <Polygon>
          <outerBoundaryIs>
            <LinearRing>
              <tessellate>1</tessellate>
              <coordinates>
                -79.3533459,43.6512091,0
                -79.3492892,43.6537701,0
                -79.3524761,43.6567366,0
                -79.3534631,43.6563175,0
                -79.3554802,43.655091,0
                -79.3563599,43.654765,0
                -79.3570037,43.654796,0
                -79.3604583,43.6527467,0
                -79.3611235,43.6519394,0
                -79.3627436,43.6515668,0
                -79.3621377,43.6501746,0
                -79.3597559,43.6507491,0
                -79.359949,43.6512071,0
                -79.3576101,43.6517815,0
                -79.3571166,43.6508189,0
                -79.3566338,43.6494294,0
                -79.3533459,43.6512091,0
              </coordinates>
            </LinearRing>
          </outerBoundaryIs>
        </Polygon>
      </Placemark>
      <Placemark>
        <name>Woodbine Gardens</name>
        <styleUrl>#poly-FBC02D-1200-71-nodesc</styleUrl>
        <Polygon>
          <outerBoundaryIs>
            <LinearRing>
              <tessellate>1</tessellate>
              <coordinates>
                -79.3154065,43.7029346,0
                -79.3170817,43.7016476,0
                -79.3157299,43.7011822,0
                -79.3130262,43.7012753,0
                -79.3104084,43.6993827,0
                -79.3074472,43.6994137,0
                -79.3044861,43.6987001,0
                -79.302512,43.69749,0
                -79.2971212,43.6974692,0
                -79.2956728,43.6973683,0
                -79.2950505,43.6977019,0
                -79.2945355,43.6976864,0
                -79.2936236,43.698082,0
                -79.2922074,43.6977174,0
                -79.2909862,43.6976863,0
                -79.292102,43.6997496,0
                -79.2959643,43.7087621,0
                -79.2973306,43.7088678,0
                -79.3128123,43.70537,0
                -79.3131263,43.7048943,0
                -79.3154065,43.7029346,0
              </coordinates>
            </LinearRing>
          </outerBoundaryIs>
        </Polygon>
      </Placemark>
      <Placemark>
        <name>Bayview Woods</name>
        <styleUrl>#poly-AFB42B-1200-84-nodesc</styleUrl>
        <Polygon>
          <outerBoundaryIs>
            <LinearRing>
              <tessellate>1</tessellate>
              <coordinates>
                -79.3858782,43.8055952,0
                -79.3961854,43.8032643,0
                -79.3935675,43.7922989,0
                -79.3921873,43.7850486,0
                -79.3696138,43.7900056,0
                -79.3679401,43.7900056,0
                -79.369202,43.794938,0
                -79.372522,43.808499,0
                -79.3858782,43.8055952,0
              </coordinates>
            </LinearRing>
          </outerBoundaryIs>
        </Polygon>
      </Placemark>
      <Placemark>
        <name>Discovery District</name>
        <styleUrl>#poly-7CB342-1200-79-nodesc</styleUrl>
        <Polygon>
          <outerBoundaryIs>
            <LinearRing>
              <tessellate>1</tessellate>
              <coordinates>
                -79.3874434,43.660544,0
                -79.3904354,43.6598625,0
                -79.3883231,43.6548621,0
                -79.3808988,43.6563214,0
                -79.3831019,43.661351,0
                -79.3874434,43.660544,0
              </coordinates>
            </LinearRing>
          </outerBoundaryIs>
        </Polygon>
      </Placemark>
      <Placemark>
        <name>Eglinton East</name>
        <styleUrl>#poly-0F9D58-1200-82-nodesc</styleUrl>
        <Polygon>
          <outerBoundaryIs>
            <LinearRing>
              <tessellate>1</tessellate>
              <coordinates>
                -79.2662256,43.7407643,0
                -79.2638009,43.734873,0
                -79.2631786,43.7334776,0
                -79.2481966,43.7366753,0
                -79.2454929,43.7307526,0
                -79.2430439,43.7326804,0
                -79.2301552,43.7406867,0
                -79.2287317,43.7415794,0
                -79.2320175,43.7484241,0
                -79.2338312,43.7532012,0
                -79.2348612,43.7530772,0
                -79.2360199,43.7533717,0
                -79.2367065,43.7533097,0
                -79.2375648,43.7534492,0
                -79.2382515,43.7529223,0
                -79.2382729,43.7525193,0
                -79.2376078,43.7522403,0
                -79.2380584,43.7520853,0
                -79.2381871,43.7517133,0
                -79.237758,43.7516358,0
                -79.2378652,43.7510933,0
                -79.2384017,43.7508298,0
                -79.2384446,43.7500858,0
                -79.2387236,43.7495588,0
                -79.2386163,43.7488922,0
                -79.2392171,43.7489698,0
                -79.2396677,43.7483032,0
                -79.2400043,43.747306,0
                -79.2402256,43.7459471,0
                -79.2414272,43.745296,0
                -79.241556,43.7451255,0
                -79.2426718,43.7453425,0
                -79.2440451,43.7453735,0
                -79.2445171,43.7457611,0
                -79.245354,43.7458076,0
                -79.2468775,43.745327,0
                -79.2477358,43.7444744,0
                -79.2480791,43.7447535,0
                -79.2490662,43.7441954,0
                -79.2498172,43.7433273,0
                -79.251169,43.7430793,0
                -79.2523706,43.7426917,0
                -79.2530358,43.7427537,0
                -79.2537868,43.7426452,0
                -79.2540872,43.7423042,0
                -79.2546881,43.7424437,0
                -79.2553747,43.7427847,0
                -79.2558253,43.7431413,0
                -79.2577994,43.7428002,0
                -79.2594302,43.7439474,0
                -79.2605011,43.7434524,0
                -79.2664395,43.7421192,0
                -79.2667936,43.7420804,0
                -79.2662256,43.7407643,0
              </coordinates>
            </LinearRing>
          </outerBoundaryIs>
        </Polygon>
      </Placemark>
      <Placemark>
        <name>Entertainment District</name>
        <styleUrl>#poly-CE93D8-1200-77-nodesc</styleUrl>
        <Polygon>
          <outerBoundaryIs>
            <LinearRing>
              <tessellate>1</tessellate>
              <coordinates>
                -79.3955371,43.6467409,0
                -79.3939707,43.6426961,0
                -79.3912468,43.6434,0
                -79.390925,43.6425614,0
                -79.3908928,43.6419559,0
                -79.3897234,43.6391374,0
                -79.3852406,43.6400255,0
                -79.3826978,43.6407942,0
                -79.377856,43.6432938,0
                -79.379122,43.6459801,0
                -79.3825553,43.6452503,0
                -79.3835852,43.6456074,0
                -79.3850658,43.6482781,0
                -79.3859885,43.649722,0
                -79.3866374,43.6508427,0
                -79.3963214,43.6487751,0
                -79.3955371,43.6467409,0
              </coordinates>
            </LinearRing>
          </outerBoundaryIs>
        </Polygon>
      </Placemark>
      <Placemark>
        <name>Fashion District</name>
        <styleUrl>#poly-A52714-1200-79-nodesc</styleUrl>
        <Polygon>
          <outerBoundaryIs>
            <LinearRing>
              <tessellate>1</tessellate>
              <coordinates>
                -79.3969995,43.6419751,0
                -79.3939707,43.6426961,0
                -79.3963214,43.6487751,0
                -79.4039603,43.6471759,0
                -79.4013963,43.6407369,0
                -79.3969995,43.6419751,0
              </coordinates>
            </LinearRing>
          </outerBoundaryIs>
        </Polygon>
      </Placemark>
      <Placemark>
        <name>Financial District</name>
        <styleUrl>#poly-0288D1-1200-77-nodesc</styleUrl>
        <Polygon>
          <outerBoundaryIs>
            <LinearRing>
              <tessellate>1</tessellate>
              <coordinates>
                -79.3830816,43.6516475,0
                -79.3866374,43.6508427,0
                -79.3835852,43.6456074,0
                -79.3825553,43.6452503,0
                -79.379122,43.6459801,0
                -79.378082,43.6461823,0
                -79.3769448,43.6468034,0
                -79.3779411,43.6491822,0
                -79.3791384,43.6524033,0
                -79.3830816,43.6516475,0
              </coordinates>
            </LinearRing>
          </outerBoundaryIs>
        </Polygon>
      </Placemark>
      <Placemark>
        <name>Golden Mile</name>
        <styleUrl>#poly-FFD600-1200-77-nodesc</styleUrl>
        <Polygon>
          <outerBoundaryIs>
            <LinearRing>
              <tessellate>1</tessellate>
              <coordinates>
                -79.2781105,43.7300301,0
                -79.2809858,43.7379684,0
                -79.2845574,43.7366132,0
                -79.3040195,43.7278374,0
                -79.3026806,43.7247983,0
                -79.2975093,43.7256512,0
                -79.2949129,43.7193086,0
                -79.2827893,43.7161759,0
                -79.2811586,43.7120504,0
                -79.2787971,43.7125375,0
                -79.2785592,43.714656,0
                -79.2782392,43.7155463,0
                -79.2755122,43.7217589,0
                -79.2749347,43.7228042,0
                -79.2781105,43.7300301,0
              </coordinates>
            </LinearRing>
          </outerBoundaryIs>
        </Polygon>
      </Placemark>
      <Placemark>
        <name>Ionview</name>
        <styleUrl>#poly-880E4F-1200-82-nodesc</styleUrl>
        <Polygon>
          <outerBoundaryIs>
            <LinearRing>
              <tessellate>1</tessellate>
              <coordinates>
                -79.2812658,43.7386329,0
                -79.2809858,43.7379684,0
                -79.2781105,43.7300301,0
                -79.2749347,43.7228042,0
                -79.2743964,43.7235888,0
                -79.2701907,43.7284578,0
                -79.2675729,43.7308766,0
                -79.2681308,43.7324271,0
                -79.2631786,43.7334776,0
                -79.2685156,43.7461884,0
                -79.2729363,43.744173,0
                -79.2821845,43.7407316,0
                -79.2812015,43.7385244,0
                -79.2812658,43.7386329,0
              </coordinates>
            </LinearRing>
          </outerBoundaryIs>
        </Polygon>
      </Placemark>
      <Placemark>
        <name>Morningside</name>
        <styleUrl>#poly-01579B-1200-79-nodesc</styleUrl>
        <Polygon>
          <outerBoundaryIs>
            <LinearRing>
              <tessellate>1</tessellate>
              <coordinates>
                -79.2050724,43.7825435,0
                -79.1934225,43.7852338,0
                -79.1936998,43.7872218,0
                -79.1962764,43.7935675,0
                -79.1969415,43.7963709,0
                -79.2120494,43.7941645,0
                -79.2182506,43.7930338,0
                -79.2252369,43.7892079,0
                -79.2245073,43.7884024,0
                -79.2230911,43.7884644,0
                -79.2221041,43.7879377,0
                -79.2229195,43.7868224,0
                -79.2227907,43.785676,0
                -79.2213316,43.785676,0
                -79.220602,43.7852113,0
                -79.2203016,43.784003,0
                -79.2193146,43.7827017,0
                -79.2179413,43.7831974,0
                -79.217598,43.7843438,0
                -79.2157526,43.7838171,0
                -79.2152805,43.7831974,0
                -79.2142506,43.7836622,0
                -79.2136498,43.7834453,0
                -79.2133493,43.7827327,0
                -79.2118473,43.7818961,0
                -79.2111607,43.7811525,0
                -79.2050724,43.7825435,0
              </coordinates>
            </LinearRing>
          </outerBoundaryIs>
        </Polygon>
      </Placemark>
      <Placemark>
        <name>Pleasant View</name>
        <styleUrl>#poly-E65100-1200-79-nodesc</styleUrl>
        <Polygon>
          <outerBoundaryIs>
            <LinearRing>
              <tessellate>1</tessellate>
              <coordinates>
                -79.3314797,43.7931356,0
                -79.3353359,43.8018401,0
                -79.3388334,43.8011122,0
                -79.3430451,43.8000955,0
                -79.3447188,43.7998167,0
                -79.3436459,43.7950929,0
                -79.3397191,43.7761164,0
                -79.3329695,43.7752961,0
                -79.327133,43.7747074,0
                -79.3229962,43.7752565,0
                -79.3253428,43.7803093,0
                -79.3314797,43.7931356,0
              </coordinates>
            </LinearRing>
          </outerBoundaryIs>
        </Polygon>
      </Placemark>
      <Placemark>
        <name>Port Lands</name>
        <styleUrl>#poly-424242-1200-82-nodesc</styleUrl>
        <Polygon>
          <outerBoundaryIs>
            <LinearRing>
              <tessellate>1</tessellate>
              <coordinates>
                -79.3480327,43.65016,0
                -79.358032,43.6460609,0
                -79.3594053,43.645533,0
                -79.3558862,43.6411231,0
                -79.3509939,43.6350357,0
                -79.3474319,43.6330167,0
                -79.3448999,43.6218337,0
                -79.3451145,43.6126683,0
                -79.3421533,43.6117672,0
                -79.3224981,43.616925,0
                -79.3197515,43.6272702,0
                -79.3189361,43.6508431,0
                -79.3155458,43.6558733,0
                -79.3127415,43.65727,0
                -79.3124411,43.6586361,0
                -79.3147157,43.6612751,0
                -79.3148592,43.6623933,0
                -79.3285396,43.6590484,0
                -79.347079,43.6510841,0
                -79.3480327,43.65016,0
              </coordinates>
            </LinearRing>
          </outerBoundaryIs>
        </Polygon>
      </Placemark>
      <Placemark>
        <name>West Queen West</name>
        <styleUrl>#poly-9C27B0-1200-87-nodesc</styleUrl>
        <Polygon>
          <outerBoundaryIs>
            <LinearRing>
              <tessellate>1</tessellate>
              <coordinates>
                -79.4231325,43.6398585,0
                -79.4197078,43.6405605,0
                -79.4146967,43.6404355,0
                -79.4162846,43.6446902,0
                -79.4175006,43.6445014,0
                -79.4188202,43.644184,0
                -79.4286478,43.6422275,0
                -79.4273682,43.6389766,0
                -79.4231325,43.6398585,0
              </coordinates>
            </LinearRing>
          </outerBoundaryIs>
        </Polygon>
      </Placemark>
      <Placemark>
        <name>Steeles</name>
        <styleUrl>#poly-A1C2FA-1200-79-nodesc</styleUrl>
        <Polygon>
          <outerBoundaryIs>
            <LinearRing>
              <tessellate>1</tessellate>
              <coordinates>
                -79.3321972,43.8178492,0
                -79.3412367,43.8156218,0
                -79.3363077,43.8040544,0
                -79.334634,43.8043641,0
                -79.3320806,43.8038531,0
                -79.3079929,43.809519,0
                -79.3053014,43.8104654,0
                -79.3031771,43.8118435,0
                -79.3019325,43.8121222,0
                -79.3071993,43.8237754,0
                -79.3321972,43.8178492,0
              </coordinates>
            </LinearRing>
          </outerBoundaryIs>
        </Polygon>
      </Placemark>
      <Placemark>
        <name>University</name>
        <styleUrl>#poly-1A237E-1200-74-nodesc</styleUrl>
        <Polygon>
          <outerBoundaryIs>
            <LinearRing>
              <tessellate>1</tessellate>
              <coordinates>
                -79.394716,43.6590002,0
                -79.3904354,43.6598625,0
                -79.3831019,43.661351,0
                -79.3867819,43.6701985,0
                -79.3942012,43.668672,0
                -79.4038035,43.666679,0
                -79.4032026,43.6658641,0
                -79.4010569,43.6604001,0
                -79.4001557,43.6601362,0
                -79.3999625,43.6597792,0
                -79.4000055,43.6593135,0
                -79.4005204,43.659003,0
                -79.4000056,43.657891,0
                -79.394716,43.6590002,0
              </coordinates>
            </LinearRing>
          </outerBoundaryIs>
        </Polygon>
      </Placemark>
      <Placemark>
        <name>Syme</name>
        <styleUrl>#poly-7CB342-1200-77-nodesc</styleUrl>
        <Polygon>
          <outerBoundaryIs>
            <LinearRing>
              <tessellate>1</tessellate>
              <coordinates>
                -79.4881292,43.668022,0
                -79.4835725,43.6689818,0
                -79.4800358,43.6697613,0
                -79.4817095,43.674138,0
                -79.4835509,43.6771343,0
                -79.4855972,43.6763565,0
                -79.4891943,43.675334,0
                -79.4933356,43.6758307,0
                -79.4954261,43.675605,0
                -79.4918413,43.6671684,0
                -79.4881292,43.668022,0
              </coordinates>
            </LinearRing>
          </outerBoundaryIs>
        </Polygon>
      </Placemark>
      <Placemark>
        <name>Bloordale</name>
        <styleUrl>#poly-FFEA00-1200-79-nodesc</styleUrl>
        <Polygon>
          <outerBoundaryIs>
            <LinearRing>
              <tessellate>1</tessellate>
              <coordinates>
                -79.5779814,43.6483671,0
                -79.5766867,43.6460979,0
                -79.573983,43.6453526,0
                -79.5723951,43.643334,0
                -79.5768154,43.6424645,0
                -79.5785272,43.6418101,0
                -79.5770895,43.6407231,0
                -79.5756518,43.6405368,0
                -79.5744288,43.6397914,0
                -79.5725405,43.638223,0
                -79.5704591,43.6375086,0
                -79.5694077,43.6349307,0
                -79.5696222,43.6337815,0
                -79.5597174,43.6363126,0
                -79.5663479,43.6524768,0
                -79.5674422,43.6541845,0
                -79.5795191,43.6514701,0
                -79.5779814,43.6483671,0
              </coordinates>
            </LinearRing>
          </outerBoundaryIs>
        </Polygon>
      </Placemark>
      <Placemark>
        <name>Denlow</name>
        <styleUrl>#poly-F57C00-1200-74-nodesc</styleUrl>
        <Polygon>
          <outerBoundaryIs>
            <LinearRing>
              <tessellate>1</tessellate>
              <coordinates>
                -79.3582468,43.7449438,0
                -79.3600317,43.7529493,0
                -79.3641551,43.7528906,0
                -79.3827804,43.7488296,0
                -79.3792317,43.7459306,0
                -79.3776868,43.7437293,0
                -79.3762643,43.7425352,0
                -79.3754274,43.7422097,0
                -79.3749124,43.7416051,0
                -79.3743545,43.7416051,0
                -79.3732816,43.7410315,0
                -79.3730456,43.7404114,0
                -79.3723161,43.7406284,0
                -79.3720156,43.7404734,0
                -79.3717582,43.7409385,0
                -79.371329,43.7404579,0
                -79.3708998,43.7407214,0
                -79.3706638,43.7406904,0
                -79.3706424,43.7402408,0
                -79.37105,43.7401943,0
                -79.3710715,43.7397292,0
                -79.3706853,43.7397137,0
                -79.3706209,43.7393882,0
                -79.37105,43.7393727,0
                -79.3710715,43.7390936,0
                -79.3704278,43.7391866,0
                -79.3701703,43.73852,0
                -79.369548,43.738458,0
                -79.3695695,43.7380239,0
                -79.3691618,43.7379619,0
                -79.3689043,43.7381789,0
                -79.368046,43.7376828,0
                -79.3681962,43.7372332,0
                -79.3674237,43.7368766,0
                -79.3672306,43.7370782,0
                -79.3666941,43.7370627,0
                -79.3668873,43.7366441,0
                -79.365986,43.7366441,0
                -79.3655569,43.7368766,0
                -79.3643553,43.7364425,0
                -79.3644411,43.7359154,0
                -79.3636472,43.7361945,0
                -79.3632609,43.7360239,0
                -79.3636901,43.7354658,0
                -79.363218,43.7347371,0
                -79.3620593,43.734458,0
                -79.3617483,43.734223,0
                -79.3589374,43.7347656,0
                -79.356577,43.7345021,0
                -79.3559333,43.7345486,0
                -79.3582468,43.7449438,0
              </coordinates>
            </LinearRing>
          </outerBoundaryIs>
        </Polygon>
      </Placemark>
      <Placemark>
        <name>Keelesdale</name>
        <styleUrl>#poly-673AB7-1200-82-nodesc</styleUrl>
        <Polygon>
          <outerBoundaryIs>
            <LinearRing>
              <tessellate>1</tessellate>
              <coordinates>
                -79.4752589,43.6960591,0
                -79.4753259,43.6963808,0
                -79.4776219,43.696148,0
                -79.47833,43.6962101,0
                -79.4818061,43.6949069,0
                -79.4826859,43.6951862,0
                -79.4840163,43.6954964,0
                -79.484381,43.6944104,0
                -79.4851106,43.693914,0
                -79.484424,43.6920211,0
                -79.4812482,43.6846044,0
                -79.47971,43.6837295,0
                -79.4757965,43.6817815,0
                -79.4715693,43.6820608,0
                -79.4753887,43.6909363,0
                -79.4741657,43.6918673,0
                -79.4751312,43.695808,0
                -79.4752589,43.6960591,0
              </coordinates>
            </LinearRing>
          </outerBoundaryIs>
        </Polygon>
      </Placemark>
      <Placemark>
        <name>North Park</name>
        <styleUrl>#poly-0F9D58-1200-69-nodesc</styleUrl>
        <Polygon>
          <outerBoundaryIs>
            <LinearRing>
              <tessellate>1</tessellate>
              <coordinates>
                -79.4705886,43.7150643,0
                -79.4725198,43.7246793,0
                -79.4811924,43.722594,0
                -79.4781369,43.7088063,0
                -79.4698292,43.7107579,0
                -79.4705886,43.7150643,0
              </coordinates>
            </LinearRing>
          </outerBoundaryIs>
        </Polygon>
      </Placemark>
      <Placemark>
        <name>Upper Jarvis</name>
        <styleUrl>#poly-424242-1200-82-nodesc</styleUrl>
        <Polygon>
          <outerBoundaryIs>
            <LinearRing>
              <tessellate>1</tessellate>
              <coordinates>
                -79.3758826,43.6698131,0
                -79.3768626,43.672294,0
                -79.3805055,43.67151,0
                -79.3783074,43.6662742,0
                -79.376686,43.6624376,0
                -79.3730873,43.6632391,0
                -79.3744664,43.6665303,0
                -79.3746352,43.6670541,0
                -79.3758826,43.6698131,0
              </coordinates>
            </LinearRing>
          </outerBoundaryIs>
        </Polygon>
      </Placemark>
      <Placemark>
        <name>White Haven</name>
        <styleUrl>#poly-757575-1200-71-nodesc</styleUrl>
        <Polygon>
          <outerBoundaryIs>
            <LinearRing>
              <tessellate>1</tessellate>
              <coordinates>
                -79.2535066,43.7908112,0
                -79.2588557,43.7897223,0
                -79.2584266,43.788638,0
                -79.2573537,43.7876157,0
                -79.2547358,43.7811093,0
                -79.2438936,43.7834376,0
                -79.2353309,43.7855057,0
                -79.2387213,43.7939012,0
                -79.2535066,43.7908112,0
              </coordinates>
            </LinearRing>
          </outerBoundaryIs>
        </Polygon>
      </Placemark>
      <Placemark>
        <name>City Hall</name>
        <styleUrl>#poly-424242-1200-77-nodesc</styleUrl>
        <Polygon>
          <outerBoundaryIs>
            <LinearRing>
              <tessellate>1</tessellate>
              <coordinates>
                -79.387654,43.6533364,0
                -79.3866374,43.6508427,0
                -79.3791384,43.6524033,0
                -79.3808988,43.6563214,0
                -79.3883231,43.6548621,0
                -79.387654,43.6533364,0
              </coordinates>
            </LinearRing>
          </outerBoundaryIs>
        </Polygon>
      </Placemark>
      <Placemark>
        <name>Old Town</name>
        <styleUrl>#poly-F9A825-1200-71-nodesc</styleUrl>
        <Polygon>
          <outerBoundaryIs>
            <LinearRing>
              <tessellate>1</tessellate>
              <coordinates>
                -79.3742913,43.6498721,0
                -79.37189,43.6503622,0
                -79.3713751,43.649384,0
                -79.369637,43.649974,0
                -79.3627436,43.6515668,0
                -79.3645353,43.6556033,0
                -79.373228,43.653669,0
                -79.3791384,43.6524033,0
                -79.3779411,43.6491822,0
                -79.3742913,43.6498721,0
              </coordinates>
            </LinearRing>
          </outerBoundaryIs>
        </Polygon>
      </Placemark>
      <Placemark>
        <name>Parma Court</name>
        <styleUrl>#poly-097138-1200-69-nodesc</styleUrl>
        <Polygon>
          <outerBoundaryIs>
            <LinearRing>
              <tessellate>1</tessellate>
              <coordinates>
                -79.3047171,43.7173907,0
                -79.3050124,43.7159946,0
                -79.3038108,43.7159326,0
                -79.3026306,43.7159791,0
                -79.3023302,43.7161885,0
                -79.3012681,43.7163668,0
                -79.301032,43.716266,0
                -79.2993047,43.7166693,0
                -79.3026806,43.7247983,0
                -79.3097918,43.7255322,0
                -79.3099957,43.7248189,0
                -79.3105107,43.7236326,0
                -79.3109935,43.7233302,0
                -79.311841,43.7225936,0
                -79.3100064,43.7216632,0
                -79.3076783,43.7203605,0
                -79.3068521,43.7184297,0
                -79.3045454,43.7188795,0
                -79.3047171,43.7173907,0
              </coordinates>
            </LinearRing>
          </outerBoundaryIs>
        </Polygon>
      </Placemark>
      <Placemark>
        <name>Queen-River</name>
        <styleUrl>#poly-C2185B-1200-77-nodesc</styleUrl>
        <Polygon>
          <outerBoundaryIs>
            <LinearRing>
              <tessellate>1</tessellate>
              <coordinates>
                -79.3558139,43.6617376,0
                -79.3564791,43.6644231,0
                -79.3568683,43.6643067,0
                -79.3591982,43.6637202,0
                -79.3574386,43.6595289,0
                -79.3564882,43.6574065,0
                -79.354505,43.6579344,0
                -79.3558139,43.6617376,0
              </coordinates>
            </LinearRing>
          </outerBoundaryIs>
        </Polygon>
      </Placemark>
      <Placemark>
        <name>Oakwood Village</name>
        <styleUrl>#poly-F57C00-1200-77-nodesc</styleUrl>
        <Polygon>
          <outerBoundaryIs>
            <LinearRing>
              <tessellate>1</tessellate>
              <coordinates>
                -79.4502398,43.6956356,0
                -79.446091,43.6855637,0
                -79.44255,43.6863098,0
                -79.4386956,43.6870866,0
                -79.4408115,43.6925641,0
                -79.4427511,43.6971716,0
                -79.4502398,43.6956356,0
              </coordinates>
            </LinearRing>
          </outerBoundaryIs>
        </Polygon>
      </Placemark>
      <Placemark>
        <name>The Pocket</name>
        <styleUrl>#poly-87CEAC-1200-77-nodesc</styleUrl>
        <Polygon>
          <outerBoundaryIs>
            <LinearRing>
              <tessellate>1</tessellate>
              <coordinates>
                -79.3400889,43.6799382,0
                -79.3367364,43.6720094,0
                -79.3337538,43.6733441,0
                -79.3296769,43.6749426,0
                -79.3323642,43.6814435,0
                -79.3400889,43.6799382,0
              </coordinates>
            </LinearRing>
          </outerBoundaryIs>
        </Polygon>
      </Placemark>
      <Placemark>
        <name>East Danforth</name>
        <styleUrl>#poly-FFEA00-1200-77-nodesc</styleUrl>
        <Polygon>
          <outerBoundaryIs>
            <LinearRing>
              <tessellate>1</tessellate>
              <coordinates>
                -79.3227083,43.6810396,0
                -79.3214586,43.6782017,0
                -79.3020751,43.68574,0
                -79.2992213,43.6865935,0
                -79.287599,43.6892625,0
                -79.2890531,43.6928691,0
                -79.289847,43.6926907,0
                -79.2902225,43.6933966,0
                -79.2948467,43.6923183,0
                -79.2950291,43.6926829,0
                -79.2970783,43.6922485,0
                -79.2971523,43.6920348,0
                -79.304169,43.6906539,0
                -79.30395,43.6900555,0
                -79.3094968,43.6888375,0
                -79.30925,43.6882401,0
                -79.3115996,43.687666,0
                -79.3113314,43.6869678,0
                -79.313166,43.6864712,0
                -79.3142175,43.6889073,0
                -79.3249034,43.6865798,0
                -79.3227083,43.6810396,0
              </coordinates>
            </LinearRing>
          </outerBoundaryIs>
        </Polygon>
      </Placemark>
      <Placemark>
        <name>Roncesvalles</name>
        <styleUrl>#poly-F48FB1-1200-77-nodesc</styleUrl>
        <Polygon>
          <outerBoundaryIs>
            <LinearRing>
              <tessellate>1</tessellate>
              <coordinates>
                -79.4600359,43.6546833,0
                -79.4541217,43.6397753,0
                -79.4527055,43.6397442,0
                -79.4506885,43.6392473,0
                -79.4474356,43.6384853,0
                -79.4409423,43.6397439,0
                -79.4422083,43.6429738,0
                -79.4391935,43.6435716,0
                -79.4410657,43.6481134,0
                -79.4408543,43.6481588,0
                -79.4440944,43.6507361,0
                -79.4499953,43.6568065,0
                -79.4600359,43.6546833,0
              </coordinates>
            </LinearRing>
          </outerBoundaryIs>
        </Polygon>
      </Placemark>
      <Placemark>
        <name>West Bend</name>
        <styleUrl>#poly-795548-1200-77-nodesc</styleUrl>
        <Polygon>
          <outerBoundaryIs>
            <LinearRing>
              <tessellate>1</tessellate>
              <coordinates>
                -79.4623634,43.6602932,0
                -79.4600359,43.6546833,0
                -79.4499953,43.6568065,0
                -79.457244,43.6644339,0
                -79.457759,43.6643097,0
                -79.4585293,43.6644754,0
                -79.459409,43.6641339,0
                -79.4624063,43.6633047,0
                -79.4639083,43.6637083,0
                -79.4623634,43.6602932,0
              </coordinates>
            </LinearRing>
          </outerBoundaryIs>
        </Polygon>
      </Placemark>
      <Placemark>
        <name>High Park</name>
        <styleUrl>#poly-097138-1200-77-nodesc</styleUrl>
        <Polygon>
          <outerBoundaryIs>
            <LinearRing>
              <tessellate>1</tessellate>
              <coordinates>
                -79.4613334,43.6392397,0
                -79.4541217,43.6397753,0
                -79.4600359,43.6546833,0
                -79.4639083,43.6637083,0
                -79.4649236,43.663839,0
                -79.4722467,43.6622015,0
                -79.4711631,43.6597488,0
                -79.471206,43.6587087,0
                -79.4710237,43.6585224,0
                -79.4710666,43.6580179,0
                -79.4714367,43.6575017,0
                -79.4716298,43.6564965,0
                -79.4700791,43.6525829,0
                -79.4694512,43.6512955,0
                -79.4695156,43.6506744,0
                -79.470052,43.6501,0
                -79.4707601,43.6500223,0
                -79.4711249,43.6473828,0
                -79.470846,43.647181,0
                -79.4691937,43.6429886,0
                -79.4676488,43.640442,0
                -79.4667475,43.6396034,0
                -79.4674986,43.6389512,0
                -79.4662687,43.6374073,0
                -79.4613334,43.6392397,0
              </coordinates>
            </LinearRing>
          </outerBoundaryIs>
        </Polygon>
      </Placemark>
      <Placemark>
        <name>Warren Park</name>
        <styleUrl>#poly-A52714-1200-77-nodesc</styleUrl>
        <Polygon>
          <outerBoundaryIs>
            <LinearRing>
              <tessellate>1</tessellate>
              <coordinates>
                -79.5004076,43.6649575,0
                -79.502165,43.6643832,0
                -79.5042616,43.6620165,0
                -79.5019202,43.6603151,0
                -79.499753,43.6591353,0
                -79.4993132,43.658246,0
                -79.4949573,43.6591464,0
                -79.4948661,43.6594025,0
                -79.4954724,43.6596826,0
                -79.4942763,43.6605836,0
                -79.4942014,43.6612058,0
                -79.4945397,43.6619301,0
                -79.49483,43.6628821,0
                -79.4959686,43.6639789,0
                -79.4962703,43.6644549,0
                -79.4967436,43.6646825,0
                -79.4979076,43.665003,0
                -79.4986801,43.6656084,0
                -79.5004076,43.6649575,0
              </coordinates>
            </LinearRing>
          </outerBoundaryIs>
        </Polygon>
      </Placemark>
      <Placemark>
        <name>Fort York</name>
        <styleUrl>#poly-FFEA00-1200-77-nodesc</styleUrl>
        <Polygon>
          <outerBoundaryIs>
            <LinearRing>
              <tessellate>1</tessellate>
              <coordinates>
                -79.4088062,43.6343616,0
                -79.4082053,43.6349517,0
                -79.4073256,43.63534,0
                -79.4021328,43.6358991,0
                -79.399669,43.636513,0
                -79.4013963,43.6407369,0
                -79.4038177,43.6401715,0
                -79.4040446,43.6400551,0
                -79.4104942,43.6383546,0
                -79.4101162,43.6374858,0
                -79.409128,43.6349362,0
                -79.4088062,43.6343616,0
              </coordinates>
            </LinearRing>
          </outerBoundaryIs>
        </Polygon>
      </Placemark>
      <Placemark>
        <name>Northcliffe Village</name>
        <styleUrl>#poly-FFFF8D-1200-77-nodesc</styleUrl>
        <Polygon>
          <outerBoundaryIs>
            <LinearRing>
              <tessellate>1</tessellate>
              <coordinates>
                -79.4429628,43.6862213,0
                -79.446091,43.6855637,0
                -79.443044,43.677991,0
                -79.4359279,43.6795221,0
                -79.4386956,43.6870866,0
                -79.4429628,43.6862213,0
              </coordinates>
            </LinearRing>
          </outerBoundaryIs>
        </Polygon>
      </Placemark>
      <Placemark>
        <name>Scarborough Centre</name>
        <styleUrl>#poly-0288D1-1200-77-nodesc</styleUrl>
        <Polygon>
          <outerBoundaryIs>
            <LinearRing>
              <tessellate>1</tessellate>
              <coordinates>
                -79.2614136,43.7699949,0
                -79.241792,43.7743232,0
                -79.2316313,43.7765666,0
                -79.2353309,43.7855057,0
                -79.2547358,43.7811093,0
                -79.2748154,43.7771276,0
                -79.2720779,43.7706173,0
                -79.2711338,43.7680141,0
                -79.2614136,43.7699949,0
              </coordinates>
            </LinearRing>
          </outerBoundaryIs>
        </Polygon>
      </Placemark>
      <Placemark>
        <name>Armdale</name>
        <styleUrl>#poly-097138-1200-77-nodesc</styleUrl>
        <Polygon>
          <outerBoundaryIs>
            <LinearRing>
              <tessellate>1</tessellate>
              <coordinates>
                -79.2511232,43.8365775,0
                -79.2679318,43.8327074,0
                -79.2658504,43.8280635,0
                -79.2651637,43.8273669,0
                -79.2620738,43.8201527,0
                -79.2613877,43.8179693,0
                -79.2577399,43.8098869,0
                -79.2431916,43.8131076,0
                -79.2371763,43.8142966,0
                -79.2387942,43.8161991,0
                -79.2431594,43.8259048,0
                -79.2485023,43.8371736,0
                -79.2511232,43.8365775,0
              </coordinates>
            </LinearRing>
          </outerBoundaryIs>
        </Polygon>
      </Placemark>
      <Placemark>
        <name>Amesbury</name>
        <styleUrl>#poly-C2185B-1200-77-nodesc</styleUrl>
        <Polygon>
          <outerBoundaryIs>
            <LinearRing>
              <tessellate>1</tessellate>
              <coordinates>
                -79.4865014,43.7067309,0
                -79.4941658,43.705006,0
                -79.4891232,43.701888,0
                -79.4881576,43.7001661,0
                -79.4860976,43.6947207,0
                -79.4851106,43.693914,0
                -79.484381,43.6944104,0
                -79.4840163,43.6954964,0
                -79.4818061,43.6949069,0
                -79.47833,43.6962101,0
                -79.4776219,43.696148,0
                -79.4753259,43.6963808,0
                -79.4752589,43.6960591,0
                -79.4751312,43.695808,0
                -79.4721272,43.6966148,0
                -79.4708826,43.6966613,0
                -79.4701316,43.6962734,0
                -79.469445,43.6955908,0
                -79.4665691,43.6977999,0
                -79.4698292,43.7107579,0
                -79.4781369,43.7088063,0
                -79.4804114,43.7080928,0
                -79.4865014,43.7067309,0
              </coordinates>
            </LinearRing>
          </outerBoundaryIs>
        </Polygon>
      </Placemark>
    </Folder>
    <Folder>
      <name>Factions</name>
      <Placemark>
        <name>Agincourt</name>
        <description><![CDATA[description: Quiet streets conceal old grudges and hidden feeding grounds.<br>faction: Nominally Camarilla<br>kindredpop: 0]]></description>
        <styleUrl>#poly-757575-1200-76</styleUrl>
        <ExtendedData>
          <Data name="description">
            <value>Quiet streets conceal old grudges and hidden feeding grounds.</value>
          </Data>
          <Data name="faction">
            <value>Nominally Camarilla</value>
          </Data>
          <Data name="kindredpop">
            <value>0.0</value>
          </Data>
        </ExtendedData>
        <Polygon>
          <outerBoundaryIs>
            <LinearRing>
              <tessellate>1</tessellate>
              <coordinates>
                -79.3004836,43.8090197,0
                -79.2976512,43.8024847,0
                -79.2963208,43.800998,0
                -79.2953338,43.7995422,0
                -79.289626,43.7862215,0
                -79.2878236,43.7824106,0
                -79.2846049,43.7748501,0
                -79.2768802,43.7767403,0
                -79.2547358,43.7811093,0
                -79.2573537,43.7876157,0
                -79.2584266,43.788638,0
                -79.2588557,43.7897223,0
                -79.2603148,43.7933469,0
                -79.2548217,43.795949,0
                -79.2419042,43.8020511,0
                -79.2430629,43.804467,0
                -79.2439641,43.8066969,0
                -79.2431487,43.8102895,0
                -79.2426766,43.8115282,0
                -79.2431916,43.8131076,0
                -79.2577399,43.8098869,0
                -79.2613877,43.8179693,0
                -79.2746057,43.8153682,0
                -79.28306,43.8133553,0
                -79.3006553,43.8095152,0
                -79.3004836,43.8090197,0
              </coordinates>
            </LinearRing>
          </outerBoundaryIs>
        </Polygon>
      </Placemark>
      <Placemark>
        <name>Alderwood</name>
        <description><![CDATA[description: Rapid change draws ambitious Kindred hoping to carve out influence.<br>faction: Nominally Camarilla<br>kindredpop: 1]]></description>
        <styleUrl>#poly-757575-1200-76</styleUrl>
        <ExtendedData>
          <Data name="description">
            <value>Rapid change draws ambitious Kindred hoping to carve out influence.</value>
          </Data>
          <Data name="faction">
            <value>Nominally Camarilla</value>
          </Data>
          <Data name="kindredpop">
            <value>1.0</value>
          </Data>
        </ExtendedData>
        <Polygon>
          <outerBoundaryIs>
            <LinearRing>
              <tessellate>1</tessellate>
              <coordinates>
                -79.5597226,43.6049785,0
                -79.5587355,43.6042949,0
                -79.5579201,43.6033937,0
                -79.5563323,43.60271,0
                -79.5557744,43.5998819,0
                -79.554916,43.5994469,0
                -79.5537144,43.598732,0
                -79.5536715,43.5976443,0
                -79.5539719,43.5959349,0
                -79.5533282,43.5954687,0
                -79.5492941,43.5953444,0
                -79.5485646,43.5947538,0
                -79.5486504,43.5935417,0
                -79.5498091,43.5921741,0
                -79.5495087,43.5904956,0
                -79.5485646,43.5901848,0
                -79.5421273,43.5936349,0
                -79.5308405,43.5992915,0
                -79.5262486,43.6015601,0
                -79.5250899,43.6038598,0
                -79.5251757,43.6048853,0
                -79.5267636,43.6088007,0
                -79.5295102,43.6151083,0
                -79.5547873,43.6094222,0
                -79.5597226,43.6049785,0
              </coordinates>
            </LinearRing>
          </outerBoundaryIs>
        </Polygon>
      </Placemark>
      <Placemark>
        <name>Alexandra Park</name>
        <description><![CDATA[description: Quiet streets conceal old grudges and hidden feeding grounds.<br>faction: Kensington Barony<br>kindredpop: 0]]></description>
        <styleUrl>#poly-FFEA00-1200-76</styleUrl>
        <ExtendedData>
          <Data name="description">
            <value>Quiet streets conceal old grudges and hidden feeding grounds.</value>
          </Data>
          <Data name="faction">
            <value>Kensington Barony</value>
          </Data>
          <Data name="kindredpop">
            <value>0.0</value>
          </Data>
        </ExtendedData>
        <Polygon>
          <outerBoundaryIs>
            <LinearRing>
              <tessellate>1</tessellate>
              <coordinates>
                -79.4060417,43.6523306,0
                -79.4039603,43.6471759,0
                -79.3963214,43.6487751,0
                -79.3980595,43.6529516,0
                -79.4038316,43.651694,0
                -79.4047757,43.6520822,0
                -79.4055482,43.6524392,0
                -79.4060417,43.6523306,0
              </coordinates>
            </LinearRing>
          </outerBoundaryIs>
        </Polygon>
      </Placemark>
      <Placemark>
        <name>Allenby</name>
        <description><![CDATA[description: Rebuilt again and again, the past here refuses to die.<br>faction: Uncontested<br>kindredpop: 0]]></description>
        <styleUrl>#poly-BDBDBD-1200-76</styleUrl>
        <ExtendedData>
          <Data name="description">
            <value>Rebuilt again and again, the past here refuses to die.</value>
          </Data>
          <Data name="faction">
            <value>Uncontested</value>
          </Data>
          <Data name="kindredpop">
            <value>0.0</value>
          </Data>
        </ExtendedData>
        <Polygon>
          <outerBoundaryIs>
            <LinearRing>
              <tessellate>1</tessellate>
              <coordinates>
                -79.4161136,43.707374,0
                -79.4170637,43.7071785,0
                -79.4159311,43.7029839,0
                -79.4085235,43.7046137,0
                -79.4087922,43.7051642,0
                -79.409672,43.7057381,0
                -79.4104644,43.7085697,0
                -79.4114943,43.7112221,0
                -79.4173648,43.7099671,0
                -79.4164592,43.7076799,0
                -79.4161136,43.707374,0
              </coordinates>
            </LinearRing>
          </outerBoundaryIs>
        </Polygon>
      </Placemark>
      <Placemark>
        <name>Amesbury</name>
        <description><![CDATA[description: An overlooked corner ideal for secret rites or quiet feeding.<br>faction: Nominally Camarilla<br>kindredpop: 1]]></description>
        <styleUrl>#poly-757575-1200-76</styleUrl>
        <ExtendedData>
          <Data name="description">
            <value>An overlooked corner ideal for secret rites or quiet feeding.</value>
          </Data>
          <Data name="faction">
            <value>Nominally Camarilla</value>
          </Data>
          <Data name="kindredpop">
            <value>1.0</value>
          </Data>
        </ExtendedData>
        <Polygon>
          <outerBoundaryIs>
            <LinearRing>
              <tessellate>1</tessellate>
              <coordinates>
                -79.4865014,43.7067309,0
                -79.4941658,43.705006,0
                -79.4891232,43.701888,0
                -79.4881576,43.7001661,0
                -79.4860976,43.6947207,0
                -79.4851106,43.693914,0
                -79.484381,43.6944104,0
                -79.4840163,43.6954964,0
                -79.4818061,43.6949069,0
                -79.47833,43.6962101,0
                -79.4776219,43.696148,0
                -79.4753259,43.6963808,0
                -79.4752589,43.6960591,0
                -79.4751312,43.695808,0
                -79.4721272,43.6966148,0
                -79.4708826,43.6966613,0
                -79.4701316,43.6962734,0
                -79.469445,43.6955908,0
                -79.4665691,43.6977999,0
                -79.4698292,43.7107579,0
                -79.4781369,43.7088063,0
                -79.4804114,43.7080928,0
                -79.4865014,43.7067309,0
              </coordinates>
            </LinearRing>
          </outerBoundaryIs>
        </Polygon>
      </Placemark>
      <Placemark>
        <name>Armdale</name>
        <description><![CDATA[description: Local Kindred speak of old blood and older debts.<br>faction: Nominally Camarilla<br>kindredpop: 0]]></description>
        <styleUrl>#poly-757575-1200-76</styleUrl>
        <ExtendedData>
          <Data name="description">
            <value>Local Kindred speak of old blood and older debts.</value>
          </Data>
          <Data name="faction">
            <value>Nominally Camarilla</value>
          </Data>
          <Data name="kindredpop">
            <value>0.0</value>
          </Data>
        </ExtendedData>
        <Polygon>
          <outerBoundaryIs>
            <LinearRing>
              <tessellate>1</tessellate>
              <coordinates>
                -79.2511232,43.8365775,0
                -79.2679318,43.8327074,0
                -79.2658504,43.8280635,0
                -79.2651637,43.8273669,0
                -79.2620738,43.8201527,0
                -79.2613877,43.8179693,0
                -79.2577399,43.8098869,0
                -79.2431916,43.8131076,0
                -79.2371763,43.8142966,0
                -79.2387942,43.8161991,0
                -79.2431594,43.8259048,0
                -79.2485023,43.8371736,0
                -79.2511232,43.8365775,0
              </coordinates>
            </LinearRing>
          </outerBoundaryIs>
        </Polygon>
      </Placemark>
      <Placemark>
        <name>Armour Heights</name>
        <description><![CDATA[description: An overlooked corner ideal for secret rites or quiet feeding.<br>faction: Nominally Camarilla<br>kindredpop: 0]]></description>
        <styleUrl>#poly-757575-1200-76</styleUrl>
        <ExtendedData>
          <Data name="description">
            <value>An overlooked corner ideal for secret rites or quiet feeding.</value>
          </Data>
          <Data name="faction">
            <value>Nominally Camarilla</value>
          </Data>
          <Data name="kindredpop">
            <value>0.0</value>
          </Data>
        </ExtendedData>
        <Polygon>
          <outerBoundaryIs>
            <LinearRing>
              <tessellate>1</tessellate>
              <coordinates>
                -79.4373729,43.7507042,0
                -79.4358279,43.7446899,0
                -79.4341113,43.7372176,0
                -79.4304206,43.7378378,0
                -79.4272449,43.7386129,0
                -79.4206359,43.7401632,0
                -79.4137911,43.7416981,0
                -79.4087913,43.7434497,0
                -79.4085552,43.7444729,0
                -79.4097139,43.7458215,0
                -79.4106366,43.746178,0
                -79.4107225,43.7466741,0
                -79.4102718,43.7470771,0
                -79.4099071,43.7500067,0
                -79.4111731,43.7515412,0
                -79.4117524,43.7518047,0
                -79.4125034,43.7516807,0
                -79.4142415,43.7515877,0
                -79.4151427,43.7519597,0
                -79.4156262,43.7517856,0
                -79.4160768,43.7510881,0
                -79.4161841,43.7504836,0
                -79.4178793,43.7496931,0
                -79.4193169,43.7497086,0
                -79.4201752,43.7492745,0
                -79.4215056,43.7494761,0
                -79.4225785,43.7498016,0
                -79.4228789,43.7506541,0
                -79.423823,43.7517391,0
                -79.4257328,43.7529015,0
                -79.4262263,43.7524831,0
                -79.4272348,43.7520956,0
                -79.4278571,43.7520026,0
                -79.4286295,43.7521266,0
                -79.4302389,43.7511346,0
                -79.4318482,43.7514446,0
                -79.4327709,43.7513206,0
                -79.4336936,43.7507626,0
                -79.4354745,43.7507471,0
                -79.4368049,43.7506696,0
                -79.4373729,43.7507042,0
              </coordinates>
            </LinearRing>
          </outerBoundaryIs>
        </Polygon>
      </Placemark>
      <Placemark>
        <name>Baby Point</name>
        <description><![CDATA[description: Local Kindred speak of old blood and older debts.<br>faction: Nominally Camarilla<br>kindredpop: 2]]></description>
        <styleUrl>#poly-757575-1200-76</styleUrl>
        <ExtendedData>
          <Data name="description">
            <value>Local Kindred speak of old blood and older debts.</value>
          </Data>
          <Data name="faction">
            <value>Nominally Camarilla</value>
          </Data>
          <Data name="kindredpop">
            <value>2.0</value>
          </Data>
        </ExtendedData>
        <Polygon>
          <outerBoundaryIs>
            <LinearRing>
              <tessellate>1</tessellate>
              <coordinates>
                -79.4948661,43.6594025,0
                -79.4949573,43.6591464,0
                -79.4964379,43.6588049,0
                -79.4993132,43.658246,0
                -79.5002144,43.6569575,0
                -79.5017808,43.6558552,0
                -79.5026606,43.6550014,0
                -79.5030039,43.6538525,0
                -79.5027464,43.6529987,0
                -79.5019954,43.6525639,0
                -79.5006007,43.6522379,0
                -79.4979399,43.6519895,0
                -79.4964057,43.6537749,0
                -79.495821,43.6538525,0
                -79.4956922,43.6541863,0
                -79.4951021,43.6549859,0
                -79.4947266,43.6551566,0
                -79.4937288,43.6552537,0
                -79.4934123,43.6553934,0
                -79.4929671,43.6557155,0
                -79.4924575,43.655929,0
                -79.492023,43.6557388,0
                -79.4899201,43.6561813,0
                -79.4886648,43.6568022,0
                -79.4876778,43.6571904,0
                -79.4890725,43.6604115,0
                -79.492613,43.6596431,0
                -79.4948661,43.6594025,0
              </coordinates>
            </LinearRing>
          </outerBoundaryIs>
        </Polygon>
      </Placemark>
      <Placemark>
        <name>Bathurst Manor</name>
        <description><![CDATA[description: Once overlooked, now quietly influential in Kindred politics.<br>faction: Nominally Camarilla<br>kindredpop: 0]]></description>
        <styleUrl>#poly-757575-1200-76</styleUrl>
        <ExtendedData>
          <Data name="description">
            <value>Once overlooked, now quietly influential in Kindred politics.</value>
          </Data>
          <Data name="faction">
            <value>Nominally Camarilla</value>
          </Data>
          <Data name="kindredpop">
            <value>0.0</value>
          </Data>
        </ExtendedData>
        <Polygon>
          <outerBoundaryIs>
            <LinearRing>
              <tessellate>1</tessellate>
              <coordinates>
                -79.4561313,43.7712531,0
                -79.4669889,43.7688048,0
                -79.4651864,43.7609327,0
                -79.4646715,43.7579726,0
                -79.464135,43.7544854,0
                -79.4634269,43.7501145,0
                -79.4512818,43.7527805,0
                -79.4384502,43.7554463,0
                -79.4398664,43.7615526,0
                -79.4419692,43.7611496,0
                -79.4432996,43.7629163,0
                -79.4445012,43.7639701,0
                -79.445617,43.764528,0
                -79.4460033,43.7663565,0
                -79.4469903,43.7670383,0
                -79.4472478,43.7675962,0
                -79.4501231,43.7685879,0
                -79.4505523,43.7693627,0
                -79.4512389,43.7694556,0
                -79.4521402,43.7687739,0
                -79.4526981,43.7694556,0
                -79.4552301,43.7694247,0
                -79.4555734,43.7699205,0
                -79.4554446,43.7707262,0
                -79.4561313,43.7712531,0
              </coordinates>
            </LinearRing>
          </outerBoundaryIs>
        </Polygon>
      </Placemark>
      <Placemark>
        <name>Bayview Village</name>
        <description><![CDATA[description: Well-patrolled and heavily surveilled—perfect for Kindred hiding in plain sight.<br>faction: Nominally Camarilla<br>kindredpop: 0]]></description>
        <styleUrl>#poly-757575-1200-76</styleUrl>
        <ExtendedData>
          <Data name="description">
            <value>Well-patrolled and heavily surveilled—perfect for Kindred hiding in plain sight.</value>
          </Data>
          <Data name="faction">
            <value>Nominally Camarilla</value>
          </Data>
          <Data name="kindredpop">
            <value>0.0</value>
          </Data>
        </ExtendedData>
        <Polygon>
          <outerBoundaryIs>
            <LinearRing>
              <tessellate>1</tessellate>
              <coordinates>
                -79.3871662,43.7631091,0
                -79.3824455,43.7640699,0
                -79.37309,43.7657745,0
                -79.3627045,43.7661464,0
                -79.3637344,43.7672931,0
                -79.3642494,43.7685947,0
                -79.3640778,43.7720656,0
                -79.3648502,43.7760011,0
                -79.3659231,43.7810828,0
                -79.3672106,43.7864118,0
                -79.3679401,43.7900056,0
                -79.3696138,43.7900056,0
                -79.3779394,43.7881778,0
                -79.3858788,43.7864738,0
                -79.3921873,43.7850486,0
                -79.3912861,43.7809278,0
                -79.3899128,43.7749785,0
                -79.3880674,43.7667043,0
                -79.3871662,43.7631091,0
              </coordinates>
            </LinearRing>
          </outerBoundaryIs>
        </Polygon>
      </Placemark>
      <Placemark>
        <name>Bayview Woods</name>
        <description><![CDATA[description: A prestigious address with hidden power games beneath the surface.<br>faction: Uncontested<br>kindredpop: 0]]></description>
        <styleUrl>#poly-BDBDBD-1200-76</styleUrl>
        <ExtendedData>
          <Data name="description">
            <value>A prestigious address with hidden power games beneath the surface.</value>
          </Data>
          <Data name="faction">
            <value>Uncontested</value>
          </Data>
          <Data name="kindredpop">
            <value>0.0</value>
          </Data>
        </ExtendedData>
        <Polygon>
          <outerBoundaryIs>
            <LinearRing>
              <tessellate>1</tessellate>
              <coordinates>
                -79.3858782,43.8055952,0
                -79.3961854,43.8032643,0
                -79.3935675,43.7922989,0
                -79.3921873,43.7850486,0
                -79.3696138,43.7900056,0
                -79.3679401,43.7900056,0
                -79.369202,43.794938,0
                -79.372522,43.808499,0
                -79.3858782,43.8055952,0
              </coordinates>
            </LinearRing>
          </outerBoundaryIs>
        </Polygon>
      </Placemark>
      <Placemark>
        <name>Beaches</name>
        <description><![CDATA[description: Popular with the living, and increasingly with the dead.<br>faction: Nominally Camarilla<br>kindredpop: 0]]></description>
        <styleUrl>#poly-757575-1200-76</styleUrl>
        <ExtendedData>
          <Data name="description">
            <value>Popular with the living, and increasingly with the dead.</value>
          </Data>
          <Data name="faction">
            <value>Nominally Camarilla</value>
          </Data>
          <Data name="kindredpop">
            <value>0.0</value>
          </Data>
        </ExtendedData>
        <Polygon>
          <outerBoundaryIs>
            <LinearRing>
              <tessellate>1</tessellate>
              <coordinates>
                -79.3162391,43.6654817,0
                -79.3149088,43.6622065,0
                -79.3147157,43.6612751,0
                -79.3124411,43.6586361,0
                -79.3127415,43.65727,0
                -79.3124841,43.6565558,0
                -79.3106602,43.6546463,0
                -79.3082998,43.6531093,0
                -79.3043945,43.6570216,0
                -79.3046735,43.6599245,0
                -79.3036006,43.6632465,0
                -79.2828081,43.6679186,0
                -79.2799542,43.6706038,0
                -79.2812202,43.6739562,0
                -79.2802332,43.6743132,0
                -79.2819069,43.6783792,0
                -79.2832158,43.678643,0
                -79.2839883,43.6808001,0
                -79.2881081,43.6804432,0
                -79.2928074,43.6801018,0
                -79.3006609,43.6783327,0
                -79.3042443,43.6768894,0
                -79.3058107,43.6758651,0
                -79.30845,43.6734751,0
                -79.3100808,43.6720627,0
                -79.3112181,43.6698743,0
                -79.3121407,43.6680428,0
                -79.3126343,43.6671426,0
                -79.312763,43.666382,0
                -79.3137501,43.666056,0
                -79.3162391,43.6654817,0
              </coordinates>
            </LinearRing>
          </outerBoundaryIs>
        </Polygon>
      </Placemark>
      <Placemark>
        <name>Bedford Park</name>
        <description><![CDATA[description: Rebuilt again and again, the past here refuses to die.<br>faction: Nominally Camarilla<br>kindredpop: 1]]></description>
        <styleUrl>#poly-757575-1200-76</styleUrl>
        <ExtendedData>
          <Data name="description">
            <value>Rebuilt again and again, the past here refuses to die.</value>
          </Data>
          <Data name="faction">
            <value>Nominally Camarilla</value>
          </Data>
          <Data name="kindredpop">
            <value>1.0</value>
          </Data>
        </ExtendedData>
        <Polygon>
          <outerBoundaryIs>
            <LinearRing>
              <tessellate>1</tessellate>
              <coordinates>
                -79.4196147,43.7332463,0
                -79.419148,43.7309717,0
                -79.415586,43.7222726,0
                -79.4063377,43.7242576,0
                -79.3938923,43.7268317,0
                -79.3962312,43.7326617,0
                -79.3989778,43.7321035,0
                -79.4038057,43.7311112,0
                -79.4048142,43.7354913,0
                -79.4050395,43.7363944,0
                -79.4058388,43.7362542,0
                -79.412083,43.7348743,0
                -79.4196147,43.7332463,0
              </coordinates>
            </LinearRing>
          </outerBoundaryIs>
        </Polygon>
      </Placemark>
      <Placemark>
        <name>Bendale</name>
        <description><![CDATA[description: An overlooked corner ideal for secret rites or quiet feeding.<br>faction: Scarborough Barony<br>kindredpop: 3]]></description>
        <styleUrl>#poly-9C27B0-1200-76</styleUrl>
        <ExtendedData>
          <Data name="description">
            <value>An overlooked corner ideal for secret rites or quiet feeding.</value>
          </Data>
          <Data name="faction">
            <value>Scarborough Barony</value>
          </Data>
          <Data name="kindredpop">
            <value>3.0</value>
          </Data>
        </ExtendedData>
        <Polygon>
          <outerBoundaryIs>
            <LinearRing>
              <tessellate>1</tessellate>
              <coordinates>
                -79.2711338,43.7680141,0
                -79.2697819,43.7638456,0
                -79.265941,43.7540354,0
                -79.2638914,43.7482578,0
                -79.2685156,43.7461884,0
                -79.2667936,43.7420804,0
                -79.2664395,43.7421192,0
                -79.2619656,43.7430958,0
                -79.2605011,43.7434524,0
                -79.2594302,43.7439474,0
                -79.2577994,43.7428002,0
                -79.2558253,43.7431413,0
                -79.2553747,43.7427847,0
                -79.2546881,43.7424437,0
                -79.2540872,43.7423042,0
                -79.2537868,43.7426452,0
                -79.2530358,43.7427537,0
                -79.2523706,43.7426917,0
                -79.251169,43.7430793,0
                -79.2498172,43.7433273,0
                -79.2490662,43.7441954,0
                -79.2480791,43.7447535,0
                -79.2477358,43.7444744,0
                -79.2468775,43.745327,0
                -79.245354,43.7458076,0
                -79.2445171,43.7457611,0
                -79.2440451,43.7453735,0
                -79.2426718,43.7453425,0
                -79.241556,43.7451255,0
                -79.2414272,43.745296,0
                -79.2402256,43.7459471,0
                -79.2399896,43.7474042,0
                -79.2396677,43.7483032,0
                -79.2392171,43.7489698,0
                -79.2386163,43.7488922,0
                -79.2387236,43.7495588,0
                -79.2384446,43.7500858,0
                -79.2384017,43.7508298,0
                -79.2378652,43.7510933,0
                -79.237758,43.7516358,0
                -79.2381871,43.7517133,0
                -79.2380584,43.7520853,0
                -79.2376078,43.7522403,0
                -79.2382729,43.7525193,0
                -79.2382515,43.7529223,0
                -79.2375648,43.7534492,0
                -79.2367065,43.7533097,0
                -79.2360199,43.7533717,0
                -79.2348612,43.7530772,0
                -79.2338312,43.7532012,0
                -79.2353118,43.756704,0
                -79.2352474,43.7576649,0
                -79.2384231,43.7657854,0
                -79.241792,43.7743232,0
                -79.251448,43.7721385,0
                -79.2711338,43.7680141,0
              </coordinates>
            </LinearRing>
          </outerBoundaryIs>
        </Polygon>
      </Placemark>
      <Placemark>
        <name>Bennington Heights</name>
        <description><![CDATA[description: Industrial grit and decay make this a haven for outcasts and hunters alike.<br>faction: Uncontested<br>kindredpop: 1]]></description>
        <styleUrl>#poly-BDBDBD-1200-76</styleUrl>
        <ExtendedData>
          <Data name="description">
            <value>Industrial grit and decay make this a haven for outcasts and hunters alike.</value>
          </Data>
          <Data name="faction">
            <value>Uncontested</value>
          </Data>
          <Data name="kindredpop">
            <value>1.0</value>
          </Data>
        </ExtendedData>
        <Polygon>
          <outerBoundaryIs>
            <LinearRing>
              <tessellate>1</tessellate>
              <coordinates>
                -79.3700798,43.6961202,0
                -79.3713672,43.6960271,0
                -79.3718054,43.6967342,0
                -79.3723875,43.6966256,0
                -79.3727388,43.6966101,0
                -79.3794873,43.6952041,0
                -79.3801391,43.6950238,0
                -79.3808069,43.694698,0
                -79.3760972,43.693039,0
                -79.3735222,43.6916426,0
                -79.3724708,43.6909754,0
                -79.3710488,43.6903989,0
                -79.3668646,43.6943398,0
                -79.3692858,43.6959185,0
                -79.3700798,43.6961202,0
              </coordinates>
            </LinearRing>
          </outerBoundaryIs>
        </Polygon>
      </Placemark>
      <Placemark>
        <name>Bickford Park</name>
        <description><![CDATA[description: Well-patrolled and heavily surveilled—perfect for Kindred hiding in plain sight.<br>faction: Contested<br>kindredpop: 1]]></description>
        <styleUrl>#poly-F9A825-1200-76</styleUrl>
        <ExtendedData>
          <Data name="description">
            <value>Well-patrolled and heavily surveilled—perfect for Kindred hiding in plain sight.</value>
          </Data>
          <Data name="faction">
            <value>Contested</value>
          </Data>
          <Data name="kindredpop">
            <value>1.0</value>
          </Data>
        </ExtendedData>
        <Polygon>
          <outerBoundaryIs>
            <LinearRing>
              <tessellate>1</tessellate>
              <coordinates>
                -79.4230109,43.662559,0
                -79.4256613,43.6619701,0
                -79.4226563,43.6543638,0
                -79.4181614,43.6552665,0
                -79.4157249,43.6549953,0
                -79.4169212,43.6580769,0
                -79.4168997,43.6584573,0
                -79.4188872,43.6633892,0
                -79.4230109,43.662559,0
              </coordinates>
            </LinearRing>
          </outerBoundaryIs>
        </Polygon>
      </Placemark>
      <Placemark>
        <name>Birch Cliff</name>
        <description><![CDATA[description: Rapid change draws ambitious Kindred hoping to carve out influence.<br>faction: Nominally Camarilla<br>kindredpop: 0]]></description>
        <styleUrl>#poly-757575-1200-76</styleUrl>
        <ExtendedData>
          <Data name="description">
            <value>Rapid change draws ambitious Kindred hoping to carve out influence.</value>
          </Data>
          <Data name="faction">
            <value>Nominally Camarilla</value>
          </Data>
          <Data name="kindredpop">
            <value>0.0</value>
          </Data>
        </ExtendedData>
        <Polygon>
          <outerBoundaryIs>
            <LinearRing>
              <tessellate>1</tessellate>
              <coordinates>
                -79.287599,43.6892625,0
                -79.2859253,43.6852747,0
                -79.2839883,43.6808001,0
                -79.2832158,43.678643,0
                -79.2819069,43.6783792,0
                -79.2802332,43.6743132,0
                -79.2812202,43.6739562,0
                -79.2799542,43.6706038,0
                -79.2727932,43.6736048,0
                -79.260219,43.6865161,0
                -79.2530093,43.6957633,0
                -79.2557344,43.7025892,0
                -79.2591891,43.7107017,0
                -79.261013,43.7079253,0
                -79.2655835,43.7009914,0
                -79.2676648,43.6980904,0
                -79.2695746,43.6960426,0
                -79.2719778,43.6942584,0
                -79.2759046,43.6922725,0
                -79.2801961,43.6909537,0
                -79.287599,43.6892625,0
              </coordinates>
            </LinearRing>
          </outerBoundaryIs>
        </Polygon>
      </Placemark>
      <Placemark>
        <name>Bloor West Village</name>
        <description><![CDATA[description: Local Kindred speak of old blood and older debts.<br>faction: Nominally Camarilla<br>kindredpop: 0]]></description>
        <styleUrl>#poly-757575-1200-76</styleUrl>
        <ExtendedData>
          <Data name="description">
            <value>Local Kindred speak of old blood and older debts.</value>
          </Data>
          <Data name="faction">
            <value>Nominally Camarilla</value>
          </Data>
          <Data name="kindredpop">
            <value>0.0</value>
          </Data>
        </ExtendedData>
        <Polygon>
          <outerBoundaryIs>
            <LinearRing>
              <tessellate>1</tessellate>
              <coordinates>
                -79.484563,43.6493458,0
                -79.478748,43.6506034,0
                -79.4700791,43.6525829,0
                -79.4709646,43.6548043,0
                -79.4716298,43.6564965,0
                -79.4714367,43.6575017,0
                -79.4710666,43.6580179,0
                -79.4710666,43.6583051,0
                -79.4710237,43.6585224,0
                -79.471206,43.6587087,0
                -79.4711846,43.6595004,0
                -79.4711631,43.6597488,0
                -79.4722467,43.6622015,0
                -79.4737488,43.6618755,0
                -79.4748002,43.661208,0
                -79.4776863,43.6605638,0
                -79.4881683,43.6582896,0
                -79.4876778,43.6571904,0
                -79.4869882,43.6555068,0
                -79.484563,43.6493458,0
              </coordinates>
            </LinearRing>
          </outerBoundaryIs>
        </Polygon>
      </Placemark>
      <Placemark>
        <name>Bloordale</name>
        <description><![CDATA[description: Popular with the living, and increasingly with the dead.<br>faction: Nominally Camarilla<br>kindredpop: 0]]></description>
        <styleUrl>#poly-757575-1200-76</styleUrl>
        <ExtendedData>
          <Data name="description">
            <value>Popular with the living, and increasingly with the dead.</value>
          </Data>
          <Data name="faction">
            <value>Nominally Camarilla</value>
          </Data>
          <Data name="kindredpop">
            <value>0.0</value>
          </Data>
        </ExtendedData>
        <Polygon>
          <outerBoundaryIs>
            <LinearRing>
              <tessellate>1</tessellate>
              <coordinates>
                -79.5779814,43.6483671,0
                -79.5766867,43.6460979,0
                -79.573983,43.6453526,0
                -79.5723951,43.643334,0
                -79.5768154,43.6424645,0
                -79.5785272,43.6418101,0
                -79.5770895,43.6407231,0
                -79.5756518,43.6405368,0
                -79.5744288,43.6397914,0
                -79.5725405,43.638223,0
                -79.5704591,43.6375086,0
                -79.5694077,43.6349307,0
                -79.5696222,43.6337815,0
                -79.5597174,43.6363126,0
                -79.5663479,43.6524768,0
                -79.5674422,43.6541845,0
                -79.5795191,43.6514701,0
                -79.5779814,43.6483671,0
              </coordinates>
            </LinearRing>
          </outerBoundaryIs>
        </Polygon>
      </Placemark>
      <Placemark>
        <name>Bracondale Hill</name>
        <description><![CDATA[description: Rebuilt again and again, the past here refuses to die.<br>faction: Nominally Camarilla<br>kindredpop: 0]]></description>
        <styleUrl>#poly-757575-1200-76</styleUrl>
        <ExtendedData>
          <Data name="description">
            <value>Rebuilt again and again, the past here refuses to die.</value>
          </Data>
          <Data name="faction">
            <value>Nominally Camarilla</value>
          </Data>
          <Data name="kindredpop">
            <value>0.0</value>
          </Data>
        </ExtendedData>
        <Polygon>
          <outerBoundaryIs>
            <LinearRing>
              <tessellate>1</tessellate>
              <coordinates>
                -79.4349838,43.6772874,0
                -79.4337392,43.6743698,0
                -79.4308618,43.6747305,0
                -79.4280079,43.6747305,0
                -79.4249609,43.6751029,0
                -79.4212294,43.6760614,0
                -79.4221306,43.6786376,0
                -79.4222594,43.6790566,0
                -79.4170988,43.6800691,0
                -79.4183414,43.6831192,0
                -79.4199547,43.6827267,0
                -79.4357475,43.679561,0
                -79.4359279,43.6795221,0
                -79.4349838,43.6772874,0
              </coordinates>
            </LinearRing>
          </outerBoundaryIs>
        </Polygon>
      </Placemark>
      <Placemark>
        <name>Bridle Path</name>
        <description><![CDATA[description: A hotspot of nightlife and secrets where the lines between predator and prey blur.<br>faction: Nominally Camarilla<br>kindredpop: 0]]></description>
        <styleUrl>#poly-757575-1200-76</styleUrl>
        <ExtendedData>
          <Data name="description">
            <value>A hotspot of nightlife and secrets where the lines between predator and prey blur.</value>
          </Data>
          <Data name="faction">
            <value>Nominally Camarilla</value>
          </Data>
          <Data name="kindredpop">
            <value>0.0</value>
          </Data>
        </ExtendedData>
        <Polygon>
          <outerBoundaryIs>
            <LinearRing>
              <tessellate>1</tessellate>
              <coordinates>
                -79.3819291,43.736458,0
                -79.3811137,43.7319618,0
                -79.3813068,43.7302562,0
                -79.380191,43.7291398,0
                -79.3791396,43.7287522,0
                -79.379204,43.7292484,0
                -79.3787963,43.7296825,0
                -79.378174,43.7290778,0
                -79.3774874,43.7290778,0
                -79.3764145,43.729698,0
                -79.3759209,43.7303803,0
                -79.3752987,43.7303182,0
                -79.3738395,43.7288297,0
                -79.3737752,43.7285351,0
                -79.3743116,43.7278528,0
                -79.3733675,43.7268915,0
                -79.3723804,43.7267364,0
                -79.3719727,43.7271085,0
                -79.3725306,43.7274187,0
                -79.3723804,43.7277443,0
                -79.3707496,43.7272171,0
                -79.3707282,43.7266744,0
                -79.3694193,43.7265813,0
                -79.3680031,43.7271396,0
                -79.3674022,43.7267209,0
                -79.3671018,43.7273411,0
                -79.3666727,43.7271551,0
                -79.3665439,43.7267209,0
                -79.3657715,43.7261316,0
                -79.3657071,43.7252788,0
                -79.3649561,43.7248291,0
                -79.3642694,43.7249376,0
                -79.3545491,43.727124,0
                -79.3532187,43.7272016,0
                -79.3539268,43.7278218,0
                -79.3539912,43.7285661,0
                -79.3547208,43.7292173,0
                -79.3545706,43.7296825,0
                -79.357124,43.7299306,0
                -79.3571026,43.7308144,0
                -79.3576819,43.7307524,0
                -79.3575961,43.731233,0
                -79.3587977,43.7315431,0
                -79.3594629,43.7319153,0
                -79.3592483,43.7331556,0
                -79.3607933,43.7333572,0
                -79.3620593,43.734458,0
                -79.363218,43.7347371,0
                -79.3636901,43.7354658,0
                -79.3632609,43.7360239,0
                -79.3636472,43.7361945,0
                -79.3644411,43.7359154,0
                -79.3643553,43.7364425,0
                -79.3655569,43.7368766,0
                -79.365986,43.7366441,0
                -79.3668873,43.7366441,0
                -79.3666941,43.7370627,0
                -79.3672306,43.7370782,0
                -79.3674237,43.7368766,0
                -79.3681962,43.7372332,0
                -79.368046,43.7376828,0
                -79.3689043,43.7381789,0
                -79.3691618,43.7379619,0
                -79.3695695,43.7380239,0
                -79.369548,43.738458,0
                -79.3701703,43.73852,0
                -79.3704278,43.7391866,0
                -79.3710715,43.7390936,0
                -79.37105,43.7393727,0
                -79.3706209,43.7393882,0
                -79.3706853,43.7397137,0
                -79.3710715,43.7397292,0
                -79.37105,43.7401943,0
                -79.3706424,43.7402408,0
                -79.3706638,43.7406904,0
                -79.3708998,43.7407214,0
                -79.371329,43.7404579,0
                -79.3717582,43.7409385,0
                -79.3720156,43.7404734,0
                -79.3723161,43.7406284,0
                -79.3730456,43.7404114,0
                -79.3732816,43.7410315,0
                -79.3743545,43.7416051,0
                -79.3749124,43.7416051,0
                -79.3754274,43.7422097,0
                -79.3762643,43.7425352,0
                -79.3803627,43.7416981,0
                -79.3806202,43.741357,0
                -79.382723,43.7408919,0
                -79.3819291,43.736458,0
              </coordinates>
            </LinearRing>
          </outerBoundaryIs>
        </Polygon>
      </Placemark>
      <Placemark>
        <name>Brockton Village</name>
        <description><![CDATA[description: An overlooked corner ideal for secret rites or quiet feeding.<br>faction: Nominally Camarilla<br>kindredpop: 0]]></description>
        <styleUrl>#poly-757575-1200-76</styleUrl>
        <ExtendedData>
          <Data name="description">
            <value>An overlooked corner ideal for secret rites or quiet feeding.</value>
          </Data>
          <Data name="faction">
            <value>Nominally Camarilla</value>
          </Data>
          <Data name="kindredpop">
            <value>0.0</value>
          </Data>
        </ExtendedData>
        <Polygon>
          <outerBoundaryIs>
            <LinearRing>
              <tessellate>1</tessellate>
              <coordinates>
                -79.4353275,43.6598579,0
                -79.4426875,43.6583676,0
                -79.4452195,43.6578088,0
                -79.4426875,43.6515367,0
                -79.4417004,43.6497512,0
                -79.4406383,43.6485635,0
                -79.4393186,43.6474067,0
                -79.431036,43.6435715,0
                -79.4286478,43.6422275,0
                -79.4314373,43.6496184,0
                -79.4327955,43.6532135,0
                -79.4353275,43.6598579,0
              </coordinates>
            </LinearRing>
          </outerBoundaryIs>
        </Polygon>
      </Placemark>
      <Placemark>
        <name>Brookhaven</name>
        <description><![CDATA[description: Popular with the living, and increasingly with the dead.<br>faction: Nominally Camarilla<br>kindredpop: 0]]></description>
        <styleUrl>#poly-757575-1200-76</styleUrl>
        <ExtendedData>
          <Data name="description">
            <value>Popular with the living, and increasingly with the dead.</value>
          </Data>
          <Data name="faction">
            <value>Nominally Camarilla</value>
          </Data>
          <Data name="kindredpop">
            <value>0.0</value>
          </Data>
        </ExtendedData>
        <Polygon>
          <outerBoundaryIs>
            <LinearRing>
              <tessellate>1</tessellate>
              <coordinates>
                -79.5060962,43.7116292,0
                -79.5045942,43.7057661,0
                -79.5017188,43.6946587,0
                -79.4812482,43.6846044,0
                -79.4829219,43.6884215,0
                -79.484424,43.6920211,0
                -79.484896,43.6933399,0
                -79.4851106,43.693914,0
                -79.4860976,43.6947207,0
                -79.4881576,43.7001661,0
                -79.4891232,43.701888,0
                -79.4941658,43.705006,0
                -79.4959575,43.706503,0
                -79.4994229,43.708752,0
                -79.5020407,43.7104504,0
                -79.5045727,43.711288,0
                -79.5060962,43.7116292,0
              </coordinates>
            </LinearRing>
          </outerBoundaryIs>
        </Polygon>
      </Placemark>
      <Placemark>
        <name>Cabbagetown</name>
        <description><![CDATA[description: An overlooked corner ideal for secret rites or quiet feeding.<br>faction: Nominally Camarilla<br>kindredpop: 6]]></description>
        <styleUrl>#poly-757575-1200-76</styleUrl>
        <ExtendedData>
          <Data name="description">
            <value>An overlooked corner ideal for secret rites or quiet feeding.</value>
          </Data>
          <Data name="faction">
            <value>Nominally Camarilla</value>
          </Data>
          <Data name="kindredpop">
            <value>6.0</value>
          </Data>
        </ExtendedData>
        <Polygon>
          <outerBoundaryIs>
            <LinearRing>
              <tessellate>1</tessellate>
              <coordinates>
                -79.3711591,43.6718656,0
                -79.3695927,43.6681872,0
                -79.3746352,43.6670541,0
                -79.3701506,43.6561413,0
                -79.3690348,43.6562655,0
                -79.3676186,43.6563121,0
                -79.3650222,43.6569331,0
                -79.3670821,43.6619317,0
                -79.3609452,43.6632977,0
                -79.3568683,43.6643067,0
                -79.3577051,43.6670075,0
                -79.3584991,43.6688856,0
                -79.3601084,43.6702049,0
                -79.3609667,43.6700032,0
                -79.3634558,43.6708568,0
                -79.3661594,43.6716949,0
                -79.3677902,43.6716794,0
                -79.3686271,43.6720364,0
                -79.3698931,43.6725951,0
                -79.3711591,43.6718656,0
              </coordinates>
            </LinearRing>
          </outerBoundaryIs>
        </Polygon>
      </Placemark>
      <Placemark>
        <name>Caribou Park</name>
        <description><![CDATA[description: Wealthy, aloof, and ruthless beneath the smiles.<br>faction: Uncontested<br>kindredpop: 0]]></description>
        <styleUrl>#poly-BDBDBD-1200-76</styleUrl>
        <ExtendedData>
          <Data name="description">
            <value>Wealthy, aloof, and ruthless beneath the smiles.</value>
          </Data>
          <Data name="faction">
            <value>Uncontested</value>
          </Data>
          <Data name="kindredpop">
            <value>0.0</value>
          </Data>
        </ExtendedData>
        <Polygon>
          <outerBoundaryIs>
            <LinearRing>
              <tessellate>1</tessellate>
              <coordinates>
                -79.4246694,43.715875,0
                -79.4180604,43.7171622,0
                -79.41673,43.7170071,0
                -79.4158288,43.7173328,0
                -79.4147774,43.7166504,0
                -79.413447,43.7169606,0
                -79.4144126,43.7178446,0
                -79.415586,43.7222726,0
                -79.4297463,43.7192881,0
                -79.4285831,43.7142404,0
                -79.4243517,43.7151015,0
                -79.4246694,43.715875,0
              </coordinates>
            </LinearRing>
          </outerBoundaryIs>
        </Polygon>
      </Placemark>
      <Placemark>
        <name>Carleton Village</name>
        <description><![CDATA[description: Quiet streets conceal old grudges and hidden feeding grounds.<br>faction: Nominally Camarilla<br>kindredpop: 6]]></description>
        <styleUrl>#poly-757575-1200-76</styleUrl>
        <ExtendedData>
          <Data name="description">
            <value>Quiet streets conceal old grudges and hidden feeding grounds.</value>
          </Data>
          <Data name="faction">
            <value>Nominally Camarilla</value>
          </Data>
          <Data name="kindredpop">
            <value>6.0</value>
          </Data>
        </ExtendedData>
        <Polygon>
          <outerBoundaryIs>
            <LinearRing>
              <tessellate>1</tessellate>
              <coordinates>
                -79.4657662,43.6729636,0
                -79.4619253,43.6692542,0
                -79.4600156,43.6672364,0
                -79.4551447,43.6671278,0
                -79.4498446,43.6671899,0
                -79.4467333,43.6675779,0
                -79.4481066,43.670977,0
                -79.4482353,43.6715668,0
                -79.4513252,43.6710236,0
                -79.4525912,43.6725136,0
                -79.4545224,43.6737396,0
                -79.4559815,43.6751209,0
                -79.4657662,43.6729636,0
              </coordinates>
            </LinearRing>
          </outerBoundaryIs>
        </Polygon>
      </Placemark>
      <Placemark>
        <name>Casa Loma</name>
        <description><![CDATA[description: Local Kindred speak of old blood and older debts.<br>faction: Nominally Camarilla<br>kindredpop: 2]]></description>
        <styleUrl>#poly-757575-1200-76</styleUrl>
        <ExtendedData>
          <Data name="description">
            <value>Local Kindred speak of old blood and older debts.</value>
          </Data>
          <Data name="faction">
            <value>Nominally Camarilla</value>
          </Data>
          <Data name="kindredpop">
            <value>2.0</value>
          </Data>
        </ExtendedData>
        <Polygon>
          <outerBoundaryIs>
            <LinearRing>
              <tessellate>1</tessellate>
              <coordinates>
                -79.4183414,43.6831192,0
                -79.4170988,43.6800691,0
                -79.4157127,43.6766704,0
                -79.4143717,43.6731405,0
                -79.4095867,43.6741028,0
                -79.4087713,43.6745839,0
                -79.4070976,43.6748477,0
                -79.4087498,43.6788672,0
                -79.4111316,43.6846554,0
                -79.4183414,43.6831192,0
              </coordinates>
            </LinearRing>
          </outerBoundaryIs>
        </Polygon>
      </Placemark>
      <Placemark>
        <name>Cedarvale</name>
        <description><![CDATA[description: Industrial grit and decay make this a haven for outcasts and hunters alike.<br>faction: Uncontested<br>kindredpop: 4]]></description>
        <styleUrl>#poly-BDBDBD-1200-76</styleUrl>
        <ExtendedData>
          <Data name="description">
            <value>Industrial grit and decay make this a haven for outcasts and hunters alike.</value>
          </Data>
          <Data name="faction">
            <value>Uncontested</value>
          </Data>
          <Data name="kindredpop">
            <value>4.0</value>
          </Data>
        </ExtendedData>
        <Polygon>
          <outerBoundaryIs>
            <LinearRing>
              <tessellate>1</tessellate>
              <coordinates>
                -79.4224008,43.6869163,0
                -79.4209846,43.6834405,0
                -79.4199547,43.6827267,0
                -79.4183414,43.6831192,0
                -79.4255394,43.7010357,0
                -79.4364855,43.6985988,0
                -79.4428155,43.6972957,0
                -79.4408115,43.6925641,0
                -79.4357904,43.6898334,0
                -79.4324001,43.6888093,0
                -79.426392,43.6887783,0
                -79.4224008,43.6869163,0
              </coordinates>
            </LinearRing>
          </outerBoundaryIs>
        </Polygon>
      </Placemark>
      <Placemark>
        <name>Centennial Park</name>
        <description><![CDATA[description: Wealthy, aloof, and ruthless beneath the smiles.<br>faction: Nominally Camarilla<br>kindredpop: 1]]></description>
        <styleUrl>#poly-757575-1200-76</styleUrl>
        <ExtendedData>
          <Data name="description">
            <value>Wealthy, aloof, and ruthless beneath the smiles.</value>
          </Data>
          <Data name="faction">
            <value>Nominally Camarilla</value>
          </Data>
          <Data name="kindredpop">
            <value>1.0</value>
          </Data>
        </ExtendedData>
        <Polygon>
          <outerBoundaryIs>
            <LinearRing>
              <tessellate>1</tessellate>
              <coordinates>
                -79.5878018,43.6661556,0
                -79.5906342,43.6631133,0
                -79.6087015,43.6464706,0
                -79.6074999,43.6447626,0
                -79.6056975,43.6448557,0
                -79.6042383,43.644421,0
                -79.6032513,43.6447936,0
                -79.6025217,43.6445762,0
                -79.6017492,43.6439551,0
                -79.5994747,43.6437378,0
                -79.5984018,43.6432098,0
                -79.5955265,43.6432409,0
                -79.5920504,43.6446073,0
                -79.5883167,43.6424024,0
                -79.5875013,43.6407564,0
                -79.5869005,43.6392656,0
                -79.5857847,43.637868,0
                -79.5834244,43.640042,0
                -79.581579,43.6407564,0
                -79.5768154,43.6424645,0
                -79.5723951,43.643334,0
                -79.573983,43.6453526,0
                -79.5766867,43.6460979,0
                -79.5773304,43.6469364,0
                -79.5795191,43.6514701,0
                -79.5832527,43.6598844,0
                -79.5861281,43.6654416,0
                -79.5878018,43.6661556,0
              </coordinates>
            </LinearRing>
          </outerBoundaryIs>
        </Polygon>
      </Placemark>
      <Placemark>
        <name>Chaplin Estates</name>
        <description><![CDATA[description: Well-patrolled and heavily surveilled—perfect for Kindred hiding in plain sight.<br>faction: Nominally Camarilla<br>kindredpop: 7]]></description>
        <styleUrl>#poly-757575-1200-76</styleUrl>
        <ExtendedData>
          <Data name="description">
            <value>Well-patrolled and heavily surveilled—perfect for Kindred hiding in plain sight.</value>
          </Data>
          <Data name="faction">
            <value>Nominally Camarilla</value>
          </Data>
          <Data name="kindredpop">
            <value>7.0</value>
          </Data>
        </ExtendedData>
        <Polygon>
          <outerBoundaryIs>
            <LinearRing>
              <tessellate>1</tessellate>
              <coordinates>
                -79.4085235,43.7046137,0
                -79.4058199,43.6980672,0
                -79.4055241,43.6973991,0
                -79.4038619,43.6969193,0
                -79.4027775,43.6966079,0
                -79.4029875,43.697245,0
                -79.3969793,43.6956316,0
                -79.3960352,43.6956781,0
                -79.3966145,43.6982844,0
                -79.3982882,43.7067698,0
                -79.4085235,43.7046137,0
              </coordinates>
            </LinearRing>
          </outerBoundaryIs>
        </Polygon>
      </Placemark>
      <Placemark>
        <name>Christie Pits</name>
        <description><![CDATA[description: An overlooked corner ideal for secret rites or quiet feeding.<br>faction: Nominally Camarilla<br>kindredpop: 0]]></description>
        <styleUrl>#poly-757575-1200-76</styleUrl>
        <ExtendedData>
          <Data name="description">
            <value>An overlooked corner ideal for secret rites or quiet feeding.</value>
          </Data>
          <Data name="faction">
            <value>Nominally Camarilla</value>
          </Data>
          <Data name="kindredpop">
            <value>0.0</value>
          </Data>
        </ExtendedData>
        <Polygon>
          <outerBoundaryIs>
            <LinearRing>
              <tessellate>1</tessellate>
              <coordinates>
                -79.4272549,43.6658984,0
                -79.4256613,43.6619701,0
                -79.4188872,43.6633892,0
                -79.4189516,43.6636065,0
                -79.4187799,43.6642895,0
                -79.4216338,43.6716622,0
                -79.4289306,43.6700589,0
                -79.4272549,43.6658984,0
              </coordinates>
            </LinearRing>
          </outerBoundaryIs>
        </Polygon>
      </Placemark>
      <Placemark>
        <name>Church and Wellesley</name>
        <description><![CDATA[description: Local Kindred speak of old blood and older debts.<br>faction: Nominally Camarilla<br>kindredpop: 0]]></description>
        <styleUrl>#poly-757575-1200-76</styleUrl>
        <ExtendedData>
          <Data name="description">
            <value>Local Kindred speak of old blood and older debts.</value>
          </Data>
          <Data name="faction">
            <value>Nominally Camarilla</value>
          </Data>
          <Data name="kindredpop">
            <value>0.0</value>
          </Data>
        </ExtendedData>
        <Polygon>
          <outerBoundaryIs>
            <LinearRing>
              <tessellate>1</tessellate>
              <coordinates>
                -79.3831019,43.661351,0
                -79.3816857,43.6613587,0
                -79.3783812,43.6620728,0
                -79.376686,43.6624376,0
                -79.3778662,43.6652316,0
                -79.3805055,43.67151,0
                -79.3867819,43.6701985,0
                -79.3857841,43.6678781,0
                -79.3836812,43.662911,0
                -79.3831019,43.661351,0
              </coordinates>
            </LinearRing>
          </outerBoundaryIs>
        </Polygon>
      </Placemark>
      <Placemark>
        <name>City Hall</name>
        <description><![CDATA[description: Rebuilt again and again, the past here refuses to die.<br>faction: Camarilla Held<br>kindredpop: 6]]></description>
        <styleUrl>#poly-C2185B-1200-76</styleUrl>
        <ExtendedData>
          <Data name="description">
            <value>Rebuilt again and again, the past here refuses to die.</value>
          </Data>
          <Data name="faction">
            <value>Camarilla Held</value>
          </Data>
          <Data name="kindredpop">
            <value>6.0</value>
          </Data>
        </ExtendedData>
        <Polygon>
          <outerBoundaryIs>
            <LinearRing>
              <tessellate>1</tessellate>
              <coordinates>
                -79.387654,43.6533364,0
                -79.3866374,43.6508427,0
                -79.3791384,43.6524033,0
                -79.3808988,43.6563214,0
                -79.3883231,43.6548621,0
                -79.387654,43.6533364,0
              </coordinates>
            </LinearRing>
          </outerBoundaryIs>
        </Polygon>
      </Placemark>
      <Placemark>
        <name>CityPlace</name>
        <description><![CDATA[description: Quiet streets conceal old grudges and hidden feeding grounds.<br>faction: Nominally Camarilla<br>kindredpop: 0]]></description>
        <styleUrl>#poly-757575-1200-76</styleUrl>
        <ExtendedData>
          <Data name="description">
            <value>Quiet streets conceal old grudges and hidden feeding grounds.</value>
          </Data>
          <Data name="faction">
            <value>Nominally Camarilla</value>
          </Data>
          <Data name="kindredpop">
            <value>0.0</value>
          </Data>
        </ExtendedData>
        <Polygon>
          <outerBoundaryIs>
            <LinearRing>
              <tessellate>1</tessellate>
              <coordinates>
                -79.4013963,43.6407369,0
                -79.4002483,43.6379417,0
                -79.399669,43.636513,0
                -79.3972765,43.6372972,0
                -79.3950127,43.6381591,0
                -79.3897234,43.6391374,0
                -79.3908928,43.6419559,0
                -79.390925,43.6425614,0
                -79.3912468,43.6434,0
                -79.3989287,43.6414512,0
                -79.4013963,43.6407369,0
              </coordinates>
            </LinearRing>
          </outerBoundaryIs>
        </Polygon>
      </Placemark>
      <Placemark>
        <name>Clairlea</name>
        <description><![CDATA[description: Quiet streets conceal old grudges and hidden feeding grounds.<br>faction: East York Barony<br>kindredpop: 3]]></description>
        <styleUrl>#poly-0097A7-1200-76</styleUrl>
        <ExtendedData>
          <Data name="description">
            <value>Quiet streets conceal old grudges and hidden feeding grounds.</value>
          </Data>
          <Data name="faction">
            <value>East York Barony</value>
          </Data>
          <Data name="kindredpop">
            <value>3.0</value>
          </Data>
        </ExtendedData>
        <Polygon>
          <outerBoundaryIs>
            <LinearRing>
              <tessellate>1</tessellate>
              <coordinates>
                -79.3026806,43.7247983,0
                -79.2992474,43.7165481,0
                -79.2959643,43.7087621,0
                -79.292102,43.6997496,0
                -79.2909862,43.6976863,0
                -79.290321,43.6976708,0
                -79.288776,43.6985241,0
                -79.287789,43.6985551,0
                -79.2871882,43.6983069,0
                -79.2855788,43.698462,0
                -79.2825533,43.6992532,0
                -79.2817808,43.6996565,0
                -79.2823602,43.7013475,0
                -79.2818881,43.7022007,0
                -79.2821456,43.702573,0
                -79.282682,43.7026195,0
                -79.2833472,43.7032865,0
                -79.2825104,43.7039691,0
                -79.2821885,43.7054892,0
                -79.2825748,43.7061562,0
                -79.2819525,43.7062183,0
                -79.280944,43.7069473,0
                -79.2812873,43.7081417,0
                -79.2808581,43.7092585,0
                -79.2812873,43.7101581,0
                -79.280944,43.7107475,0
                -79.2818452,43.7108871,0
                -79.2824246,43.7117247,0
                -79.2811586,43.7120504,0
                -79.2827893,43.7161759,0
                -79.2949129,43.7193086,0
                -79.2975093,43.7256512,0
                -79.3026806,43.7247983,0
              </coordinates>
            </LinearRing>
          </outerBoundaryIs>
        </Polygon>
      </Placemark>
      <Placemark>
        <name>Clairville</name>
        <description><![CDATA[description: Rebuilt again and again, the past here refuses to die.<br>faction: Uncontested<br>kindredpop: 0]]></description>
        <styleUrl>#poly-BDBDBD-1200-76</styleUrl>
        <ExtendedData>
          <Data name="description">
            <value>Rebuilt again and again, the past here refuses to die.</value>
          </Data>
          <Data name="faction">
            <value>Uncontested</value>
          </Data>
          <Data name="kindredpop">
            <value>0.0</value>
          </Data>
        </ExtendedData>
        <Polygon>
          <outerBoundaryIs>
            <LinearRing>
              <tessellate>1</tessellate>
              <coordinates>
                -79.6262023,43.7527792,0
                -79.6332834,43.7512912,0
                -79.6365879,43.7510742,0
                -79.6389482,43.7500512,0
                -79.6411369,43.7486872,0
                -79.6388195,43.7481292,0
                -79.6392057,43.7466721,0
                -79.6379182,43.7463621,0
                -79.6325538,43.7421766,0
                -79.6328113,43.7415565,0
                -79.629421,43.7371536,0
                -79.6280477,43.7366885,0
                -79.627404,43.7340218,0
                -79.6231317,43.7350392,0
                -79.6208572,43.7353493,0
                -79.6060943,43.7336438,0
                -79.5988417,43.7350547,0
                -79.6082616,43.7568185,0
                -79.6119115,43.755972,0
                -79.6262023,43.7527792,0
              </coordinates>
            </LinearRing>
          </outerBoundaryIs>
        </Polygon>
      </Placemark>
      <Placemark>
        <name>Cliffcrest</name>
        <description><![CDATA[description: Rapid change draws ambitious Kindred hoping to carve out influence.<br>faction: Nominally Camarilla<br>kindredpop: 0]]></description>
        <styleUrl>#poly-757575-1200-76</styleUrl>
        <ExtendedData>
          <Data name="description">
            <value>Rapid change draws ambitious Kindred hoping to carve out influence.</value>
          </Data>
          <Data name="faction">
            <value>Nominally Camarilla</value>
          </Data>
          <Data name="kindredpop">
            <value>0.0</value>
          </Data>
        </ExtendedData>
        <Polygon>
          <outerBoundaryIs>
            <LinearRing>
              <tessellate>1</tessellate>
              <coordinates>
                -79.2512837,43.7187245,0
                -79.2414775,43.7208801,0
                -79.2379585,43.7126604,0
                -79.2379156,43.7121641,0
                -79.2385378,43.7101633,0
                -79.2385593,43.7093877,0
                -79.2381516,43.7087673,0
                -79.2365208,43.7076815,0
                -79.2352333,43.7070146,0
                -79.2338601,43.7034779,0
                -79.2261353,43.7038346,0
                -79.2135182,43.7257339,0
                -79.2141619,43.727238,0
                -79.2149558,43.7275946,0
                -79.2162862,43.7275791,0
                -79.2178097,43.7279202,0
                -79.2196122,43.7283699,0
                -79.2205992,43.7288816,0
                -79.221951,43.7293933,0
                -79.2235175,43.7297809,0
                -79.2245689,43.7302616,0
                -79.2251912,43.7314865,0
                -79.2245474,43.7320137,0
                -79.2277875,43.7396106,0
                -79.2287317,43.7415794,0
                -79.2371645,43.7362464,0
                -79.2430439,43.7326804,0
                -79.2458334,43.7303856,0
                -79.2475071,43.7282459,0
                -79.2523137,43.7211438,0
                -79.2512837,43.7187245,0
              </coordinates>
            </LinearRing>
          </outerBoundaryIs>
        </Polygon>
      </Placemark>
      <Placemark>
        <name>Cliffside</name>
        <description><![CDATA[description: Once overlooked, now quietly influential in Kindred politics.<br>faction: Nominally Camarilla<br>kindredpop: 4]]></description>
        <styleUrl>#poly-757575-1200-76</styleUrl>
        <ExtendedData>
          <Data name="description">
            <value>Once overlooked, now quietly influential in Kindred politics.</value>
          </Data>
          <Data name="faction">
            <value>Nominally Camarilla</value>
          </Data>
          <Data name="kindredpop">
            <value>4.0</value>
          </Data>
        </ExtendedData>
        <Polygon>
          <outerBoundaryIs>
            <LinearRing>
              <tessellate>1</tessellate>
              <coordinates>
                -79.2591891,43.7107017,0
                -79.2530093,43.6957633,0
                -79.2347543,43.7001616,0
                -79.2338601,43.7034779,0
                -79.2352333,43.7070146,0
                -79.2365208,43.7076815,0
                -79.2381516,43.7087673,0
                -79.2385593,43.7093877,0
                -79.2385378,43.7101633,0
                -79.2379156,43.7121641,0
                -79.2379585,43.7126604,0
                -79.2414775,43.7208801,0
                -79.2512837,43.7187245,0
                -79.2523137,43.7211438,0
                -79.2572634,43.7136565,0
                -79.2591891,43.7107017,0
              </coordinates>
            </LinearRing>
          </outerBoundaryIs>
        </Polygon>
      </Placemark>
      <Placemark>
        <name>Corktown</name>
        <description><![CDATA[description: A prestigious address with hidden power games beneath the surface.<br>faction: Nominally Camarilla<br>kindredpop: 0]]></description>
        <styleUrl>#poly-757575-1200-76</styleUrl>
        <ExtendedData>
          <Data name="description">
            <value>A prestigious address with hidden power games beneath the surface.</value>
          </Data>
          <Data name="faction">
            <value>Nominally Camarilla</value>
          </Data>
          <Data name="kindredpop">
            <value>0.0</value>
          </Data>
        </ExtendedData>
        <Polygon>
          <outerBoundaryIs>
            <LinearRing>
              <tessellate>1</tessellate>
              <coordinates>
                -79.3627436,43.6515668,0
                -79.3611235,43.6519394,0
                -79.3604583,43.6527467,0
                -79.3589992,43.6536161,0
                -79.3570037,43.654796,0
                -79.3563599,43.654765,0
                -79.3554802,43.655091,0
                -79.3534631,43.6563175,0
                -79.3524761,43.6567366,0
                -79.3537206,43.6580251,0
                -79.3645353,43.6556033,0
                -79.3627436,43.6515668,0
              </coordinates>
            </LinearRing>
          </outerBoundaryIs>
        </Polygon>
      </Placemark>
      <Placemark>
        <name>Crescent Town</name>
        <description><![CDATA[description: A prestigious address with hidden power games beneath the surface.<br>faction: Nominally Camarilla<br>kindredpop: 3]]></description>
        <styleUrl>#poly-757575-1200-76</styleUrl>
        <ExtendedData>
          <Data name="description">
            <value>A prestigious address with hidden power games beneath the surface.</value>
          </Data>
          <Data name="faction">
            <value>Nominally Camarilla</value>
          </Data>
          <Data name="kindredpop">
            <value>3.0</value>
          </Data>
        </ExtendedData>
        <Polygon>
          <outerBoundaryIs>
            <LinearRing>
              <tessellate>1</tessellate>
              <coordinates>
                -79.2890531,43.6928691,0
                -79.2909862,43.6976863,0
                -79.2922074,43.6977174,0
                -79.2936236,43.698082,0
                -79.2945355,43.6976864,0
                -79.2950505,43.6977019,0
                -79.2956728,43.6973683,0
                -79.2971212,43.6974692,0
                -79.297486,43.6958712,0
                -79.2970783,43.6922485,0
                -79.2950291,43.6926829,0
                -79.2948467,43.6923183,0
                -79.2902225,43.6933966,0
                -79.289847,43.6926907,0
                -79.2890531,43.6928691,0
              </coordinates>
            </LinearRing>
          </outerBoundaryIs>
        </Polygon>
      </Placemark>
      <Placemark>
        <name>Cricket Club</name>
        <description><![CDATA[description: A hotspot of nightlife and secrets where the lines between predator and prey blur.<br>faction: Nominally Camarilla<br>kindredpop: 0]]></description>
        <styleUrl>#poly-757575-1200-76</styleUrl>
        <ExtendedData>
          <Data name="description">
            <value>A hotspot of nightlife and secrets where the lines between predator and prey blur.</value>
          </Data>
          <Data name="faction">
            <value>Nominally Camarilla</value>
          </Data>
          <Data name="kindredpop">
            <value>0.0</value>
          </Data>
        </ExtendedData>
        <Polygon>
          <outerBoundaryIs>
            <LinearRing>
              <tessellate>1</tessellate>
              <coordinates>
                -79.4050395,43.7363944,0
                -79.4067548,43.7441136,0
                -79.4087913,43.7434497,0
                -79.4137911,43.7416981,0
                -79.4216368,43.7399364,0
                -79.4202134,43.7368173,0
                -79.4196147,43.7332463,0
                -79.4050395,43.7363944,0
              </coordinates>
            </LinearRing>
          </outerBoundaryIs>
        </Polygon>
      </Placemark>
      <Placemark>
        <name>Davenport</name>
        <description><![CDATA[description: Wealthy, aloof, and ruthless beneath the smiles.<br>faction: Nominally Camarilla<br>kindredpop: 0]]></description>
        <styleUrl>#poly-757575-1200-76</styleUrl>
        <ExtendedData>
          <Data name="description">
            <value>Wealthy, aloof, and ruthless beneath the smiles.</value>
          </Data>
          <Data name="faction">
            <value>Nominally Camarilla</value>
          </Data>
          <Data name="kindredpop">
            <value>0.0</value>
          </Data>
        </ExtendedData>
        <Polygon>
          <outerBoundaryIs>
            <LinearRing>
              <tessellate>1</tessellate>
              <coordinates>
                -79.4410113,43.6729922,0
                -79.4437793,43.6723637,0
                -79.4482353,43.6715668,0
                -79.4481066,43.670977,0
                -79.4467333,43.6675779,0
                -79.4464401,43.6667062,0
                -79.4441441,43.6672185,0
                -79.4435433,43.6677772,0
                -79.4400457,43.6685067,0
                -79.4389513,43.6684291,0
                -79.437621,43.668724,0
                -79.4298962,43.6702761,0
                -79.4289306,43.6700589,0
                -79.4222573,43.6715023,0
                -79.4143717,43.6731405,0
                -79.4157127,43.6766704,0
                -79.4172791,43.6767635,0
                -79.4194678,43.6765618,0
                -79.4229439,43.6755996,0
                -79.4249609,43.6751029,0
                -79.4280079,43.6747305,0
                -79.4308618,43.6747305,0
                -79.4345311,43.6743114,0
                -79.4385436,43.673613,0
                -79.4410113,43.6729922,0
              </coordinates>
            </LinearRing>
          </outerBoundaryIs>
        </Polygon>
      </Placemark>
      <Placemark>
        <name>Davisville</name>
        <description><![CDATA[description: A hotspot of nightlife and secrets where the lines between predator and prey blur.<br>faction: Nominally Camarilla<br>kindredpop: 0]]></description>
        <styleUrl>#poly-757575-1200-76</styleUrl>
        <ExtendedData>
          <Data name="description">
            <value>A hotspot of nightlife and secrets where the lines between predator and prey blur.</value>
          </Data>
          <Data name="faction">
            <value>Nominally Camarilla</value>
          </Data>
          <Data name="kindredpop">
            <value>0.0</value>
          </Data>
        </ExtendedData>
        <Polygon>
          <outerBoundaryIs>
            <LinearRing>
              <tessellate>1</tessellate>
              <coordinates>
                -79.3902322,43.7084152,0
                -79.3982882,43.7067698,0
                -79.3960352,43.6956781,0
                -79.3953069,43.6920139,0
                -79.3949422,43.6920954,0
                -79.3948456,43.6920488,0
                -79.3947973,43.6919169,0
                -79.3925014,43.6923863,0
                -79.3919274,43.6919868,0
                -79.3922814,43.6916571,0
                -79.3920454,43.6910752,0
                -79.3905058,43.691401,0
                -79.3906131,43.6916493,0
                -79.3904521,43.6917657,0
                -79.3899479,43.6915058,0
                -79.3895563,43.6915911,0
                -79.389508,43.6915407,0
                -79.3887785,43.6917036,0
                -79.3892183,43.6925725,0
                -79.3889233,43.6926345,0
                -79.389111,43.6931116,0
                -79.385313,43.6939378,0
                -79.3854364,43.6942442,0
                -79.385018,43.6943334,0
                -79.3847605,43.694058,0
                -79.3818744,43.6946786,0
                -79.3813648,43.695082,0
                -79.3808069,43.694698,0
                -79.3801391,43.6950238,0
                -79.3794873,43.6952041,0
                -79.3764564,43.6958577,0
                -79.3727388,43.6966101,0
                -79.3723875,43.6966256,0
                -79.3718054,43.6967342,0
                -79.3731948,43.7004109,0
                -79.3757268,43.7072053,0
                -79.3767568,43.7098422,0
                -79.3771859,43.711052,0
                -79.3902322,43.7084152,0
              </coordinates>
            </LinearRing>
          </outerBoundaryIs>
        </Polygon>
      </Placemark>
      <Placemark>
        <name>Deer Park</name>
        <description><![CDATA[description: Industrial grit and decay make this a haven for outcasts and hunters alike.<br>faction: Nominally Camarilla<br>kindredpop: 0]]></description>
        <styleUrl>#poly-757575-1200-76</styleUrl>
        <ExtendedData>
          <Data name="description">
            <value>Industrial grit and decay make this a haven for outcasts and hunters alike.</value>
          </Data>
          <Data name="faction">
            <value>Nominally Camarilla</value>
          </Data>
          <Data name="kindredpop">
            <value>0.0</value>
          </Data>
        </ExtendedData>
        <Polygon>
          <outerBoundaryIs>
            <LinearRing>
              <tessellate>1</tessellate>
              <coordinates>
                -79.4014912,43.686637,0
                -79.4002252,43.6834405,0
                -79.3928223,43.6849923,0
                -79.3902903,43.6855819,0
                -79.3900543,43.6850233,0
                -79.388917,43.6852095,0
                -79.3887668,43.6846509,0
                -79.3880802,43.6846819,0
                -79.3882733,43.6851474,0
                -79.3866854,43.6854733,0
                -79.3864923,43.6847905,0
                -79.38587,43.6850078,0
                -79.3854623,43.6853336,0
                -79.3855267,43.6863112,0
                -79.3852692,43.6866215,0
                -79.3858915,43.6869784,0
                -79.386664,43.6877853,0
                -79.3875223,43.6885611,0
                -79.3882304,43.6886697,0
                -79.388917,43.6892283,0
                -79.3900114,43.6900196,0
                -79.3899685,43.6905626,0
                -79.3909984,43.6912919,0
                -79.3920454,43.6910752,0
                -79.3922814,43.6916571,0
                -79.3919274,43.6919868,0
                -79.3925014,43.6923863,0
                -79.3947973,43.6919169,0
                -79.3948456,43.6920488,0
                -79.3949422,43.6920954,0
                -79.3953069,43.6920139,0
                -79.3960352,43.6956781,0
                -79.3969793,43.6956316,0
                -79.4029875,43.697245,0
                -79.4024246,43.6955197,0
                -79.4022637,43.6946896,0
                -79.4011694,43.6919357,0
                -79.4012123,43.6913462,0
                -79.4017594,43.6910203,0
                -79.4030791,43.6907333,0
                -79.4022959,43.6886309,0
                -79.4014912,43.686637,0
              </coordinates>
            </LinearRing>
          </outerBoundaryIs>
        </Polygon>
      </Placemark>
      <Placemark>
        <name>Denlow</name>
        <description><![CDATA[description: Local Kindred speak of old blood and older debts.<br>faction: Camarilla Held<br>kindredpop: 0]]></description>
        <styleUrl>#poly-C2185B-1200-76</styleUrl>
        <ExtendedData>
          <Data name="description">
            <value>Local Kindred speak of old blood and older debts.</value>
          </Data>
          <Data name="faction">
            <value>Camarilla Held</value>
          </Data>
          <Data name="kindredpop">
            <value>0.0</value>
          </Data>
        </ExtendedData>
        <Polygon>
          <outerBoundaryIs>
            <LinearRing>
              <tessellate>1</tessellate>
              <coordinates>
                -79.3582468,43.7449438,0
                -79.3600317,43.7529493,0
                -79.3641551,43.7528906,0
                -79.3827804,43.7488296,0
                -79.3792317,43.7459306,0
                -79.3776868,43.7437293,0
                -79.3762643,43.7425352,0
                -79.3754274,43.7422097,0
                -79.3749124,43.7416051,0
                -79.3743545,43.7416051,0
                -79.3732816,43.7410315,0
                -79.3730456,43.7404114,0
                -79.3723161,43.7406284,0
                -79.3720156,43.7404734,0
                -79.3717582,43.7409385,0
                -79.371329,43.7404579,0
                -79.3708998,43.7407214,0
                -79.3706638,43.7406904,0
                -79.3706424,43.7402408,0
                -79.37105,43.7401943,0
                -79.3710715,43.7397292,0
                -79.3706853,43.7397137,0
                -79.3706209,43.7393882,0
                -79.37105,43.7393727,0
                -79.3710715,43.7390936,0
                -79.3704278,43.7391866,0
                -79.3701703,43.73852,0
                -79.369548,43.738458,0
                -79.3695695,43.7380239,0
                -79.3691618,43.7379619,0
                -79.3689043,43.7381789,0
                -79.368046,43.7376828,0
                -79.3681962,43.7372332,0
                -79.3674237,43.7368766,0
                -79.3672306,43.7370782,0
                -79.3666941,43.7370627,0
                -79.3668873,43.7366441,0
                -79.365986,43.7366441,0
                -79.3655569,43.7368766,0
                -79.3643553,43.7364425,0
                -79.3644411,43.7359154,0
                -79.3636472,43.7361945,0
                -79.3632609,43.7360239,0
                -79.3636901,43.7354658,0
                -79.363218,43.7347371,0
                -79.3620593,43.734458,0
                -79.3617483,43.734223,0
                -79.3589374,43.7347656,0
                -79.356577,43.7345021,0
                -79.3559333,43.7345486,0
                -79.3582468,43.7449438,0
              </coordinates>
            </LinearRing>
          </outerBoundaryIs>
        </Polygon>
      </Placemark>
      <Placemark>
        <name>Discovery District</name>
        <description><![CDATA[description: A prestigious address with hidden power games beneath the surface.<br>faction: Camarilla Held<br>kindredpop: 2]]></description>
        <styleUrl>#poly-C2185B-1200-76</styleUrl>
        <ExtendedData>
          <Data name="description">
            <value>A prestigious address with hidden power games beneath the surface.</value>
          </Data>
          <Data name="faction">
            <value>Camarilla Held</value>
          </Data>
          <Data name="kindredpop">
            <value>2.0</value>
          </Data>
        </ExtendedData>
        <Polygon>
          <outerBoundaryIs>
            <LinearRing>
              <tessellate>1</tessellate>
              <coordinates>
                -79.3874434,43.660544,0
                -79.3904354,43.6598625,0
                -79.3883231,43.6548621,0
                -79.3808988,43.6563214,0
                -79.3831019,43.661351,0
                -79.3874434,43.660544,0
              </coordinates>
            </LinearRing>
          </outerBoundaryIs>
        </Polygon>
      </Placemark>
      <Placemark>
        <name>Distillery District</name>
        <description><![CDATA[description: A hotspot of nightlife and secrets where the lines between predator and prey blur.<br>faction: Nominally Camarilla<br>kindredpop: 7]]></description>
        <styleUrl>#poly-757575-1200-76</styleUrl>
        <ExtendedData>
          <Data name="description">
            <value>A hotspot of nightlife and secrets where the lines between predator and prey blur.</value>
          </Data>
          <Data name="faction">
            <value>Nominally Camarilla</value>
          </Data>
          <Data name="kindredpop">
            <value>7.0</value>
          </Data>
        </ExtendedData>
        <Polygon>
          <outerBoundaryIs>
            <LinearRing>
              <tessellate>1</tessellate>
              <coordinates>
                -79.3621377,43.6501746,0
                -79.3612686,43.6479466,0
                -79.3594876,43.6484745,0
                -79.3573955,43.6491188,0
                -79.3566338,43.6494294,0
                -79.3571166,43.6508189,0
                -79.3576101,43.6517815,0
                -79.359949,43.6512071,0
                -79.3597559,43.6507491,0
                -79.3621377,43.6501746,0
              </coordinates>
            </LinearRing>
          </outerBoundaryIs>
        </Polygon>
      </Placemark>
      <Placemark>
        <name>Don Mills</name>
        <description><![CDATA[description: Once overlooked, now quietly influential in Kindred politics.<br>faction: Nominally Camarilla<br>kindredpop: 0]]></description>
        <styleUrl>#poly-757575-1200-76</styleUrl>
        <ExtendedData>
          <Data name="description">
            <value>Once overlooked, now quietly influential in Kindred politics.</value>
          </Data>
          <Data name="faction">
            <value>Nominally Camarilla</value>
          </Data>
          <Data name="kindredpop">
            <value>0.0</value>
          </Data>
        </ExtendedData>
        <Polygon>
          <outerBoundaryIs>
            <LinearRing>
              <tessellate>1</tessellate>
              <coordinates>
                -79.3600317,43.7529493,0
                -79.3584438,43.7458191,0
                -79.3563839,43.7361455,0
                -79.3559333,43.7345486,0
                -79.356577,43.7345021,0
                -79.3589374,43.7347656,0
                -79.3617483,43.734223,0
                -79.3607933,43.7333572,0
                -79.3592483,43.7331556,0
                -79.3594629,43.7319153,0
                -79.3587977,43.7315431,0
                -79.3575961,43.731233,0
                -79.3576819,43.7307524,0
                -79.3571026,43.7308144,0
                -79.357124,43.7299306,0
                -79.3545706,43.7296825,0
                -79.3547208,43.7292173,0
                -79.3539912,43.7285661,0
                -79.3539268,43.7278218,0
                -79.3532187,43.7272016,0
                -79.3522426,43.7282225,0
                -79.3499466,43.7261602,0
                -79.3489595,43.7249197,0
                -79.3488093,43.7234,0
                -79.3496247,43.7209963,0
                -79.3504401,43.7183134,0
                -79.3502041,43.7170262,0
                -79.343402,43.7191354,0
                -79.3302699,43.7230898,0
                -79.3305274,43.7269975,0
                -79.3306776,43.7298506,0
                -79.3314286,43.7334478,0
                -79.3321796,43.7372928,0
                -79.332244,43.7393702,0
                -79.3321796,43.7420057,0
                -79.3332525,43.7465787,0
                -79.3336388,43.7501903,0
                -79.3340894,43.7532283,0
                -79.3351408,43.7562661,0
                -79.3357631,43.7582808,0
                -79.3470498,43.7558011,0
                -79.3551608,43.7540033,0
                -79.3600317,43.7529493,0
              </coordinates>
            </LinearRing>
          </outerBoundaryIs>
        </Polygon>
      </Placemark>
      <Placemark>
        <name>Don Valley Village</name>
        <description><![CDATA[description: Rapid change draws ambitious Kindred hoping to carve out influence.<br>faction: Nominally Camarilla<br>kindredpop: 0]]></description>
        <styleUrl>#poly-757575-1200-76</styleUrl>
        <ExtendedData>
          <Data name="description">
            <value>Rapid change draws ambitious Kindred hoping to carve out influence.</value>
          </Data>
          <Data name="faction">
            <value>Nominally Camarilla</value>
          </Data>
          <Data name="kindredpop">
            <value>0.0</value>
          </Data>
        </ExtendedData>
        <Polygon>
          <outerBoundaryIs>
            <LinearRing>
              <tessellate>1</tessellate>
              <coordinates>
                -79.3397406,43.7762635,0
                -79.340556,43.7806868,0
                -79.3426588,43.79057,0
                -79.3436459,43.7950929,0
                -79.3447188,43.7998167,0
                -79.35195,43.798206,0
                -79.3556836,43.7974316,0
                -79.369202,43.794938,0
                -79.3679401,43.7900056,0
                -79.3640778,43.7720656,0
                -79.364095,43.7716231,0
                -79.3609622,43.771964,0
                -79.3531945,43.7736993,0
                -79.343603,43.7757445,0
                -79.3411568,43.7762558,0
                -79.3397191,43.7761164,0
                -79.3397406,43.7762635,0
              </coordinates>
            </LinearRing>
          </outerBoundaryIs>
        </Polygon>
      </Placemark>
      <Placemark>
        <name>Dorset Park</name>
        <description><![CDATA[description: Well-patrolled and heavily surveilled—perfect for Kindred hiding in plain sight.<br>faction: Scarborough Barony<br>kindredpop: 1]]></description>
        <styleUrl>#poly-9C27B0-1200-76</styleUrl>
        <ExtendedData>
          <Data name="description">
            <value>Well-patrolled and heavily surveilled—perfect for Kindred hiding in plain sight.</value>
          </Data>
          <Data name="faction">
            <value>Scarborough Barony</value>
          </Data>
          <Data name="kindredpop">
            <value>1.0</value>
          </Data>
        </ExtendedData>
        <Polygon>
          <outerBoundaryIs>
            <LinearRing>
              <tessellate>1</tessellate>
              <coordinates>
                -79.2650399,43.7515049,0
                -79.2671427,43.7570226,0
                -79.2720779,43.7706173,0
                -79.2748154,43.7771276,0
                -79.2846049,43.7748501,0
                -79.2945656,43.772581,0
                -79.2916903,43.766135,0
                -79.2912611,43.7651432,0
                -79.2915615,43.7638415,0
                -79.2912611,43.7630977,0
                -79.2874846,43.7540158,0
                -79.2846951,43.7474128,0
                -79.2821845,43.7407316,0
                -79.2729363,43.744173,0
                -79.2685156,43.7461884,0
                -79.2638914,43.7482578,0
                -79.2650399,43.7515049,0
              </coordinates>
            </LinearRing>
          </outerBoundaryIs>
        </Polygon>
      </Placemark>
      <Placemark>
        <name>Dovercourt Park</name>
        <description><![CDATA[description: An overlooked corner ideal for secret rites or quiet feeding.<br>faction: Nominally Camarilla<br>kindredpop: 0]]></description>
        <styleUrl>#poly-757575-1200-76</styleUrl>
        <ExtendedData>
          <Data name="description">
            <value>An overlooked corner ideal for secret rites or quiet feeding.</value>
          </Data>
          <Data name="faction">
            <value>Nominally Camarilla</value>
          </Data>
          <Data name="kindredpop">
            <value>0.0</value>
          </Data>
        </ExtendedData>
        <Polygon>
          <outerBoundaryIs>
            <LinearRing>
              <tessellate>1</tessellate>
              <coordinates>
                -79.4256613,43.6619701,0
                -79.4289306,43.6700589,0
                -79.4298962,43.6702761,0
                -79.4389513,43.6684291,0
                -79.4353275,43.6598579,0
                -79.4256613,43.6619701,0
              </coordinates>
            </LinearRing>
          </outerBoundaryIs>
        </Polygon>
      </Placemark>
      <Placemark>
        <name>Downsview</name>
        <description><![CDATA[description: A hotspot of nightlife and secrets where the lines between predator and prey blur.<br>faction: Nominally Camarilla<br>kindredpop: 2]]></description>
        <styleUrl>#poly-757575-1200-76</styleUrl>
        <ExtendedData>
          <Data name="description">
            <value>A hotspot of nightlife and secrets where the lines between predator and prey blur.</value>
          </Data>
          <Data name="faction">
            <value>Nominally Camarilla</value>
          </Data>
          <Data name="kindredpop">
            <value>2.0</value>
          </Data>
        </ExtendedData>
        <Polygon>
          <outerBoundaryIs>
            <LinearRing>
              <tessellate>1</tessellate>
              <coordinates>
                -79.5264807,43.7362864,0
                -79.5246354,43.728689,0
                -79.5231763,43.7225484,0
                -79.5184985,43.7162831,0
                -79.504036,43.7181131,0
                -79.4903889,43.7204704,0
                -79.4809046,43.7227345,0
                -79.4643393,43.7265802,0
                -79.448874,43.7300142,0
                -79.4512987,43.7379059,0
                -79.4533586,43.740805,0
                -79.4587874,43.7457191,0
                -79.4614911,43.7472227,0
                -79.4628644,43.7483698,0
                -79.4634269,43.7501145,0
                -79.4648114,43.7501761,0
                -79.4659272,43.7505792,0
                -79.4691029,43.7535861,0
                -79.4707337,43.754516,0
                -79.4740382,43.75557,0
                -79.481248,43.7541441,0
                -79.48275,43.7529041,0
                -79.4829646,43.7499901,0
                -79.4828358,43.746735,0
                -79.4837371,43.7455879,0
                -79.4849816,43.7449368,0
                -79.4875136,43.7446268,0
                -79.4972554,43.7424565,0
                -79.5101729,43.7396041,0
                -79.51116,43.739449,0
                -79.512662,43.7395731,0
                -79.5264807,43.7362864,0
              </coordinates>
            </LinearRing>
          </outerBoundaryIs>
        </Polygon>
      </Placemark>
      <Placemark>
        <name>Dufferin Grove</name>
        <description><![CDATA[description: Rebuilt again and again, the past here refuses to die.<br>faction: Nominally Camarilla<br>kindredpop: 0]]></description>
        <styleUrl>#poly-757575-1200-76</styleUrl>
        <ExtendedData>
          <Data name="description">
            <value>Rebuilt again and again, the past here refuses to die.</value>
          </Data>
          <Data name="faction">
            <value>Nominally Camarilla</value>
          </Data>
          <Data name="kindredpop">
            <value>0.0</value>
          </Data>
        </ExtendedData>
        <Polygon>
          <outerBoundaryIs>
            <LinearRing>
              <tessellate>1</tessellate>
              <coordinates>
                -79.4226563,43.6543638,0
                -79.4256613,43.6619701,0
                -79.4353275,43.6598579,0
                -79.4313896,43.6495198,0
                -79.4207943,43.6493544,0
                -79.4226563,43.6543638,0
              </coordinates>
            </LinearRing>
          </outerBoundaryIs>
        </Polygon>
      </Placemark>
      <Placemark>
        <name>Earlscourt</name>
        <description><![CDATA[description: Popular with the living, and increasingly with the dead.<br>faction: Nominally Camarilla<br>kindredpop: 0]]></description>
        <styleUrl>#poly-757575-1200-76</styleUrl>
        <ExtendedData>
          <Data name="description">
            <value>Popular with the living, and increasingly with the dead.</value>
          </Data>
          <Data name="faction">
            <value>Nominally Camarilla</value>
          </Data>
          <Data name="kindredpop">
            <value>0.0</value>
          </Data>
        </ExtendedData>
        <Polygon>
          <outerBoundaryIs>
            <LinearRing>
              <tessellate>1</tessellate>
              <coordinates>
                -79.4676989,43.681824,0
                -79.4659394,43.6801791,0
                -79.4649094,43.6785186,0
                -79.4640082,43.6767494,0
                -79.4633859,43.6746078,0
                -79.463064,43.6735524,0
                -79.4559815,43.6751209,0
                -79.4545224,43.6737396,0
                -79.4525912,43.6725136,0
                -79.4513252,43.6710236,0
                -79.4482353,43.6715668,0
                -79.4437793,43.6723637,0
                -79.4410113,43.6729922,0
                -79.4423,43.6761104,0
                -79.443044,43.677991,0
                -79.446091,43.6855637,0
                -79.447636,43.6851758,0
                -79.4496959,43.6846172,0
                -79.4539445,43.6836396,0
                -79.4568842,43.6830344,0
                -79.4579142,43.6830654,0
                -79.4595879,43.6834379,0
                -79.460532,43.6833913,0
                -79.4676989,43.681824,0
              </coordinates>
            </LinearRing>
          </outerBoundaryIs>
        </Polygon>
      </Placemark>
      <Placemark>
        <name>East Danforth</name>
        <description><![CDATA[description: A hotspot of nightlife and secrets where the lines between predator and prey blur.<br>faction: Camarilla Held<br>kindredpop: 0]]></description>
        <styleUrl>#poly-C2185B-1200-76</styleUrl>
        <ExtendedData>
          <Data name="description">
            <value>A hotspot of nightlife and secrets where the lines between predator and prey blur.</value>
          </Data>
          <Data name="faction">
            <value>Camarilla Held</value>
          </Data>
          <Data name="kindredpop">
            <value>0.0</value>
          </Data>
        </ExtendedData>
        <Polygon>
          <outerBoundaryIs>
            <LinearRing>
              <tessellate>1</tessellate>
              <coordinates>
                -79.3227083,43.6810396,0
                -79.3214586,43.6782017,0
                -79.3020751,43.68574,0
                -79.2992213,43.6865935,0
                -79.287599,43.6892625,0
                -79.2890531,43.6928691,0
                -79.289847,43.6926907,0
                -79.2902225,43.6933966,0
                -79.2948467,43.6923183,0
                -79.2950291,43.6926829,0
                -79.2970783,43.6922485,0
                -79.2971523,43.6920348,0
                -79.304169,43.6906539,0
                -79.30395,43.6900555,0
                -79.3094968,43.6888375,0
                -79.30925,43.6882401,0
                -79.3115996,43.687666,0
                -79.3113314,43.6869678,0
                -79.313166,43.6864712,0
                -79.3142175,43.6889073,0
                -79.3249034,43.6865798,0
                -79.3227083,43.6810396,0
              </coordinates>
            </LinearRing>
          </outerBoundaryIs>
        </Polygon>
      </Placemark>
      <Placemark>
        <name>Eatonville</name>
        <description><![CDATA[description: Rapid change draws ambitious Kindred hoping to carve out influence.<br>faction: Nominally Camarilla<br>kindredpop: 0]]></description>
        <styleUrl>#poly-757575-1200-76</styleUrl>
        <ExtendedData>
          <Data name="description">
            <value>Rapid change draws ambitious Kindred hoping to carve out influence.</value>
          </Data>
          <Data name="faction">
            <value>Nominally Camarilla</value>
          </Data>
          <Data name="kindredpop">
            <value>0.0</value>
          </Data>
        </ExtendedData>
        <Polygon>
          <outerBoundaryIs>
            <LinearRing>
              <tessellate>1</tessellate>
              <coordinates>
                -79.5674422,43.6541845,0
                -79.5663479,43.6524768,0
                -79.5625713,43.6436421,0
                -79.5597174,43.6363126,0
                -79.5570567,43.6287025,0
                -79.5539453,43.6294636,0
                -79.5471218,43.6309856,0
                -79.5455125,43.6317156,0
                -79.5435598,43.6327717,0
                -79.5415428,43.6345422,0
                -79.5380023,43.6384711,0
                -79.5390966,43.638937,0
                -79.5404484,43.6401793,0
                -79.5415857,43.6406762,0
                -79.5433881,43.6448377,0
                -79.5441392,43.6464215,0
                -79.5442894,43.6476947,0
                -79.544461,43.6487816,0
                -79.5443323,43.6500392,0
                -79.5455983,43.6529891,0
                -79.5458558,43.6531133,0
                -79.547508,43.6534704,0
                -79.5474222,43.6540759,0
                -79.5476797,43.6551937,0
                -79.5482805,43.6554731,0
                -79.5504048,43.6551937,0
                -79.5518639,43.6553334,0
                -79.5528081,43.6565443,0
                -79.552336,43.6571342,0
                -79.5523789,43.6577397,0
                -79.5674422,43.6541845,0
              </coordinates>
            </LinearRing>
          </outerBoundaryIs>
        </Polygon>
      </Placemark>
      <Placemark>
        <name>Eglinton East</name>
        <description><![CDATA[description: A hotspot of nightlife and secrets where the lines between predator and prey blur.<br>faction: Scarborough Barony<br>kindredpop: 6]]></description>
        <styleUrl>#poly-9C27B0-1200-76</styleUrl>
        <ExtendedData>
          <Data name="description">
            <value>A hotspot of nightlife and secrets where the lines between predator and prey blur.</value>
          </Data>
          <Data name="faction">
            <value>Scarborough Barony</value>
          </Data>
          <Data name="kindredpop">
            <value>6.0</value>
          </Data>
        </ExtendedData>
        <Polygon>
          <outerBoundaryIs>
            <LinearRing>
              <tessellate>1</tessellate>
              <coordinates>
                -79.2662256,43.7407643,0
                -79.2638009,43.734873,0
                -79.2631786,43.7334776,0
                -79.2481966,43.7366753,0
                -79.2454929,43.7307526,0
                -79.2430439,43.7326804,0
                -79.2301552,43.7406867,0
                -79.2287317,43.7415794,0
                -79.2320175,43.7484241,0
                -79.2338312,43.7532012,0
                -79.2348612,43.7530772,0
                -79.2360199,43.7533717,0
                -79.2367065,43.7533097,0
                -79.2375648,43.7534492,0
                -79.2382515,43.7529223,0
                -79.2382729,43.7525193,0
                -79.2376078,43.7522403,0
                -79.2380584,43.7520853,0
                -79.2381871,43.7517133,0
                -79.237758,43.7516358,0
                -79.2378652,43.7510933,0
                -79.2384017,43.7508298,0
                -79.2384446,43.7500858,0
                -79.2387236,43.7495588,0
                -79.2386163,43.7488922,0
                -79.2392171,43.7489698,0
                -79.2396677,43.7483032,0
                -79.2400043,43.747306,0
                -79.2402256,43.7459471,0
                -79.2414272,43.745296,0
                -79.241556,43.7451255,0
                -79.2426718,43.7453425,0
                -79.2440451,43.7453735,0
                -79.2445171,43.7457611,0
                -79.245354,43.7458076,0
                -79.2468775,43.745327,0
                -79.2477358,43.7444744,0
                -79.2480791,43.7447535,0
                -79.2490662,43.7441954,0
                -79.2498172,43.7433273,0
                -79.251169,43.7430793,0
                -79.2523706,43.7426917,0
                -79.2530358,43.7427537,0
                -79.2537868,43.7426452,0
                -79.2540872,43.7423042,0
                -79.2546881,43.7424437,0
                -79.2553747,43.7427847,0
                -79.2558253,43.7431413,0
                -79.2577994,43.7428002,0
                -79.2594302,43.7439474,0
                -79.2605011,43.7434524,0
                -79.2664395,43.7421192,0
                -79.2667936,43.7420804,0
                -79.2662256,43.7407643,0
              </coordinates>
            </LinearRing>
          </outerBoundaryIs>
        </Polygon>
      </Placemark>
      <Placemark>
        <name>Emery</name>
        <description><![CDATA[description: Popular with the living, and increasingly with the dead.<br>faction: Nominally Camarilla<br>kindredpop: 0]]></description>
        <styleUrl>#poly-757575-1200-76</styleUrl>
        <ExtendedData>
          <Data name="description">
            <value>Popular with the living, and increasingly with the dead.</value>
          </Data>
          <Data name="faction">
            <value>Nominally Camarilla</value>
          </Data>
          <Data name="kindredpop">
            <value>0.0</value>
          </Data>
        </ExtendedData>
        <Polygon>
          <outerBoundaryIs>
            <LinearRing>
              <tessellate>1</tessellate>
              <coordinates>
                -79.5264807,43.7362864,0
                -79.5290365,43.7470309,0
                -79.5306798,43.754509,0
                -79.5398082,43.7523941,0
                -79.5685311,43.7462629,0
                -79.5646991,43.7455738,0
                -79.5622529,43.7442097,0
                -79.5625104,43.7430936,0
                -79.5614805,43.7425355,0
                -79.5606651,43.7427215,0
                -79.5594634,43.7425045,0
                -79.5586481,43.7429075,0
                -79.5577039,43.7421014,0
                -79.5585193,43.7416674,0
                -79.5579185,43.7409232,0
                -79.5570602,43.7409852,0
                -79.5570602,43.7424425,0
                -79.5563735,43.7431866,0
                -79.5542707,43.7431556,0
                -79.5507087,43.7441787,0
                -79.5496788,43.7435586,0
                -79.5504941,43.7423805,0
                -79.5493354,43.7417914,0
                -79.5477046,43.7418844,0
                -79.5462455,43.7410163,0
                -79.5460739,43.7401171,0
                -79.5483055,43.7389389,0
                -79.5484342,43.7382877,0
                -79.5501508,43.7377296,0
                -79.5502367,43.7359932,0
                -79.5489492,43.7357451,0
                -79.55058,43.7345668,0
                -79.5504941,43.7334815,0
                -79.5489492,43.7329544,0
                -79.5472326,43.731714,0
                -79.545516,43.7314349,0
                -79.5452156,43.7321481,0
                -79.5445289,43.7324582,0
                -79.5438423,43.731807,0
                -79.5450868,43.7308767,0
                -79.5435848,43.7298223,0
                -79.5406236,43.7294192,0
                -79.5392503,43.7310318,0
                -79.5395078,43.731869,0
                -79.5389499,43.7321481,0
                -79.5384778,43.731776,0
                -79.5377912,43.7319311,0
                -79.5382204,43.7337606,0
                -79.5264807,43.7362864,0
              </coordinates>
            </LinearRing>
          </outerBoundaryIs>
        </Polygon>
      </Placemark>
      <Placemark>
        <name>Entertainment District</name>
        <description><![CDATA[description: Local Kindred speak of old blood and older debts.<br>faction: Camarilla Held<br>kindredpop: 0]]></description>
        <styleUrl>#poly-C2185B-1200-76</styleUrl>
        <ExtendedData>
          <Data name="description">
            <value>Local Kindred speak of old blood and older debts.</value>
          </Data>
          <Data name="faction">
            <value>Camarilla Held</value>
          </Data>
          <Data name="kindredpop">
            <value>0.0</value>
          </Data>
        </ExtendedData>
        <Polygon>
          <outerBoundaryIs>
            <LinearRing>
              <tessellate>1</tessellate>
              <coordinates>
                -79.3955371,43.6467409,0
                -79.3939707,43.6426961,0
                -79.3912468,43.6434,0
                -79.390925,43.6425614,0
                -79.3908928,43.6419559,0
                -79.3897234,43.6391374,0
                -79.3852406,43.6400255,0
                -79.3826978,43.6407942,0
                -79.377856,43.6432938,0
                -79.379122,43.6459801,0
                -79.3825553,43.6452503,0
                -79.3835852,43.6456074,0
                -79.3850658,43.6482781,0
                -79.3859885,43.649722,0
                -79.3866374,43.6508427,0
                -79.3963214,43.6487751,0
                -79.3955371,43.6467409,0
              </coordinates>
            </LinearRing>
          </outerBoundaryIs>
        </Polygon>
      </Placemark>
      <Placemark>
        <name>Eringate</name>
        <description><![CDATA[description: A prestigious address with hidden power games beneath the surface.<br>faction: Uncontested<br>kindredpop: 1]]></description>
        <styleUrl>#poly-BDBDBD-1200-76</styleUrl>
        <ExtendedData>
          <Data name="description">
            <value>A prestigious address with hidden power games beneath the surface.</value>
          </Data>
          <Data name="faction">
            <value>Uncontested</value>
          </Data>
          <Data name="kindredpop">
            <value>1.0</value>
          </Data>
        </ExtendedData>
        <Polygon>
          <outerBoundaryIs>
            <LinearRing>
              <tessellate>1</tessellate>
              <coordinates>
                -79.5857615,43.6691177,0
                -79.5878018,43.6661556,0
                -79.5861281,43.6654416,0
                -79.5795191,43.6514701,0
                -79.5674422,43.6541845,0
                -79.5751265,43.6711667,0
                -79.577908,43.6705146,0
                -79.5808262,43.6703904,0
                -79.5857615,43.6691177,0
              </coordinates>
            </LinearRing>
          </outerBoundaryIs>
        </Polygon>
      </Placemark>
      <Placemark>
        <name>Fairbank</name>
        <description><![CDATA[description: Local Kindred speak of old blood and older debts.<br>faction: Nominally Camarilla<br>kindredpop: 0]]></description>
        <styleUrl>#poly-757575-1200-76</styleUrl>
        <ExtendedData>
          <Data name="description">
            <value>Local Kindred speak of old blood and older debts.</value>
          </Data>
          <Data name="faction">
            <value>Nominally Camarilla</value>
          </Data>
          <Data name="kindredpop">
            <value>0.0</value>
          </Data>
        </ExtendedData>
        <Polygon>
          <outerBoundaryIs>
            <LinearRing>
              <tessellate>1</tessellate>
              <coordinates>
                -79.4364855,43.6985988,0
                -79.4377729,43.7028959,0
                -79.4493601,43.7005069,0
                -79.4510338,43.7008948,0
                -79.4518063,43.7007086,0
                -79.4591448,43.6990952,0
                -79.4598958,43.6987695,0
                -79.4621059,43.6982575,0
                -79.4634578,43.6984437,0
                -79.4665691,43.6977999,0
                -79.4656035,43.6943635,0
                -79.4646379,43.6919897,0
                -79.4635007,43.690314,0
                -79.4628999,43.688871,0
                -79.4623205,43.6863729,0
                -79.4615266,43.6838436,0
                -79.4612476,43.6832229,0
                -79.460532,43.6833913,0
                -79.4595879,43.6834379,0
                -79.4579142,43.6830654,0
                -79.4568842,43.6830344,0
                -79.4496959,43.6846172,0
                -79.446091,43.6855637,0
                -79.4502398,43.6956356,0
                -79.4427511,43.6971716,0
                -79.4428155,43.6972957,0
                -79.4369575,43.6985057,0
                -79.4364855,43.6985988,0
              </coordinates>
            </LinearRing>
          </outerBoundaryIs>
        </Polygon>
      </Placemark>
      <Placemark>
        <name>Fashion District</name>
        <description><![CDATA[description: A hotspot of nightlife and secrets where the lines between predator and prey blur.<br>faction: Camarilla Held<br>kindredpop: 5]]></description>
        <styleUrl>#poly-C2185B-1200-76</styleUrl>
        <ExtendedData>
          <Data name="description">
            <value>A hotspot of nightlife and secrets where the lines between predator and prey blur.</value>
          </Data>
          <Data name="faction">
            <value>Camarilla Held</value>
          </Data>
          <Data name="kindredpop">
            <value>5.0</value>
          </Data>
        </ExtendedData>
        <Polygon>
          <outerBoundaryIs>
            <LinearRing>
              <tessellate>1</tessellate>
              <coordinates>
                -79.3969995,43.6419751,0
                -79.3939707,43.6426961,0
                -79.3963214,43.6487751,0
                -79.4039603,43.6471759,0
                -79.4013963,43.6407369,0
                -79.3969995,43.6419751,0
              </coordinates>
            </LinearRing>
          </outerBoundaryIs>
        </Polygon>
      </Placemark>
      <Placemark>
        <name>Financial District</name>
        <description><![CDATA[description: Rebuilt again and again, the past here refuses to die.<br>faction: Camarilla Held<br>kindredpop: 4]]></description>
        <styleUrl>#poly-C2185B-1200-76</styleUrl>
        <ExtendedData>
          <Data name="description">
            <value>Rebuilt again and again, the past here refuses to die.</value>
          </Data>
          <Data name="faction">
            <value>Camarilla Held</value>
          </Data>
          <Data name="kindredpop">
            <value>4.0</value>
          </Data>
        </ExtendedData>
        <Polygon>
          <outerBoundaryIs>
            <LinearRing>
              <tessellate>1</tessellate>
              <coordinates>
                -79.3830816,43.6516475,0
                -79.3866374,43.6508427,0
                -79.3835852,43.6456074,0
                -79.3825553,43.6452503,0
                -79.379122,43.6459801,0
                -79.378082,43.6461823,0
                -79.3769448,43.6468034,0
                -79.3779411,43.6491822,0
                -79.3791384,43.6524033,0
                -79.3830816,43.6516475,0
              </coordinates>
            </LinearRing>
          </outerBoundaryIs>
        </Polygon>
      </Placemark>
      <Placemark>
        <name>Flemingdon Park</name>
        <description><![CDATA[description: Rebuilt again and again, the past here refuses to die.<br>faction: Nominally Camarilla<br>kindredpop: 0]]></description>
        <styleUrl>#poly-757575-1200-76</styleUrl>
        <ExtendedData>
          <Data name="description">
            <value>Rebuilt again and again, the past here refuses to die.</value>
          </Data>
          <Data name="faction">
            <value>Nominally Camarilla</value>
          </Data>
          <Data name="kindredpop">
            <value>0.0</value>
          </Data>
        </ExtendedData>
        <Polygon>
          <outerBoundaryIs>
            <LinearRing>
              <tessellate>1</tessellate>
              <coordinates>
                -79.3233694,43.7222076,0
                -79.3232192,43.7234637,0
                -79.3222751,43.7252005,0
                -79.3302699,43.7230898,0
                -79.3502041,43.7170262,0
                -79.3528523,43.7161749,0
                -79.3522944,43.7157406,0
                -79.3503846,43.7157872,0
                -79.3488826,43.7163765,0
                -79.3464579,43.7159112,0
                -79.3461789,43.7152133,0
                -79.3455352,43.7150582,0
                -79.3452777,43.7152754,0
                -79.3448056,43.7151513,0
                -79.3448056,43.7148101,0
                -79.3437328,43.7142673,0
                -79.3415226,43.7128404,0
                -79.3407501,43.7127008,0
                -79.3398918,43.713073,0
                -79.3394412,43.7126698,0
                -79.340321,43.7117081,0
                -79.3399348,43.7109792,0
                -79.3394198,43.7107465,0
                -79.33957,43.7103277,0
                -79.3389048,43.7099865,0
                -79.3381108,43.7093816,0
                -79.3377675,43.7083423,0
                -79.338025,43.7075513,0
                -79.337038,43.707148,0
                -79.3340339,43.7064189,0
                -79.3315877,43.7063259,0
                -79.3302359,43.7062018,0
                -79.3298282,43.7067447,0
                -79.3281116,43.7080321,0
                -79.3264379,43.7081252,0
                -79.3255581,43.7082183,0
                -79.3249144,43.7095212,0
                -79.3226828,43.7103122,0
                -79.3220391,43.7102502,0
                -79.3193354,43.7107465,0
                -79.3184771,43.7112428,0
                -79.3186917,43.7117237,0
                -79.3193354,43.7125922,0
                -79.3198289,43.7127008,0
                -79.3200006,43.7123906,0
                -79.3215241,43.712251,0
                -79.3216314,43.7125302,0
                -79.3201722,43.7139105,0
                -79.3204941,43.7140501,0
                -79.3209447,43.714624,0
                -79.3199147,43.7149031,0
                -79.3202795,43.7159733,0
                -79.3222107,43.716268,0
                -79.3236055,43.7170589,0
                -79.3239488,43.7182376,0
                -79.3233265,43.7189975,0
                -79.3225326,43.7192611,0
                -79.322597,43.7198039,0
                -79.3243779,43.7206879,0
                -79.3257298,43.7202846,0
                -79.3266739,43.7206103,0
                -79.3268241,43.7214012,0
                -79.3257727,43.7214943,0
                -79.3233694,43.7222076,0
              </coordinates>
            </LinearRing>
          </outerBoundaryIs>
        </Polygon>
      </Placemark>
      <Placemark>
        <name>Forest Hill</name>
        <description><![CDATA[description: An overlooked corner ideal for secret rites or quiet feeding.<br>faction: Nominally Camarilla<br>kindredpop: 0]]></description>
        <styleUrl>#poly-757575-1200-76</styleUrl>
        <ExtendedData>
          <Data name="description">
            <value>An overlooked corner ideal for secret rites or quiet feeding.</value>
          </Data>
          <Data name="faction">
            <value>Nominally Camarilla</value>
          </Data>
          <Data name="kindredpop">
            <value>0.0</value>
          </Data>
        </ExtendedData>
        <Polygon>
          <outerBoundaryIs>
            <LinearRing>
              <tessellate>1</tessellate>
              <coordinates>
                -79.4159311,43.7029839,0
                -79.4170637,43.7071785,0
                -79.4261188,43.7052551,0
                -79.4269127,43.7053792,0
                -79.4308609,43.704557,0
                -79.4377729,43.7028959,0
                -79.4364855,43.6985988,0
                -79.4255394,43.7010357,0
                -79.4183414,43.6831192,0
                -79.4111316,43.6846554,0
                -79.4014912,43.686637,0
                -79.4030791,43.6907333,0
                -79.4017594,43.6910203,0
                -79.401206,43.6913722,0
                -79.4011694,43.6919357,0
                -79.4012489,43.6921014,0
                -79.4022681,43.6946769,0
                -79.4024246,43.6955197,0
                -79.4027775,43.6966079,0
                -79.4055241,43.6973991,0
                -79.4058199,43.6980672,0
                -79.4085235,43.7046137,0
                -79.4159311,43.7029839,0
              </coordinates>
            </LinearRing>
          </outerBoundaryIs>
        </Polygon>
      </Placemark>
      <Placemark>
        <name>Fort York</name>
        <description><![CDATA[description: An overlooked corner ideal for secret rites or quiet feeding.<br>faction: Camarilla Held<br>kindredpop: 0]]></description>
        <styleUrl>#poly-C2185B-1200-76</styleUrl>
        <ExtendedData>
          <Data name="description">
            <value>An overlooked corner ideal for secret rites or quiet feeding.</value>
          </Data>
          <Data name="faction">
            <value>Camarilla Held</value>
          </Data>
          <Data name="kindredpop">
            <value>0.0</value>
          </Data>
        </ExtendedData>
        <Polygon>
          <outerBoundaryIs>
            <LinearRing>
              <tessellate>1</tessellate>
              <coordinates>
                -79.4088062,43.6343616,0
                -79.4082053,43.6349517,0
                -79.4073256,43.63534,0
                -79.4021328,43.6358991,0
                -79.399669,43.636513,0
                -79.4013963,43.6407369,0
                -79.4038177,43.6401715,0
                -79.4040446,43.6400551,0
                -79.4104942,43.6383546,0
                -79.4101162,43.6374858,0
                -79.409128,43.6349362,0
                -79.4088062,43.6343616,0
              </coordinates>
            </LinearRing>
          </outerBoundaryIs>
        </Polygon>
      </Placemark>
      <Placemark>
        <name>Garden District</name>
        <description><![CDATA[description: Wealthy, aloof, and ruthless beneath the smiles.<br>faction: Nominally Camarilla<br>kindredpop: 0]]></description>
        <styleUrl>#poly-757575-1200-76</styleUrl>
        <ExtendedData>
          <Data name="description">
            <value>Wealthy, aloof, and ruthless beneath the smiles.</value>
          </Data>
          <Data name="faction">
            <value>Nominally Camarilla</value>
          </Data>
          <Data name="kindredpop">
            <value>0.0</value>
          </Data>
        </ExtendedData>
        <Polygon>
          <outerBoundaryIs>
            <LinearRing>
              <tessellate>1</tessellate>
              <coordinates>
                -79.382121,43.6590944,0
                -79.3791384,43.6524033,0
                -79.373228,43.653669,0
                -79.3738932,43.655369,0
                -79.3701506,43.6561413,0
                -79.3730873,43.6632391,0
                -79.376686,43.6624376,0
                -79.3816857,43.6613587,0
                -79.3831019,43.661351,0
                -79.382121,43.6590944,0
              </coordinates>
            </LinearRing>
          </outerBoundaryIs>
        </Polygon>
      </Placemark>
      <Placemark>
        <name>Glen Park</name>
        <description><![CDATA[description: Well-patrolled and heavily surveilled—perfect for Kindred hiding in plain sight.<br>faction: Nominally Camarilla<br>kindredpop: 7]]></description>
        <styleUrl>#poly-757575-1200-76</styleUrl>
        <ExtendedData>
          <Data name="description">
            <value>Well-patrolled and heavily surveilled—perfect for Kindred hiding in plain sight.</value>
          </Data>
          <Data name="faction">
            <value>Nominally Camarilla</value>
          </Data>
          <Data name="kindredpop">
            <value>7.0</value>
          </Data>
        </ExtendedData>
        <Polygon>
          <outerBoundaryIs>
            <LinearRing>
              <tessellate>1</tessellate>
              <coordinates>
                -79.4698292,43.7107579,0
                -79.4665691,43.6977999,0
                -79.4634578,43.6984437,0
                -79.4621059,43.6982575,0
                -79.4598958,43.6987695,0
                -79.4591448,43.6990952,0
                -79.4510338,43.7008948,0
                -79.4493601,43.7005069,0
                -79.4377729,43.7028959,0
                -79.4269127,43.7053792,0
                -79.4263679,43.7052995,0
                -79.4261188,43.7052551,0
                -79.4161136,43.707374,0
                -79.4164592,43.7076799,0
                -79.4173648,43.7099671,0
                -79.4211503,43.7091747,0
                -79.4214292,43.7100588,0
                -79.4220086,43.7099812,0
                -79.4227811,43.7117184,0
                -79.424326,43.7120751,0
                -79.4250127,43.7131763,0
                -79.4236823,43.7136416,0
                -79.4243517,43.7151015,0
                -79.4285831,43.7142404,0
                -79.4297463,43.7192881,0
                -79.4442946,43.7160313,0
                -79.4551092,43.7140771,0
                -79.4698292,43.7107579,0
              </coordinates>
            </LinearRing>
          </outerBoundaryIs>
        </Polygon>
      </Placemark>
      <Placemark>
        <name>Golden Mile</name>
        <description><![CDATA[description: Rebuilt again and again, the past here refuses to die.<br>faction: Camarilla Held<br>kindredpop: 0]]></description>
        <styleUrl>#poly-C2185B-1200-76</styleUrl>
        <ExtendedData>
          <Data name="description">
            <value>Rebuilt again and again, the past here refuses to die.</value>
          </Data>
          <Data name="faction">
            <value>Camarilla Held</value>
          </Data>
          <Data name="kindredpop">
            <value>0.0</value>
          </Data>
        </ExtendedData>
        <Polygon>
          <outerBoundaryIs>
            <LinearRing>
              <tessellate>1</tessellate>
              <coordinates>
                -79.2781105,43.7300301,0
                -79.2809858,43.7379684,0
                -79.2845574,43.7366132,0
                -79.3040195,43.7278374,0
                -79.3026806,43.7247983,0
                -79.2975093,43.7256512,0
                -79.2949129,43.7193086,0
                -79.2827893,43.7161759,0
                -79.2811586,43.7120504,0
                -79.2787971,43.7125375,0
                -79.2785592,43.714656,0
                -79.2782392,43.7155463,0
                -79.2755122,43.7217589,0
                -79.2749347,43.7228042,0
                -79.2781105,43.7300301,0
              </coordinates>
            </LinearRing>
          </outerBoundaryIs>
        </Polygon>
      </Placemark>
      <Placemark>
        <name><![CDATA[Governor's Bridge]]></name>
        <description><![CDATA[description: Industrial grit and decay make this a haven for outcasts and hunters alike.<br>faction: Nominally Camarilla<br>kindredpop: 0]]></description>
        <styleUrl>#poly-757575-1200-76</styleUrl>
        <ExtendedData>
          <Data name="description">
            <value>Industrial grit and decay make this a haven for outcasts and hunters alike.</value>
          </Data>
          <Data name="faction">
            <value>Nominally Camarilla</value>
          </Data>
          <Data name="kindredpop">
            <value>0.0</value>
          </Data>
        </ExtendedData>
        <Polygon>
          <outerBoundaryIs>
            <LinearRing>
              <tessellate>1</tessellate>
              <coordinates>
                -79.3710488,43.6903989,0
                -79.3698477,43.6898909,0
                -79.3691289,43.6899607,0
                -79.3684101,43.6897512,0
                -79.3675196,43.6886651,0
                -79.3636245,43.6891731,0
                -79.3622941,43.6903834,0
                -79.3617576,43.6914229,0
                -79.3620151,43.692478,0
                -79.3631309,43.6934399,0
                -79.3658775,43.6939674,0
                -79.3668646,43.6943398,0
                -79.3710488,43.6903989,0
              </coordinates>
            </LinearRing>
          </outerBoundaryIs>
        </Polygon>
      </Placemark>
      <Placemark>
        <name>Grange Park</name>
        <description><![CDATA[description: Rebuilt again and again, the past here refuses to die.<br>faction: Kensington Barony<br>kindredpop: 4]]></description>
        <styleUrl>#poly-FFEA00-1200-76</styleUrl>
        <ExtendedData>
          <Data name="description">
            <value>Rebuilt again and again, the past here refuses to die.</value>
          </Data>
          <Data name="faction">
            <value>Kensington Barony</value>
          </Data>
          <Data name="kindredpop">
            <value>4.0</value>
          </Data>
        </ExtendedData>
        <Polygon>
          <outerBoundaryIs>
            <LinearRing>
              <tessellate>1</tessellate>
              <coordinates>
                -79.4000056,43.657891,0
                -79.3980595,43.6529516,0
                -79.3963214,43.6487751,0
                -79.3866374,43.6508427,0
                -79.3904354,43.6598625,0
                -79.4000056,43.657891,0
              </coordinates>
            </LinearRing>
          </outerBoundaryIs>
        </Polygon>
      </Placemark>
      <Placemark>
        <name>Graydon Hall</name>
        <description><![CDATA[description: Industrial grit and decay make this a haven for outcasts and hunters alike.<br>faction: Uncontested<br>kindredpop: 0]]></description>
        <styleUrl>#poly-BDBDBD-1200-76</styleUrl>
        <ExtendedData>
          <Data name="description">
            <value>Industrial grit and decay make this a haven for outcasts and hunters alike.</value>
          </Data>
          <Data name="faction">
            <value>Uncontested</value>
          </Data>
          <Data name="kindredpop">
            <value>0.0</value>
          </Data>
        </ExtendedData>
        <Polygon>
          <outerBoundaryIs>
            <LinearRing>
              <tessellate>1</tessellate>
              <coordinates>
                -79.3473812,43.7618253,0
                -79.3470498,43.7558011,0
                -79.3357631,43.7582808,0
                -79.3387698,43.7675979,0
                -79.3468233,43.7670632,0
                -79.3473812,43.7618253,0
              </coordinates>
            </LinearRing>
          </outerBoundaryIs>
        </Polygon>
      </Placemark>
      <Placemark>
        <name>Guildwood</name>
        <description><![CDATA[description: Quiet streets conceal old grudges and hidden feeding grounds.<br>faction: Nominally Camarilla<br>kindredpop: 0]]></description>
        <styleUrl>#poly-757575-1200-76</styleUrl>
        <ExtendedData>
          <Data name="description">
            <value>Quiet streets conceal old grudges and hidden feeding grounds.</value>
          </Data>
          <Data name="faction">
            <value>Nominally Camarilla</value>
          </Data>
          <Data name="kindredpop">
            <value>0.0</value>
          </Data>
        </ExtendedData>
        <Polygon>
          <outerBoundaryIs>
            <LinearRing>
              <tessellate>1</tessellate>
              <coordinates>
                -79.1717333,43.7597977,0
                -79.1718301,43.7600898,0
                -79.1916999,43.7562308,0
                -79.2019996,43.7542314,0
                -79.2060015,43.7496822,0
                -79.2047891,43.7489072,0
                -79.2044565,43.7477524,0
                -79.2053792,43.7443499,0
                -79.2076322,43.7398658,0
                -79.2094079,43.7378039,0
                -79.2119613,43.734614,0
                -79.2149225,43.7317224,0
                -79.2174759,43.7289857,0
                -79.2179266,43.7279623,0
                -79.2162862,43.7275791,0
                -79.2149558,43.7275946,0
                -79.2141619,43.727238,0
                -79.2135182,43.7257339,0
                -79.1704244,43.7557527,0
                -79.1717333,43.7597977,0
              </coordinates>
            </LinearRing>
          </outerBoundaryIs>
        </Polygon>
      </Placemark>
      <Placemark>
        <name>Harbord Village</name>
        <description><![CDATA[description: Industrial grit and decay make this a haven for outcasts and hunters alike.<br>faction: Contested<br>kindredpop: 0]]></description>
        <styleUrl>#poly-F9A825-1200-76</styleUrl>
        <ExtendedData>
          <Data name="description">
            <value>Industrial grit and decay make this a haven for outcasts and hunters alike.</value>
          </Data>
          <Data name="faction">
            <value>Contested</value>
          </Data>
          <Data name="kindredpop">
            <value>0.0</value>
          </Data>
        </ExtendedData>
        <Polygon>
          <outerBoundaryIs>
            <LinearRing>
              <tessellate>1</tessellate>
              <coordinates>
                -79.4098331,43.6615489,0
                -79.4075959,43.6564766,0
                -79.4000056,43.657891,0
                -79.4005204,43.659003,0
                -79.4000055,43.6593135,0
                -79.3999625,43.6597792,0
                -79.4001557,43.6601362,0
                -79.4010569,43.6604001,0
                -79.4016148,43.6617972,0
                -79.4032026,43.6658641,0
                -79.4038035,43.666679,0
                -79.4112053,43.6651121,0
                -79.4098331,43.6615489,0
              </coordinates>
            </LinearRing>
          </outerBoundaryIs>
        </Polygon>
      </Placemark>
      <Placemark>
        <name>Harbourfront</name>
        <description><![CDATA[description: Rebuilt again and again, the past here refuses to die.<br>faction: Nominally Camarilla<br>kindredpop: 3]]></description>
        <styleUrl>#poly-757575-1200-76</styleUrl>
        <ExtendedData>
          <Data name="description">
            <value>Rebuilt again and again, the past here refuses to die.</value>
          </Data>
          <Data name="faction">
            <value>Nominally Camarilla</value>
          </Data>
          <Data name="kindredpop">
            <value>3.0</value>
          </Data>
        </ExtendedData>
        <Polygon>
          <outerBoundaryIs>
            <LinearRing>
              <tessellate>1</tessellate>
              <coordinates>
                -79.3954866,43.6347222,0
                -79.3953471,43.6350173,0
                -79.3951111,43.6351726,0
                -79.3950038,43.6353589,0
                -79.3909912,43.6363373,0
                -79.3879871,43.6369818,0
                -79.3792753,43.6377039,0
                -79.373632,43.6402118,0
                -79.3600922,43.645142,0
                -79.3600063,43.6452119,0
                -79.3609397,43.6464075,0
                -79.3607144,43.6472149,0
                -79.3608432,43.6474866,0
                -79.3612686,43.6479466,0
                -79.3614831,43.6483593,0
                -79.376203,43.6450365,0
                -79.3784799,43.6446566,0
                -79.377856,43.6432938,0
                -79.3798225,43.6422305,0
                -79.3826978,43.6407942,0
                -79.3852406,43.6400255,0
                -79.3897234,43.6391374,0
                -79.3950127,43.6381591,0
                -79.399669,43.636513,0
                -79.4021328,43.6358991,0
                -79.4033523,43.6357448,0
                -79.4028463,43.6351085,0
                -79.4036769,43.634705,0
                -79.403824,43.6344101,0
                -79.4031036,43.6335482,0
                -79.4030438,43.6312458,0
                -79.4023381,43.6310808,0
                -79.3967184,43.6340063,0
                -79.3954866,43.6347222,0
              </coordinates>
            </LinearRing>
          </outerBoundaryIs>
        </Polygon>
      </Placemark>
      <Placemark>
        <name>Harwood</name>
        <description><![CDATA[description: Quiet streets conceal old grudges and hidden feeding grounds.<br>faction: Nominally Camarilla<br>kindredpop: 0]]></description>
        <styleUrl>#poly-757575-1200-76</styleUrl>
        <ExtendedData>
          <Data name="description">
            <value>Quiet streets conceal old grudges and hidden feeding grounds.</value>
          </Data>
          <Data name="faction">
            <value>Nominally Camarilla</value>
          </Data>
          <Data name="kindredpop">
            <value>0.0</value>
          </Data>
        </ExtendedData>
        <Polygon>
          <outerBoundaryIs>
            <LinearRing>
              <tessellate>1</tessellate>
              <coordinates>
                -79.4699292,43.6772264,0
                -79.4723418,43.6794227,0
                -79.4757965,43.6817815,0
                -79.47971,43.6837295,0
                -79.482954,43.6790887,0
                -79.4835509,43.6771343,0
                -79.4817095,43.674138,0
                -79.4804864,43.6709253,0
                -79.4800358,43.6697613,0
                -79.4657662,43.6729636,0
                -79.4699292,43.6772264,0
              </coordinates>
            </LinearRing>
          </outerBoundaryIs>
        </Polygon>
      </Placemark>
      <Placemark>
        <name>Henry Farm</name>
        <description><![CDATA[description: Well-patrolled and heavily surveilled—perfect for Kindred hiding in plain sight.<br>faction: Nominally Camarilla<br>kindredpop: 0]]></description>
        <styleUrl>#poly-757575-1200-76</styleUrl>
        <ExtendedData>
          <Data name="description">
            <value>Well-patrolled and heavily surveilled—perfect for Kindred hiding in plain sight.</value>
          </Data>
          <Data name="faction">
            <value>Nominally Camarilla</value>
          </Data>
          <Data name="kindredpop">
            <value>0.0</value>
          </Data>
        </ExtendedData>
        <Polygon>
          <outerBoundaryIs>
            <LinearRing>
              <tessellate>1</tessellate>
              <coordinates>
                -79.3387698,43.7675979,0
                -79.3391345,43.7695813,0
                -79.3392848,43.7737803,0
                -79.3397191,43.7761164,0
                -79.3411568,43.7762558,0
                -79.3609622,43.771964,0
                -79.364095,43.7716231,0
                -79.3642494,43.7685947,0
                -79.3637344,43.7672931,0
                -79.3627045,43.7661464,0
                -79.3387698,43.7675979,0
              </coordinates>
            </LinearRing>
          </outerBoundaryIs>
        </Polygon>
      </Placemark>
      <Placemark>
        <name>High Park</name>
        <description><![CDATA[description: A hotspot of nightlife and secrets where the lines between predator and prey blur.<br>faction: Camarilla Held<br>kindredpop: 0]]></description>
        <styleUrl>#poly-C2185B-1200-76</styleUrl>
        <ExtendedData>
          <Data name="description">
            <value>A hotspot of nightlife and secrets where the lines between predator and prey blur.</value>
          </Data>
          <Data name="faction">
            <value>Camarilla Held</value>
          </Data>
          <Data name="kindredpop">
            <value>0.0</value>
          </Data>
        </ExtendedData>
        <Polygon>
          <outerBoundaryIs>
            <LinearRing>
              <tessellate>1</tessellate>
              <coordinates>
                -79.4613334,43.6392397,0
                -79.4541217,43.6397753,0
                -79.4600359,43.6546833,0
                -79.4639083,43.6637083,0
                -79.4649236,43.663839,0
                -79.4722467,43.6622015,0
                -79.4711631,43.6597488,0
                -79.471206,43.6587087,0
                -79.4710237,43.6585224,0
                -79.4710666,43.6580179,0
                -79.4714367,43.6575017,0
                -79.4716298,43.6564965,0
                -79.4700791,43.6525829,0
                -79.4694512,43.6512955,0
                -79.4695156,43.6506744,0
                -79.470052,43.6501,0
                -79.4707601,43.6500223,0
                -79.4711249,43.6473828,0
                -79.470846,43.647181,0
                -79.4691937,43.6429886,0
                -79.4676488,43.640442,0
                -79.4667475,43.6396034,0
                -79.4674986,43.6389512,0
                -79.4662687,43.6374073,0
                -79.4613334,43.6392397,0
              </coordinates>
            </LinearRing>
          </outerBoundaryIs>
        </Polygon>
      </Placemark>
      <Placemark>
        <name>Highland Creek</name>
        <description><![CDATA[description: Rebuilt again and again, the past here refuses to die.<br>faction: Nominally Camarilla<br>kindredpop: 0]]></description>
        <styleUrl>#poly-757575-1200-76</styleUrl>
        <ExtendedData>
          <Data name="description">
            <value>Rebuilt again and again, the past here refuses to die.</value>
          </Data>
          <Data name="faction">
            <value>Nominally Camarilla</value>
          </Data>
          <Data name="kindredpop">
            <value>0.0</value>
          </Data>
        </ExtendedData>
        <Polygon>
          <outerBoundaryIs>
            <LinearRing>
              <tessellate>1</tessellate>
              <coordinates>
                -79.1519234,43.7954261,0
                -79.1547558,43.7956585,0
                -79.1676089,43.7999331,0
                -79.1752693,43.7996079,0
                -79.1969415,43.7963709,0
                -79.1962764,43.7935675,0
                -79.1937229,43.7875265,0
                -79.1934225,43.7852338,0
                -79.1906974,43.7788512,0
                -79.1887233,43.7794244,0
                -79.1876289,43.7791145,0
                -79.186556,43.7794244,0
                -79.1860411,43.781175,0
                -79.1850755,43.7811131,0
                -79.1848823,43.7807103,0
                -79.1826507,43.780261,0
                -79.1813633,43.7813454,0
                -79.1799685,43.7808962,0
                -79.1785523,43.7806638,0
                -79.1760632,43.7807413,0
                -79.1753122,43.7801835,0
                -79.1689178,43.7844593,0
                -79.1581461,43.79143,0
                -79.1519234,43.7954261,0
              </coordinates>
            </LinearRing>
          </outerBoundaryIs>
        </Polygon>
      </Placemark>
      <Placemark>
        <name>Hillcrest Village</name>
        <description><![CDATA[description: An overlooked corner ideal for secret rites or quiet feeding.<br>faction: Nominally Camarilla<br>kindredpop: 0]]></description>
        <styleUrl>#poly-757575-1200-76</styleUrl>
        <ExtendedData>
          <Data name="description">
            <value>An overlooked corner ideal for secret rites or quiet feeding.</value>
          </Data>
          <Data name="faction">
            <value>Nominally Camarilla</value>
          </Data>
          <Data name="kindredpop">
            <value>0.0</value>
          </Data>
        </ExtendedData>
        <Polygon>
          <outerBoundaryIs>
            <LinearRing>
              <tessellate>1</tessellate>
              <coordinates>
                -79.372522,43.808499,0
                -79.3691591,43.794969,0
                -79.3559996,43.7974417,0
                -79.3446759,43.7998477,0
                -79.3430451,43.8000955,0
                -79.3408076,43.8006475,0
                -79.3388334,43.8011122,0
                -79.3372885,43.8014065,0
                -79.3353359,43.8018401,0
                -79.3412367,43.8156218,0
                -79.3484465,43.8140115,0
                -79.372522,43.808499,0
              </coordinates>
            </LinearRing>
          </outerBoundaryIs>
        </Polygon>
      </Placemark>
      <Placemark>
        <name>Hillside</name>
        <description><![CDATA[description: Rebuilt again and again, the past here refuses to die.<br>faction: Uncontested<br>kindredpop: 0]]></description>
        <styleUrl>#poly-BDBDBD-1200-76</styleUrl>
        <ExtendedData>
          <Data name="description">
            <value>Rebuilt again and again, the past here refuses to die.</value>
          </Data>
          <Data name="faction">
            <value>Uncontested</value>
          </Data>
          <Data name="kindredpop">
            <value>0.0</value>
          </Data>
        </ExtendedData>
        <Polygon>
          <outerBoundaryIs>
            <LinearRing>
              <tessellate>1</tessellate>
              <coordinates>
                -79.2094432,43.8462339,0
                -79.2086371,43.8450305,0
                -79.2011269,43.8284228,0
                -79.1996165,43.8275126,0
                -79.1992088,43.827203,0
                -79.1994981,43.8260308,0
                -79.1994869,43.8253153,0
                -79.1982638,43.8253656,0
                -79.1970836,43.8256172,0
                -79.1961394,43.824998,0
                -79.1928779,43.8243787,0
                -79.1803466,43.8271653,0
                -79.1595756,43.8316234,0
                -79.1700469,43.8552708,0
                -79.2094432,43.8462339,0
              </coordinates>
            </LinearRing>
          </outerBoundaryIs>
        </Polygon>
      </Placemark>
      <Placemark>
        <name>Hoggs Hollow</name>
        <description><![CDATA[description: Well-patrolled and heavily surveilled—perfect for Kindred hiding in plain sight.<br>faction: Nominally Camarilla<br>kindredpop: 0]]></description>
        <styleUrl>#poly-757575-1200-76</styleUrl>
        <ExtendedData>
          <Data name="description">
            <value>Well-patrolled and heavily surveilled—perfect for Kindred hiding in plain sight.</value>
          </Data>
          <Data name="faction">
            <value>Nominally Camarilla</value>
          </Data>
          <Data name="kindredpop">
            <value>0.0</value>
          </Data>
        </ExtendedData>
        <Polygon>
          <outerBoundaryIs>
            <LinearRing>
              <tessellate>1</tessellate>
              <coordinates>
                -79.4067548,43.7441136,0
                -79.4050395,43.7363944,0
                -79.4049095,43.7360987,0
                -79.4034932,43.7367033,0
                -79.4031499,43.7364088,0
                -79.4017552,43.7367343,0
                -79.4002531,43.7365173,0
                -79.3983005,43.7372149,0
                -79.3979357,43.7374165,0
                -79.3953822,43.7380366,0
                -79.388151,43.739649,0
                -79.3891166,43.7414318,0
                -79.3924425,43.742734,0
                -79.3954895,43.7430285,0
                -79.3964122,43.7454468,0
                -79.4024418,43.7441601,0
                -79.4051455,43.7443462,0
                -79.4067548,43.7441136,0
              </coordinates>
            </LinearRing>
          </outerBoundaryIs>
        </Polygon>
      </Placemark>
      <Placemark>
        <name>Humber Bay</name>
        <description><![CDATA[description: Popular with the living, and increasingly with the dead.<br>faction: Nominally Camarilla<br>kindredpop: 0]]></description>
        <styleUrl>#poly-757575-1200-76</styleUrl>
        <ExtendedData>
          <Data name="description">
            <value>Popular with the living, and increasingly with the dead.</value>
          </Data>
          <Data name="faction">
            <value>Nominally Camarilla</value>
          </Data>
          <Data name="kindredpop">
            <value>0.0</value>
          </Data>
        </ExtendedData>
        <Polygon>
          <outerBoundaryIs>
            <LinearRing>
              <tessellate>1</tessellate>
              <coordinates>
                -79.5026646,43.6340867,0
                -79.5018492,43.6334811,0
                -79.4991455,43.6337451,0
                -79.4986091,43.6326424,0
                -79.4991026,43.6317572,0
                -79.4978795,43.6308719,0
                -79.4961629,43.6315863,0
                -79.4934378,43.6303128,0
                -79.4928584,43.6285422,0
                -79.4903264,43.6263677,0
                -79.4888887,43.6260571,0
                -79.4879017,43.6252339,0
                -79.4865499,43.6247679,0
                -79.4870648,43.6241621,0
                -79.4852409,43.6228107,0
                -79.4817648,43.6219409,0
                -79.4775162,43.6201856,0
                -79.4744692,43.6185234,0
                -79.4679246,43.6230748,0
                -79.472817,43.6271909,0
                -79.4700489,43.631167,0
                -79.4754777,43.6340402,0
                -79.4779024,43.6380624,0
                -79.4806705,43.6380779,0
                -79.4842539,43.6382642,0
                -79.4871292,43.6376275,0
                -79.4933949,43.6361367,0
                -79.5003471,43.6346458,0
                -79.5026646,43.6340867,0
              </coordinates>
            </LinearRing>
          </outerBoundaryIs>
        </Polygon>
      </Placemark>
      <Placemark>
        <name>Humber Heights - Westmount</name>
        <description><![CDATA[description: Local Kindred speak of old blood and older debts.<br>faction: Nominally Camarilla<br>kindredpop: 0]]></description>
        <styleUrl>#poly-757575-1200-76</styleUrl>
        <ExtendedData>
          <Data name="description">
            <value>Local Kindred speak of old blood and older debts.</value>
          </Data>
          <Data name="faction">
            <value>Nominally Camarilla</value>
          </Data>
          <Data name="kindredpop">
            <value>0.0</value>
          </Data>
        </ExtendedData>
        <Polygon>
          <outerBoundaryIs>
            <LinearRing>
              <tessellate>1</tessellate>
              <coordinates>
                -79.5319609,43.7050385,0
                -79.5316391,43.7038363,0
                -79.5322828,43.7025953,0
                -79.5344071,43.7004235,0
                -79.5342354,43.699834,0
                -79.5310383,43.6923251,0
                -79.5266823,43.6823325,0
                -79.5223479,43.6832325,0
                -79.5197301,43.6833567,0
                -79.5143013,43.6835274,0
                -79.5103531,43.6840705,0
                -79.5113616,43.6872049,0
                -79.5124988,43.6880118,0
                -79.5126061,43.6893927,0
                -79.513164,43.6906029,0
                -79.5133142,43.6922786,0
                -79.5127134,43.6952264,0
                -79.5118551,43.6964831,0
                -79.5119838,43.6970571,0
                -79.5134644,43.6972743,0
                -79.5166187,43.6968088,0
                -79.5183568,43.6970105,0
                -79.519258,43.6972743,0
                -79.520524,43.6982982,0
                -79.5209102,43.6995393,0
                -79.5217042,43.7000822,0
                -79.5285921,43.7025798,0
                -79.5290641,43.7034019,0
                -79.5305233,43.7044723,0
                -79.5319609,43.7050385,0
              </coordinates>
            </LinearRing>
          </outerBoundaryIs>
        </Polygon>
      </Placemark>
      <Placemark>
        <name>Humber Summit</name>
        <description><![CDATA[description: Rapid change draws ambitious Kindred hoping to carve out influence.<br>faction: Nominally Camarilla<br>kindredpop: 0]]></description>
        <styleUrl>#poly-757575-1200-76</styleUrl>
        <ExtendedData>
          <Data name="description">
            <value>Rapid change draws ambitious Kindred hoping to carve out influence.</value>
          </Data>
          <Data name="faction">
            <value>Nominally Camarilla</value>
          </Data>
          <Data name="kindredpop">
            <value>0.0</value>
          </Data>
        </ExtendedData>
        <Polygon>
          <outerBoundaryIs>
            <LinearRing>
              <tessellate>1</tessellate>
              <coordinates>
                -79.5350572,43.7727331,0
                -79.5378467,43.7720824,0
                -79.5780583,43.7635288,0
                -79.5796891,43.762444,0
                -79.5786162,43.7621031,0
                -79.5781442,43.762568,0
                -79.5773288,43.762289,0
                -79.5793458,43.7608633,0
                -79.5808908,43.7603364,0
                -79.5805474,43.7591585,0
                -79.5823499,43.7585386,0
                -79.5840236,43.7587866,0
                -79.5837661,43.7574848,0
                -79.5852252,43.7571438,0
                -79.5852681,43.7561519,0
                -79.5841094,43.7552839,0
                -79.5841523,43.754106,0
                -79.5830365,43.753889,0
                -79.5830794,43.7526801,0
                -79.5802041,43.7516881,0
                -79.5780154,43.7504171,0
                -79.5747968,43.7499831,0
                -79.5732947,43.7504481,0
                -79.5725652,43.7497661,0
                -79.5733377,43.747255,0
                -79.5723506,43.746821,0
                -79.5685311,43.7462629,0
                -79.5306798,43.754509,0
                -79.5350572,43.7727331,0
              </coordinates>
            </LinearRing>
          </outerBoundaryIs>
        </Polygon>
      </Placemark>
      <Placemark>
        <name>Humber Valley Village</name>
        <description><![CDATA[description: Wealthy, aloof, and ruthless beneath the smiles.<br>faction: Nominally Camarilla<br>kindredpop: 0]]></description>
        <styleUrl>#poly-757575-1200-76</styleUrl>
        <ExtendedData>
          <Data name="description">
            <value>Wealthy, aloof, and ruthless beneath the smiles.</value>
          </Data>
          <Data name="faction">
            <value>Nominally Camarilla</value>
          </Data>
          <Data name="kindredpop">
            <value>0.0</value>
          </Data>
        </ExtendedData>
        <Polygon>
          <outerBoundaryIs>
            <LinearRing>
              <tessellate>1</tessellate>
              <coordinates>
                -79.5390167,43.6797806,0
                -79.5349397,43.670655,0
                -79.5320644,43.6642291,0
                -79.5285453,43.6563432,0
                -79.5264425,43.651282,0
                -79.5237817,43.6542939,0
                -79.5219793,43.6562811,0
                -79.5105209,43.6606899,0
                -79.5054998,43.662801,0
                -79.5064439,43.6631115,0
                -79.5101346,43.6619628,0
                -79.5122375,43.6625216,0
                -79.5131816,43.6666195,0
                -79.5112075,43.6681716,0
                -79.5124521,43.6734177,0
                -79.5115079,43.6748455,0
                -79.5087614,43.6763664,0
                -79.5071306,43.6793771,0
                -79.5054998,43.6804323,0
                -79.5060577,43.6823255,0
                -79.5091047,43.6825117,0
                -79.5103531,43.6840705,0
                -79.5143013,43.6835274,0
                -79.5189752,43.6834118,0
                -79.5223479,43.6832325,0
                -79.5266823,43.6823325,0
                -79.5390167,43.6797806,0
              </coordinates>
            </LinearRing>
          </outerBoundaryIs>
        </Polygon>
      </Placemark>
      <Placemark>
        <name>Humberlea</name>
        <description><![CDATA[description: Local Kindred speak of old blood and older debts.<br>faction: Nominally Camarilla<br>kindredpop: 1]]></description>
        <styleUrl>#poly-757575-1200-76</styleUrl>
        <ExtendedData>
          <Data name="description">
            <value>Local Kindred speak of old blood and older debts.</value>
          </Data>
          <Data name="faction">
            <value>Nominally Camarilla</value>
          </Data>
          <Data name="kindredpop">
            <value>1.0</value>
          </Data>
        </ExtendedData>
        <Polygon>
          <outerBoundaryIs>
            <LinearRing>
              <tessellate>1</tessellate>
              <coordinates>
                -79.5284237,43.7151044,0
                -79.5211495,43.7162521,0
                -79.5184985,43.7162831,0
                -79.5231763,43.7225484,0
                -79.5264807,43.7362864,0
                -79.5322122,43.735094,0
                -79.5382204,43.7337606,0
                -79.5377912,43.7319311,0
                -79.5384778,43.731776,0
                -79.5385946,43.7305032,0
                -79.5388521,43.72872,0
                -79.5382513,43.7270454,0
                -79.541191,43.7260065,0
                -79.5410837,43.7240061,0
                -79.5410837,43.7216335,0
                -79.5428861,43.7203308,0
                -79.5441521,43.717741,0
                -79.5424141,43.7165933,0
                -79.5410622,43.716857,0
                -79.5403971,43.7165468,0
                -79.5408047,43.71512,0
                -79.5379723,43.7146237,0
                -79.5385364,43.7127963,0
                -79.5378926,43.7124551,0
                -79.5284237,43.7151044,0
              </coordinates>
            </LinearRing>
          </outerBoundaryIs>
        </Polygon>
      </Placemark>
      <Placemark>
        <name>Humberwood</name>
        <description><![CDATA[description: Well-patrolled and heavily surveilled—perfect for Kindred hiding in plain sight.<br>faction: Uncontested<br>kindredpop: 0]]></description>
        <styleUrl>#poly-BDBDBD-1200-76</styleUrl>
        <ExtendedData>
          <Data name="description">
            <value>Well-patrolled and heavily surveilled—perfect for Kindred hiding in plain sight.</value>
          </Data>
          <Data name="faction">
            <value>Uncontested</value>
          </Data>
          <Data name="kindredpop">
            <value>0.0</value>
          </Data>
        </ExtendedData>
        <Polygon>
          <outerBoundaryIs>
            <LinearRing>
              <tessellate>1</tessellate>
              <coordinates>
                -79.6202684,43.7185285,0
                -79.6120716,43.7206066,0
                -79.6106554,43.7207617,0
                -79.5943047,43.7170397,0
                -79.5909573,43.7162642,0
                -79.5909873,43.717034,0
                -79.5939914,43.7234853,0
                -79.5957088,43.7233479,0
                -79.5984554,43.7251778,0
                -79.5981121,43.7266354,0
                -79.5989275,43.7277208,0
                -79.6002579,43.7278138,0
                -79.6019745,43.7262012,0
                -79.6040344,43.7263252,0
                -79.6056652,43.725674,0
                -79.606266,43.725643,0
                -79.6069956,43.7253948,0
                -79.6084762,43.7265423,0
                -79.610815,43.7273796,0
                -79.6106864,43.7277363,0
                -79.6102142,43.7279689,0
                -79.6111798,43.7300467,0
                -79.6145486,43.7296435,0
                -79.6154981,43.7318569,0
                -79.6162331,43.7317755,0
                -79.6168017,43.7318918,0
                -79.6171182,43.7312367,0
                -79.6198594,43.7323957,0
                -79.6214634,43.7329034,0
                -79.6231747,43.7347601,0
                -79.6230459,43.7350392,0
                -79.627404,43.7340218,0
                -79.6261908,43.7293214,0
                -79.6202684,43.7185285,0
              </coordinates>
            </LinearRing>
          </outerBoundaryIs>
        </Polygon>
      </Placemark>
      <Placemark>
        <name>Humewood</name>
        <description><![CDATA[description: An overlooked corner ideal for secret rites or quiet feeding.<br>faction: Nominally Camarilla<br>kindredpop: 0]]></description>
        <styleUrl>#poly-757575-1200-76</styleUrl>
        <ExtendedData>
          <Data name="description">
            <value>An overlooked corner ideal for secret rites or quiet feeding.</value>
          </Data>
          <Data name="faction">
            <value>Nominally Camarilla</value>
          </Data>
          <Data name="kindredpop">
            <value>0.0</value>
          </Data>
        </ExtendedData>
        <Polygon>
          <outerBoundaryIs>
            <LinearRing>
              <tessellate>1</tessellate>
              <coordinates>
                -79.4357475,43.679561,0
                -79.4199547,43.6827267,0
                -79.4209846,43.6834405,0
                -79.4224008,43.6869163,0
                -79.426392,43.6887783,0
                -79.4324001,43.6888093,0
                -79.4357904,43.6898334,0
                -79.4408115,43.6925641,0
                -79.4395604,43.6895771,0
                -79.4386956,43.6870866,0
                -79.4357475,43.679561,0
              </coordinates>
            </LinearRing>
          </outerBoundaryIs>
        </Polygon>
      </Placemark>
      <Placemark>
        <name>Ionview</name>
        <description><![CDATA[description: Local Kindred speak of old blood and older debts.<br>faction: Nominally Camarilla<br>kindredpop: 0]]></description>
        <styleUrl>#poly-757575-1200-76</styleUrl>
        <ExtendedData>
          <Data name="description">
            <value>Local Kindred speak of old blood and older debts.</value>
          </Data>
          <Data name="faction">
            <value>Nominally Camarilla</value>
          </Data>
          <Data name="kindredpop">
            <value>0.0</value>
          </Data>
        </ExtendedData>
        <Polygon>
          <outerBoundaryIs>
            <LinearRing>
              <tessellate>1</tessellate>
              <coordinates>
                -79.2812658,43.7386329,0
                -79.2809858,43.7379684,0
                -79.2781105,43.7300301,0
                -79.2749347,43.7228042,0
                -79.2743964,43.7235888,0
                -79.2701907,43.7284578,0
                -79.2675729,43.7308766,0
                -79.2681308,43.7324271,0
                -79.2631786,43.7334776,0
                -79.2685156,43.7461884,0
                -79.2729363,43.744173,0
                -79.2821845,43.7407316,0
                -79.2812015,43.7385244,0
                -79.2812658,43.7386329,0
              </coordinates>
            </LinearRing>
          </outerBoundaryIs>
        </Polygon>
      </Placemark>
      <Placemark>
        <name>Islington</name>
        <description><![CDATA[description: Local Kindred speak of old blood and older debts.<br>faction: Nominally Camarilla<br>kindredpop: 0]]></description>
        <styleUrl>#poly-757575-1200-76</styleUrl>
        <ExtendedData>
          <Data name="description">
            <value>Local Kindred speak of old blood and older debts.</value>
          </Data>
          <Data name="faction">
            <value>Nominally Camarilla</value>
          </Data>
          <Data name="kindredpop">
            <value>0.0</value>
          </Data>
        </ExtendedData>
        <Polygon>
          <outerBoundaryIs>
            <LinearRing>
              <tessellate>1</tessellate>
              <coordinates>
                -79.5236284,43.6446096,0
                -79.5169765,43.6461623,0
                -79.518264,43.647125,0
                -79.5224268,43.6483671,0
                -79.5258171,43.6508203,0
                -79.5264425,43.651282,0
                -79.5312673,43.6624015,0
                -79.5523789,43.6577397,0
                -79.552336,43.6571342,0
                -79.5528081,43.6565443,0
                -79.5518639,43.6553334,0
                -79.5504048,43.6551937,0
                -79.5482805,43.6554731,0
                -79.5476797,43.6551937,0
                -79.5474222,43.6540759,0
                -79.547508,43.6534704,0
                -79.5458558,43.6531133,0
                -79.5455983,43.6529891,0
                -79.5443323,43.6500392,0
                -79.544461,43.6487816,0
                -79.5441392,43.6464215,0
                -79.5415857,43.6406762,0
                -79.5404484,43.6401793,0
                -79.5390966,43.638937,0
                -79.5380023,43.6384711,0
                -79.5360085,43.6369751,0
                -79.5342018,43.6385783,0
                -79.528022,43.6436406,0
                -79.5236284,43.6446096,0
              </coordinates>
            </LinearRing>
          </outerBoundaryIs>
        </Polygon>
      </Placemark>
      <Placemark>
        <name>Jane And Finch</name>
        <description><![CDATA[description: An overlooked corner ideal for secret rites or quiet feeding.<br>faction: Nominally Camarilla<br>kindredpop: 0]]></description>
        <styleUrl>#poly-757575-1200-76</styleUrl>
        <ExtendedData>
          <Data name="description">
            <value>An overlooked corner ideal for secret rites or quiet feeding.</value>
          </Data>
          <Data name="faction">
            <value>Nominally Camarilla</value>
          </Data>
          <Data name="kindredpop">
            <value>0.0</value>
          </Data>
        </ExtendedData>
        <Polygon>
          <outerBoundaryIs>
            <LinearRing>
              <tessellate>1</tessellate>
              <coordinates>
                -79.4919031,43.7666929,0
                -79.4988554,43.7651897,0
                -79.5070951,43.7634851,0
                -79.5063656,43.7647868,0
                -79.5089405,43.7672352,0
                -79.5097559,43.7690947,0
                -79.5108717,43.7694356,0
                -79.5122879,43.7705822,0
                -79.5136612,43.7721007,0
                -79.5163219,43.7748587,0
                -79.5168798,43.776346,0
                -79.5350572,43.7727331,0
                -79.5336168,43.7671422,0
                -79.5306798,43.754509,0
                -79.5264807,43.7362864,0
                -79.512662,43.7395731,0
                -79.51116,43.739449,0
                -79.4992631,43.7420338,0
                -79.4875136,43.7446268,0
                -79.486367,43.7447776,0
                -79.4905727,43.7617805,0
                -79.4919031,43.7666929,0
              </coordinates>
            </LinearRing>
          </outerBoundaryIs>
        </Polygon>
      </Placemark>
      <Placemark>
        <name>Junction</name>
        <description><![CDATA[description: A hotspot of nightlife and secrets where the lines between predator and prey blur.<br>faction: Nominally Camarilla<br>kindredpop: 0]]></description>
        <styleUrl>#poly-757575-1200-76</styleUrl>
        <ExtendedData>
          <Data name="description">
            <value>A hotspot of nightlife and secrets where the lines between predator and prey blur.</value>
          </Data>
          <Data name="faction">
            <value>Nominally Camarilla</value>
          </Data>
          <Data name="kindredpop">
            <value>0.0</value>
          </Data>
        </ExtendedData>
        <Polygon>
          <outerBoundaryIs>
            <LinearRing>
              <tessellate>1</tessellate>
              <coordinates>
                -79.4835725,43.6689818,0
                -79.4809332,43.6627109,0
                -79.4799676,43.6600875,0
                -79.4748002,43.661208,0
                -79.4737488,43.6618755,0
                -79.4722467,43.6622015,0
                -79.4649236,43.663839,0
                -79.462735,43.6634044,0
                -79.459409,43.6641339,0
                -79.4585293,43.6644754,0
                -79.457759,43.6643097,0
                -79.457244,43.6644339,0
                -79.4600156,43.6672364,0
                -79.4657662,43.6729636,0
                -79.4714489,43.6716824,0
                -79.4835725,43.6689818,0
              </coordinates>
            </LinearRing>
          </outerBoundaryIs>
        </Polygon>
      </Placemark>
      <Placemark>
        <name>Junction Triangle</name>
        <description><![CDATA[description: An overlooked corner ideal for secret rites or quiet feeding.<br>faction: Nominally Camarilla<br>kindredpop: 0]]></description>
        <styleUrl>#poly-757575-1200-76</styleUrl>
        <ExtendedData>
          <Data name="description">
            <value>An overlooked corner ideal for secret rites or quiet feeding.</value>
          </Data>
          <Data name="faction">
            <value>Nominally Camarilla</value>
          </Data>
          <Data name="kindredpop">
            <value>0.0</value>
          </Data>
        </ExtendedData>
        <Polygon>
          <outerBoundaryIs>
            <LinearRing>
              <tessellate>1</tessellate>
              <coordinates>
                -79.4486864,43.6662911,0
                -79.4490297,43.6672767,0
                -79.4501884,43.6671526,0
                -79.4519909,43.6671215,0
                -79.4600156,43.6672364,0
                -79.457244,43.6644339,0
                -79.4499953,43.6568065,0
                -79.4440944,43.6507361,0
                -79.4408543,43.6481588,0
                -79.4393186,43.6474067,0
                -79.4406383,43.6485635,0
                -79.4417004,43.6497512,0
                -79.442292,43.6507827,0
                -79.4427855,43.6517764,0
                -79.4452195,43.6578088,0
                -79.4486864,43.6662911,0
              </coordinates>
            </LinearRing>
          </outerBoundaryIs>
        </Polygon>
      </Placemark>
      <Placemark>
        <name>Keelesdale</name>
        <description><![CDATA[description: A prestigious address with hidden power games beneath the surface.<br>faction: Nominally Camarilla<br>kindredpop: 2]]></description>
        <styleUrl>#poly-757575-1200-76</styleUrl>
        <ExtendedData>
          <Data name="description">
            <value>A prestigious address with hidden power games beneath the surface.</value>
          </Data>
          <Data name="faction">
            <value>Nominally Camarilla</value>
          </Data>
          <Data name="kindredpop">
            <value>2.0</value>
          </Data>
        </ExtendedData>
        <Polygon>
          <outerBoundaryIs>
            <LinearRing>
              <tessellate>1</tessellate>
              <coordinates>
                -79.4752589,43.6960591,0
                -79.4753259,43.6963808,0
                -79.4776219,43.696148,0
                -79.47833,43.6962101,0
                -79.4818061,43.6949069,0
                -79.4826859,43.6951862,0
                -79.4840163,43.6954964,0
                -79.484381,43.6944104,0
                -79.4851106,43.693914,0
                -79.484424,43.6920211,0
                -79.4812482,43.6846044,0
                -79.47971,43.6837295,0
                -79.4757965,43.6817815,0
                -79.4715693,43.6820608,0
                -79.4753887,43.6909363,0
                -79.4741657,43.6918673,0
                -79.4751312,43.695808,0
                -79.4752589,43.6960591,0
              </coordinates>
            </LinearRing>
          </outerBoundaryIs>
        </Polygon>
      </Placemark>
      <Placemark>
        <name>Kensington</name>
        <description><![CDATA[description: A prestigious address with hidden power games beneath the surface.<br>faction: Kensington Barony<br>kindredpop: 3]]></description>
        <styleUrl>#poly-FFEA00-1200-76</styleUrl>
        <ExtendedData>
          <Data name="description">
            <value>A prestigious address with hidden power games beneath the surface.</value>
          </Data>
          <Data name="faction">
            <value>Kensington Barony</value>
          </Data>
          <Data name="kindredpop">
            <value>3.0</value>
          </Data>
        </ExtendedData>
        <Polygon>
          <outerBoundaryIs>
            <LinearRing>
              <tessellate>1</tessellate>
              <coordinates>
                -79.4075959,43.6564766,0
                -79.4060417,43.6523306,0
                -79.4055482,43.6524392,0
                -79.4038316,43.651694,0
                -79.3980595,43.6529516,0
                -79.4000056,43.657891,0
                -79.4075959,43.6564766,0
              </coordinates>
            </LinearRing>
          </outerBoundaryIs>
        </Polygon>
      </Placemark>
      <Placemark>
        <name>Kingsview Village</name>
        <description><![CDATA[description: Once overlooked, now quietly influential in Kindred politics.<br>faction: Nominally Camarilla<br>kindredpop: 4]]></description>
        <styleUrl>#poly-757575-1200-76</styleUrl>
        <ExtendedData>
          <Data name="description">
            <value>Once overlooked, now quietly influential in Kindred politics.</value>
          </Data>
          <Data name="faction">
            <value>Nominally Camarilla</value>
          </Data>
          <Data name="kindredpop">
            <value>4.0</value>
          </Data>
        </ExtendedData>
        <Polygon>
          <outerBoundaryIs>
            <LinearRing>
              <tessellate>1</tessellate>
              <coordinates>
                -79.569135,43.6919785,0
                -79.5342354,43.699834,0
                -79.5344071,43.7004235,0
                -79.5323995,43.7024038,0
                -79.5316391,43.7038363,0
                -79.5319609,43.7050385,0
                -79.5339015,43.7048237,0
                -79.5359614,43.7048547,0
                -79.5353606,43.7070574,0
                -79.5359614,43.7083603,0
                -79.537206,43.7082673,0
                -79.5390943,43.709322,0
                -79.5398667,43.710687,0
                -79.5393088,43.7113694,0
                -79.5378926,43.7124551,0
                -79.5385364,43.7127963,0
                -79.5463469,43.7110282,0
                -79.5545009,43.7083603,0
                -79.5595649,43.7029312,0
                -79.569135,43.6919785,0
              </coordinates>
            </LinearRing>
          </outerBoundaryIs>
        </Polygon>
      </Placemark>
      <Placemark>
        <name>Kingsway</name>
        <description><![CDATA[description: A prestigious address with hidden power games beneath the surface.<br>faction: Nominally Camarilla<br>kindredpop: 0]]></description>
        <styleUrl>#poly-757575-1200-76</styleUrl>
        <ExtendedData>
          <Data name="description">
            <value>A prestigious address with hidden power games beneath the surface.</value>
          </Data>
          <Data name="faction">
            <value>Nominally Camarilla</value>
          </Data>
          <Data name="kindredpop">
            <value>0.0</value>
          </Data>
        </ExtendedData>
        <Polygon>
          <outerBoundaryIs>
            <LinearRing>
              <tessellate>1</tessellate>
              <coordinates>
                -79.4919424,43.648454,0
                -79.4908695,43.6497427,0
                -79.4911056,43.651404,0
                -79.492672,43.6522579,0
                -79.4956975,43.6521026,0
                -79.4979399,43.6519895,0
                -79.5004611,43.6521958,0
                -79.5019954,43.6525639,0
                -79.5027464,43.6529987,0
                -79.5030039,43.6538525,0
                -79.5026606,43.6550014,0
                -79.5017808,43.6558552,0
                -79.5002144,43.6569575,0
                -79.4993132,43.658246,0
                -79.499753,43.6591353,0
                -79.5019202,43.6603151,0
                -79.5054998,43.662801,0
                -79.5094948,43.6610913,0
                -79.5165543,43.6583591,0
                -79.5219793,43.6562811,0
                -79.5264425,43.651282,0
                -79.5224268,43.6483671,0
                -79.518264,43.647125,0
                -79.5169765,43.6461623,0
                -79.5066409,43.648423,0
                -79.4991522,43.6500687,0
                -79.4967918,43.6499445,0
                -79.4946032,43.6493701,0
                -79.4919424,43.648454,0
              </coordinates>
            </LinearRing>
          </outerBoundaryIs>
        </Polygon>
      </Placemark>
      <Placemark>
        <name>Lambton</name>
        <description><![CDATA[description: Rapid change draws ambitious Kindred hoping to carve out influence.<br>faction: Nominally Camarilla<br>kindredpop: 0]]></description>
        <styleUrl>#poly-757575-1200-76</styleUrl>
        <ExtendedData>
          <Data name="description">
            <value>Rapid change draws ambitious Kindred hoping to carve out influence.</value>
          </Data>
          <Data name="faction">
            <value>Nominally Camarilla</value>
          </Data>
          <Data name="kindredpop">
            <value>0.0</value>
          </Data>
        </ExtendedData>
        <Polygon>
          <outerBoundaryIs>
            <LinearRing>
              <tessellate>1</tessellate>
              <coordinates>
                -79.4948661,43.6594025,0
                -79.492613,43.6596431,0
                -79.4890725,43.6604115,0
                -79.4905338,43.6641505,0
                -79.4915208,43.6664789,0
                -79.4954261,43.675605,0
                -79.4984517,43.6757137,0
                -79.5029149,43.6737116,0
                -79.503623,43.6737271,0
                -79.5045242,43.6748756,0
                -79.5054898,43.6748756,0
                -79.5060691,43.675574,0
                -79.5082149,43.6750618,0
                -79.5095024,43.675574,0
                -79.5121417,43.6739444,0
                -79.5121202,43.6735719,0
                -79.5118413,43.6732305,0
                -79.512206,43.6726097,0
                -79.5121417,43.6721441,0
                -79.5115838,43.6710111,0
                -79.5113263,43.6695055,0
                -79.5110044,43.6685588,0
                -79.511219,43.6679069,0
                -79.512721,43.6667738,0
                -79.513,43.6662305,0
                -79.5129356,43.6655631,0
                -79.5126352,43.6643368,0
                -79.5122919,43.6631881,0
                -79.5118198,43.6624896,0
                -79.5101346,43.6619628,0
                -79.5064439,43.6631115,0
                -79.5054998,43.662801,0
                -79.5042616,43.6620165,0
                -79.502165,43.6643832,0
                -79.4986801,43.6656084,0
                -79.4979076,43.665003,0
                -79.4967436,43.6646825,0
                -79.4962703,43.6644549,0
                -79.4959686,43.6639789,0
                -79.49483,43.6628821,0
                -79.4945397,43.6619301,0
                -79.4942014,43.6612058,0
                -79.4942763,43.6605836,0
                -79.4954724,43.6596826,0
                -79.4948661,43.6594025,0
              </coordinates>
            </LinearRing>
          </outerBoundaryIs>
        </Polygon>
      </Placemark>
      <Placemark>
        <name><![CDATA[L'Amoreaux]]></name>
        <description><![CDATA[description: Local Kindred speak of old blood and older debts.<br>faction: Nominally Camarilla<br>kindredpop: 1]]></description>
        <styleUrl>#poly-757575-1200-76</styleUrl>
        <ExtendedData>
          <Data name="description">
            <value>Local Kindred speak of old blood and older debts.</value>
          </Data>
          <Data name="faction">
            <value>Nominally Camarilla</value>
          </Data>
          <Data name="kindredpop">
            <value>1.0</value>
          </Data>
        </ExtendedData>
        <Polygon>
          <outerBoundaryIs>
            <LinearRing>
              <tessellate>1</tessellate>
              <coordinates>
                -79.3314797,43.7931356,0
                -79.3253428,43.7803093,0
                -79.3195493,43.7818275,0
                -79.3172962,43.7835006,0
                -79.3159229,43.7842752,0
                -79.3108589,43.785499,0
                -79.3086917,43.7861187,0
                -79.3080909,43.7866763,0
                -79.307769,43.7882099,0
                -79.3072755,43.7890309,0
                -79.3065674,43.7894801,0
                -79.3022329,43.7904714,0
                -79.2984564,43.7913543,0
                -79.2978985,43.7917416,0
                -79.2962677,43.7940959,0
                -79.2957313,43.7945451,0
                -79.2945511,43.7948704,0
                -79.2935211,43.7951492,0
                -79.2953338,43.7995422,0
                -79.2963208,43.800998,0
                -79.2976512,43.8024847,0
                -79.3006553,43.8095152,0
                -79.3019325,43.8121222,0
                -79.3031771,43.8118435,0
                -79.3042285,43.8112086,0
                -79.3053014,43.8104654,0
                -79.3082625,43.8093195,0
                -79.3111379,43.8086382,0
                -79.3209869,43.8063463,0
                -79.3307931,43.8041318,0
                -79.3320806,43.8038531,0
                -79.334634,43.8043641,0
                -79.3363077,43.8040544,0
                -79.3353359,43.8018401,0
                -79.3314797,43.7931356,0
              </coordinates>
            </LinearRing>
          </outerBoundaryIs>
        </Polygon>
      </Placemark>
      <Placemark>
        <name>Lansing</name>
        <description><![CDATA[description: Local Kindred speak of old blood and older debts.<br>faction: Nominally Camarilla<br>kindredpop: 0]]></description>
        <styleUrl>#poly-757575-1200-76</styleUrl>
        <ExtendedData>
          <Data name="description">
            <value>Local Kindred speak of old blood and older debts.</value>
          </Data>
          <Data name="faction">
            <value>Nominally Camarilla</value>
          </Data>
          <Data name="kindredpop">
            <value>0.0</value>
          </Data>
        </ExtendedData>
        <Polygon>
          <outerBoundaryIs>
            <LinearRing>
              <tessellate>1</tessellate>
              <coordinates>
                -79.4084089,43.7537321,0
                -79.4096105,43.7563979,0
                -79.4109838,43.7616052,0
                -79.4127648,43.768935,0
                -79.4256608,43.7659752,0
                -79.4371192,43.7634028,0
                -79.4389217,43.7638677,0
                -79.4406383,43.7636508,0
                -79.4398664,43.7615526,0
                -79.4390933,43.7615122,0
                -79.4383638,43.7607373,0
                -79.4376771,43.7601484,0
                -79.4380205,43.7592496,0
                -79.4375055,43.7590016,0
                -79.4353597,43.7590016,0
                -79.4350164,43.7584437,0
                -79.4337289,43.7581647,0
                -79.4335143,43.7571728,0
                -79.4305103,43.7575758,0
                -79.4283645,43.755282,0
                -79.4283645,43.754228,0
                -79.4257328,43.7529015,0
                -79.423823,43.7517391,0
                -79.4228789,43.7506541,0
                -79.4225785,43.7498016,0
                -79.4215056,43.7494761,0
                -79.4201752,43.7492745,0
                -79.4193169,43.7497086,0
                -79.4178793,43.7496931,0
                -79.4161841,43.7504836,0
                -79.4160768,43.7510881,0
                -79.4156262,43.7517856,0
                -79.4151427,43.7519597,0
                -79.4142415,43.7515877,0
                -79.4125034,43.7516807,0
                -79.4117524,43.7518047,0
                -79.4111731,43.7515412,0
                -79.4102075,43.7521767,0
                -79.4084089,43.7537321,0
              </coordinates>
            </LinearRing>
          </outerBoundaryIs>
        </Polygon>
      </Placemark>
      <Placemark>
        <name>Lawrence Heights</name>
        <description><![CDATA[description: Rebuilt again and again, the past here refuses to die.<br>faction: Nominally Camarilla<br>kindredpop: 0]]></description>
        <styleUrl>#poly-757575-1200-76</styleUrl>
        <ExtendedData>
          <Data name="description">
            <value>Rebuilt again and again, the past here refuses to die.</value>
          </Data>
          <Data name="faction">
            <value>Nominally Camarilla</value>
          </Data>
          <Data name="kindredpop">
            <value>0.0</value>
          </Data>
        </ExtendedData>
        <Polygon>
          <outerBoundaryIs>
            <LinearRing>
              <tessellate>1</tessellate>
              <coordinates>
                -79.4547799,43.7141955,0
                -79.4442946,43.7160313,0
                -79.437485,43.7175765,0
                -79.4380858,43.7184139,0
                -79.4401457,43.7198717,0
                -79.441047,43.7201508,0
                -79.4408324,43.7209883,0
                -79.441519,43.72257,0
                -79.4430211,43.7228182,0
                -79.4449093,43.7229112,0
                -79.4456818,43.7239347,0
                -79.4471839,43.7236555,0
                -79.4475651,43.7250523,0
                -79.4567969,43.7232213,0
                -79.4547799,43.7141955,0
              </coordinates>
            </LinearRing>
          </outerBoundaryIs>
        </Polygon>
      </Placemark>
      <Placemark>
        <name>Lawrence Manor</name>
        <description><![CDATA[description: Wealthy, aloof, and ruthless beneath the smiles.<br>faction: Nominally Camarilla<br>kindredpop: 0]]></description>
        <styleUrl>#poly-757575-1200-76</styleUrl>
        <ExtendedData>
          <Data name="description">
            <value>Wealthy, aloof, and ruthless beneath the smiles.</value>
          </Data>
          <Data name="faction">
            <value>Nominally Camarilla</value>
          </Data>
          <Data name="kindredpop">
            <value>0.0</value>
          </Data>
        </ExtendedData>
        <Polygon>
          <outerBoundaryIs>
            <LinearRing>
              <tessellate>1</tessellate>
              <coordinates>
                -79.4331505,43.7339203,0
                -79.4338107,43.7361695,0
                -79.4421362,43.7314251,0
                -79.448874,43.7300142,0
                -79.4471839,43.7236555,0
                -79.4456615,43.7239038,0
                -79.4449093,43.7229112,0
                -79.4430211,43.7228182,0
                -79.441519,43.72257,0
                -79.4408324,43.7209883,0
                -79.441047,43.7201508,0
                -79.4401457,43.7198717,0
                -79.4380858,43.7184139,0
                -79.437485,43.7175765,0
                -79.4297463,43.7192881,0
                -79.4303181,43.7218257,0
                -79.4331505,43.7339203,0
              </coordinates>
            </LinearRing>
          </outerBoundaryIs>
        </Polygon>
      </Placemark>
      <Placemark>
        <name>Lawrence Park</name>
        <description><![CDATA[description: Well-patrolled and heavily surveilled—perfect for Kindred hiding in plain sight.<br>faction: Nominally Camarilla<br>kindredpop: 0]]></description>
        <styleUrl>#poly-757575-1200-76</styleUrl>
        <ExtendedData>
          <Data name="description">
            <value>Well-patrolled and heavily surveilled—perfect for Kindred hiding in plain sight.</value>
          </Data>
          <Data name="faction">
            <value>Nominally Camarilla</value>
          </Data>
          <Data name="kindredpop">
            <value>0.0</value>
          </Data>
        </ExtendedData>
        <Polygon>
          <outerBoundaryIs>
            <LinearRing>
              <tessellate>1</tessellate>
              <coordinates>
                -79.401365,43.7209592,0
                -79.4002706,43.7208739,0
                -79.3981893,43.7200675,0
                -79.396773,43.7194937,0
                -79.394756,43.7199434,0
                -79.3941016,43.7179041,0
                -79.3898208,43.7187338,0
                -79.3895311,43.7182453,0
                -79.386924,43.7187415,0
                -79.3865163,43.7170976,0
                -79.3862802,43.7169658,0
                -79.3798429,43.7179196,0
                -79.3792314,43.7187725,0
                -79.3785555,43.7189199,0
                -79.3791992,43.7222773,0
                -79.3799288,43.72534,0
                -79.3812055,43.7264332,0
                -79.3819243,43.7275108,0
                -79.3865485,43.7283947,0
                -79.3938923,43.7268317,0
                -79.4022126,43.7251151,0
                -79.401365,43.7209592,0
              </coordinates>
            </LinearRing>
          </outerBoundaryIs>
        </Polygon>
      </Placemark>
      <Placemark>
        <name>Leaside</name>
        <description><![CDATA[description: A prestigious address with hidden power games beneath the surface.<br>faction: Nominally Camarilla<br>kindredpop: 1]]></description>
        <styleUrl>#poly-757575-1200-76</styleUrl>
        <ExtendedData>
          <Data name="description">
            <value>A prestigious address with hidden power games beneath the surface.</value>
          </Data>
          <Data name="faction">
            <value>Nominally Camarilla</value>
          </Data>
          <Data name="kindredpop">
            <value>1.0</value>
          </Data>
        </ExtendedData>
        <Polygon>
          <outerBoundaryIs>
            <LinearRing>
              <tessellate>1</tessellate>
              <coordinates>
                -79.3779976,43.7161534,0
                -79.3773432,43.7120434,0
                -79.3771859,43.711052,0
                -79.3756909,43.7071188,0
                -79.3739529,43.7024729,0
                -79.3718054,43.6967342,0
                -79.3713672,43.6960271,0
                -79.3700798,43.6961202,0
                -79.3692858,43.6959185,0
                -79.3668646,43.6943398,0
                -79.3591149,43.7021239,0
                -79.3516047,43.7091817,0
                -79.3500383,43.7111206,0
                -79.3492873,43.7130283,0
                -79.3485577,43.7155253,0
                -79.3484177,43.7162657,0
                -79.3488826,43.7163765,0
                -79.3503846,43.7157872,0
                -79.3522944,43.7157406,0
                -79.3528523,43.7161749,0
                -79.3531067,43.7164404,0
                -79.3527205,43.7173244,0
                -79.3532355,43.7187511,0
                -79.3532999,43.7198367,0
                -79.3523128,43.720395,0
                -79.3523128,43.7207362,0
                -79.3530853,43.7210463,0
                -79.3533857,43.7205501,0
                -79.3542225,43.7201934,0
                -79.3549736,43.7192784,0
                -79.3562825,43.7190923,0
                -79.3562396,43.7195886,0
                -79.3558319,43.7198987,0
                -79.3561323,43.7202709,0
                -79.3583639,43.7196816,0
                -79.3617542,43.7197747,0
                -79.3629129,43.7200073,0
                -79.3638999,43.7208602,0
                -79.3652732,43.7203795,0
                -79.3660028,43.7207982,0
                -79.3670757,43.7211394,0
                -79.3687923,43.7211549,0
                -79.3700798,43.7202089,0
                -79.3708093,43.7200848,0
                -79.3721611,43.720333,0
                -79.3737276,43.7202554,0
                -79.3743927,43.7198522,0
                -79.3751652,43.7198832,0
                -79.3763025,43.7201934,0
                -79.377826,43.7192474,0
                -79.3785555,43.7189199,0
                -79.3779976,43.7161534,0
              </coordinates>
            </LinearRing>
          </outerBoundaryIs>
        </Polygon>
      </Placemark>
      <Placemark>
        <name>Ledbury Park</name>
        <description><![CDATA[description: Rapid change draws ambitious Kindred hoping to carve out influence.<br>faction: Nominally Camarilla<br>kindredpop: 0]]></description>
        <styleUrl>#poly-757575-1200-76</styleUrl>
        <ExtendedData>
          <Data name="description">
            <value>Rapid change draws ambitious Kindred hoping to carve out influence.</value>
          </Data>
          <Data name="faction">
            <value>Nominally Camarilla</value>
          </Data>
          <Data name="kindredpop">
            <value>0.0</value>
          </Data>
        </ExtendedData>
        <Polygon>
          <outerBoundaryIs>
            <LinearRing>
              <tessellate>1</tessellate>
              <coordinates>
                -79.4243834,43.7204306,0
                -79.415586,43.7222726,0
                -79.419148,43.7309717,0
                -79.4196147,43.7332463,0
                -79.4202636,43.7369442,0
                -79.4216368,43.7399364,0
                -79.4304206,43.7378378,0
                -79.4341113,43.7372176,0
                -79.4338107,43.7361695,0
                -79.432473,43.7312541,0
                -79.4297463,43.7192881,0
                -79.4243834,43.7204306,0
              </coordinates>
            </LinearRing>
          </outerBoundaryIs>
        </Polygon>
      </Placemark>
      <Placemark>
        <name>Leslieville</name>
        <description><![CDATA[description: Industrial grit and decay make this a haven for outcasts and hunters alike.<br>faction: Nominally Camarilla<br>kindredpop: 0]]></description>
        <styleUrl>#poly-757575-1200-76</styleUrl>
        <ExtendedData>
          <Data name="description">
            <value>Industrial grit and decay make this a haven for outcasts and hunters alike.</value>
          </Data>
          <Data name="faction">
            <value>Nominally Camarilla</value>
          </Data>
          <Data name="kindredpop">
            <value>0.0</value>
          </Data>
        </ExtendedData>
        <Polygon>
          <outerBoundaryIs>
            <LinearRing>
              <tessellate>1</tessellate>
              <coordinates>
                -79.3492892,43.6537701,0
                -79.347079,43.6510841,0
                -79.3285396,43.6590484,0
                -79.3149088,43.6622065,0
                -79.3162391,43.6654817,0
                -79.3214586,43.6782017,0
                -79.3296769,43.6749426,0
                -79.3337538,43.6733441,0
                -79.3376591,43.6715127,0
                -79.3401911,43.6697743,0
                -79.3422511,43.6678808,0
                -79.3444827,43.6647298,0
                -79.3452766,43.6628516,0
                -79.3463066,43.6569992,0
                -79.3473365,43.6553381,0
                -79.3483665,43.6543445,0
                -79.3492892,43.6537701,0
              </coordinates>
            </LinearRing>
          </outerBoundaryIs>
        </Polygon>
      </Placemark>
      <Placemark>
        <name>Liberty Village</name>
        <description><![CDATA[description: Local Kindred speak of old blood and older debts.<br>faction: Nominally Camarilla<br>kindredpop: 4]]></description>
        <styleUrl>#poly-757575-1200-76</styleUrl>
        <ExtendedData>
          <Data name="description">
            <value>Local Kindred speak of old blood and older debts.</value>
          </Data>
          <Data name="faction">
            <value>Nominally Camarilla</value>
          </Data>
          <Data name="kindredpop">
            <value>4.0</value>
          </Data>
        </ExtendedData>
        <Polygon>
          <outerBoundaryIs>
            <LinearRing>
              <tessellate>1</tessellate>
              <coordinates>
                -79.4273682,43.6389766,0
                -79.4253511,43.6338052,0
                -79.4124336,43.6374081,0
                -79.4101162,43.6374858,0
                -79.4104942,43.6383546,0
                -79.4040446,43.6400551,0
                -79.4038177,43.6401715,0
                -79.4113178,43.640281,0
                -79.4197078,43.6405605,0
                -79.4273682,43.6389766,0
              </coordinates>
            </LinearRing>
          </outerBoundaryIs>
        </Polygon>
      </Placemark>
      <Placemark>
        <name>Little Italy</name>
        <description><![CDATA[description: Rebuilt again and again, the past here refuses to die.<br>faction: Kensington Barony<br>kindredpop: 1]]></description>
        <styleUrl>#poly-FFEA00-1200-76</styleUrl>
        <ExtendedData>
          <Data name="description">
            <value>Rebuilt again and again, the past here refuses to die.</value>
          </Data>
          <Data name="faction">
            <value>Kensington Barony</value>
          </Data>
          <Data name="kindredpop">
            <value>1.0</value>
          </Data>
        </ExtendedData>
        <Polygon>
          <outerBoundaryIs>
            <LinearRing>
              <tessellate>1</tessellate>
              <coordinates>
                -79.4140201,43.650671,0
                -79.4060417,43.6523306,0
                -79.4075959,43.6564766,0
                -79.4153504,43.654956,0
                -79.4181614,43.6552665,0
                -79.4226563,43.6543638,0
                -79.4207943,43.6493544,0
                -79.4140201,43.650671,0
              </coordinates>
            </LinearRing>
          </outerBoundaryIs>
        </Polygon>
      </Placemark>
      <Placemark>
        <name>Little Portugal</name>
        <description><![CDATA[description: Once overlooked, now quietly influential in Kindred politics.<br>faction: Nominally Camarilla<br>kindredpop: 0]]></description>
        <styleUrl>#poly-757575-1200-76</styleUrl>
        <ExtendedData>
          <Data name="description">
            <value>Once overlooked, now quietly influential in Kindred politics.</value>
          </Data>
          <Data name="faction">
            <value>Nominally Camarilla</value>
          </Data>
          <Data name="kindredpop">
            <value>0.0</value>
          </Data>
        </ExtendedData>
        <Polygon>
          <outerBoundaryIs>
            <LinearRing>
              <tessellate>1</tessellate>
              <coordinates>
                -79.4314373,43.6496184,0
                -79.4286478,43.6422275,0
                -79.4188202,43.644184,0
                -79.4207943,43.6493544,0
                -79.4250858,43.6494631,0
                -79.4314373,43.6496184,0
              </coordinates>
            </LinearRing>
          </outerBoundaryIs>
        </Polygon>
      </Placemark>
      <Placemark>
        <name>Long Branch</name>
        <description><![CDATA[description: Local Kindred speak of old blood and older debts.<br>faction: Nominally Camarilla<br>kindredpop: 0]]></description>
        <styleUrl>#poly-757575-1200-76</styleUrl>
        <ExtendedData>
          <Data name="description">
            <value>Local Kindred speak of old blood and older debts.</value>
          </Data>
          <Data name="faction">
            <value>Nominally Camarilla</value>
          </Data>
          <Data name="kindredpop">
            <value>0.0</value>
          </Data>
        </ExtendedData>
        <Polygon>
          <outerBoundaryIs>
            <LinearRing>
              <tessellate>1</tessellate>
              <coordinates>
                -79.5446291,43.5850405,0
                -79.5449832,43.5820874,0
                -79.5443879,43.5811081,0
                -79.5435538,43.5803853,0
                -79.5367541,43.5876517,0
                -79.5272269,43.5878693,0
                -79.5188584,43.590387,0
                -79.5214548,43.5963081,0
                -79.5212187,43.596852,0
                -79.5237937,43.6027568,0
                -79.5262486,43.6015601,0
                -79.5375793,43.5959352,0
                -79.5485646,43.5901848,0
                -79.5465001,43.588825,0
                -79.5481931,43.5870571,0
                -79.5446291,43.5850405,0
              </coordinates>
            </LinearRing>
          </outerBoundaryIs>
        </Polygon>
      </Placemark>
      <Placemark>
        <name>Lytton Park</name>
        <description><![CDATA[description: Once overlooked, now quietly influential in Kindred politics.<br>faction: Nominally Camarilla<br>kindredpop: 0]]></description>
        <styleUrl>#poly-757575-1200-76</styleUrl>
        <ExtendedData>
          <Data name="description">
            <value>Once overlooked, now quietly influential in Kindred politics.</value>
          </Data>
          <Data name="faction">
            <value>Nominally Camarilla</value>
          </Data>
          <Data name="kindredpop">
            <value>0.0</value>
          </Data>
        </ExtendedData>
        <Polygon>
          <outerBoundaryIs>
            <LinearRing>
              <tessellate>1</tessellate>
              <coordinates>
                -79.4008943,43.7183719,0
                -79.401365,43.7209592,0
                -79.4022126,43.7251151,0
                -79.415586,43.7222726,0
                -79.4144126,43.7178446,0
                -79.413447,43.7169606,0
                -79.4147774,43.7166504,0
                -79.4158288,43.7173328,0
                -79.41673,43.7170071,0
                -79.4180604,43.7171622,0
                -79.4246694,43.715875,0
                -79.4236823,43.7136416,0
                -79.4250127,43.7131763,0
                -79.424326,43.7120751,0
                -79.4227811,43.7117184,0
                -79.4220086,43.7099812,0
                -79.4214292,43.7100588,0
                -79.4211503,43.7091747,0
                -79.4114943,43.7112221,0
                -79.4104644,43.7085697,0
                -79.399242,43.7109274,0
                -79.4008943,43.7183719,0
              </coordinates>
            </LinearRing>
          </outerBoundaryIs>
        </Polygon>
      </Placemark>
      <Placemark>
        <name>Malvern</name>
        <description><![CDATA[description: Well-patrolled and heavily surveilled—perfect for Kindred hiding in plain sight.<br>faction: Nominally Camarilla<br>kindredpop: 0]]></description>
        <styleUrl>#poly-757575-1200-76</styleUrl>
        <ExtendedData>
          <Data name="description">
            <value>Well-patrolled and heavily surveilled—perfect for Kindred hiding in plain sight.</value>
          </Data>
          <Data name="faction">
            <value>Nominally Camarilla</value>
          </Data>
          <Data name="kindredpop">
            <value>0.0</value>
          </Data>
        </ExtendedData>
        <Polygon>
          <outerBoundaryIs>
            <LinearRing>
              <tessellate>1</tessellate>
              <coordinates>
                -79.2412318,43.7985322,0
                -79.2396654,43.7952333,0
                -79.2387213,43.7939012,0
                -79.23782,43.7915469,0
                -79.2353309,43.7855057,0
                -79.227456,43.7881236,0
                -79.2182506,43.7930338,0
                -79.2120494,43.7941645,0
                -79.1969415,43.7963709,0
                -79.1999043,43.8020478,0
                -79.2001833,43.8035655,0
                -79.2008485,43.8051761,0
                -79.2024792,43.8083971,0
                -79.2044104,43.8121443,0
                -79.2058696,43.8130889,0
                -79.2144097,43.8183686,0
                -79.2175425,43.8199943,0
                -79.2182506,43.8191273,0
                -79.2196239,43.8182757,0
                -79.2211689,43.8179816,0
                -79.2223705,43.8171145,0
                -79.2252888,43.8168358,0
                -79.2371763,43.8142966,0
                -79.2342581,43.8080874,0
                -79.2327775,43.8076847,0
                -79.231254,43.8074525,0
                -79.2300309,43.8068021,0
                -79.2331637,43.8055477,0
                -79.232241,43.8030699,0
                -79.2339362,43.8026828,0
                -79.2354597,43.8015522,0
                -79.2387642,43.7990898,0
                -79.2412318,43.7985322,0
              </coordinates>
            </LinearRing>
          </outerBoundaryIs>
        </Polygon>
      </Placemark>
      <Placemark>
        <name>Maple Leaf</name>
        <description><![CDATA[description: Quiet streets conceal old grudges and hidden feeding grounds.<br>faction: Uncontested<br>kindredpop: 0]]></description>
        <styleUrl>#poly-BDBDBD-1200-76</styleUrl>
        <ExtendedData>
          <Data name="description">
            <value>Quiet streets conceal old grudges and hidden feeding grounds.</value>
          </Data>
          <Data name="faction">
            <value>Uncontested</value>
          </Data>
          <Data name="kindredpop">
            <value>0.0</value>
          </Data>
        </ExtendedData>
        <Polygon>
          <outerBoundaryIs>
            <LinearRing>
              <tessellate>1</tessellate>
              <coordinates>
                -79.4793899,43.715057,0
                -79.4811924,43.722594,0
                -79.4944532,43.7197406,0
                -79.504036,43.7181131,0
                -79.5078428,43.7176625,0
                -79.5060962,43.7116292,0
                -79.5045727,43.711288,0
                -79.5020407,43.7104504,0
                -79.4959575,43.706503,0
                -79.4941658,43.705006,0
                -79.4804114,43.7080928,0
                -79.4781369,43.7088063,0
                -79.4793899,43.715057,0
              </coordinates>
            </LinearRing>
          </outerBoundaryIs>
        </Polygon>
      </Placemark>
      <Placemark>
        <name>Markland Wood</name>
        <description><![CDATA[description: Popular with the living, and increasingly with the dead.<br>faction: Nominally Camarilla<br>kindredpop: 0]]></description>
        <styleUrl>#poly-757575-1200-76</styleUrl>
        <ExtendedData>
          <Data name="description">
            <value>Popular with the living, and increasingly with the dead.</value>
          </Data>
          <Data name="faction">
            <value>Nominally Camarilla</value>
          </Data>
          <Data name="kindredpop">
            <value>0.0</value>
          </Data>
        </ExtendedData>
        <Polygon>
          <outerBoundaryIs>
            <LinearRing>
              <tessellate>1</tessellate>
              <coordinates>
                -79.5636999,43.6270254,0
                -79.5569408,43.6285009,0
                -79.5570567,43.6287025,0
                -79.5597174,43.6363126,0
                -79.5696222,43.6337815,0
                -79.5694077,43.6349307,0
                -79.5704591,43.6375086,0
                -79.5725405,43.638223,0
                -79.5744288,43.6397914,0
                -79.5756518,43.6405368,0
                -79.5770895,43.6407231,0
                -79.5785272,43.6418101,0
                -79.5834244,43.640042,0
                -79.5857847,43.637868,0
                -79.5852005,43.6372912,0
                -79.585973,43.635614,0
                -79.5858013,43.6336572,0
                -79.5851147,43.6322439,0
                -79.5851147,43.63125,0
                -79.5859944,43.6295881,0
                -79.5853722,43.6288426,0
                -79.5826256,43.628066,0
                -79.5809733,43.627833,0
                -79.5796859,43.6269011,0
                -79.5765531,43.62614,0
                -79.5751369,43.62541,0
                -79.5720684,43.6263264,0
                -79.5698797,43.6270564,0
                -79.5684206,43.6267147,0
                -79.5671331,43.6281747,0
                -79.5647728,43.6282679,0
                -79.563893,43.6279728,0
                -79.5636999,43.6270254,0
              </coordinates>
            </LinearRing>
          </outerBoundaryIs>
        </Polygon>
      </Placemark>
      <Placemark>
        <name>Maryvale</name>
        <description><![CDATA[description: Popular with the living, and increasingly with the dead.<br>faction: Nominally Camarilla<br>kindredpop: 0]]></description>
        <styleUrl>#poly-757575-1200-76</styleUrl>
        <ExtendedData>
          <Data name="description">
            <value>Popular with the living, and increasingly with the dead.</value>
          </Data>
          <Data name="faction">
            <value>Nominally Camarilla</value>
          </Data>
          <Data name="kindredpop">
            <value>0.0</value>
          </Data>
        </ExtendedData>
        <Polygon>
          <outerBoundaryIs>
            <LinearRing>
              <tessellate>1</tessellate>
              <coordinates>
                -79.3197441,43.7680931,0
                -79.3151951,43.7579116,0
                -79.3113756,43.7458838,0
                -79.3089295,43.748302,0
                -79.3017197,43.7588415,0
                -79.2999173,43.7613831,0
                -79.2971707,43.7656912,0
                -79.2937374,43.7706188,0
                -79.2945656,43.772581,0
                -79.3028784,43.7706653,0
                -79.3128348,43.768496,0
                -79.3197441,43.7680931,0
              </coordinates>
            </LinearRing>
          </outerBoundaryIs>
        </Polygon>
      </Placemark>
      <Placemark>
        <name>Milliken</name>
        <description><![CDATA[description: Rapid change draws ambitious Kindred hoping to carve out influence.<br>faction: Nominally Camarilla<br>kindredpop: 0]]></description>
        <styleUrl>#poly-757575-1200-76</styleUrl>
        <ExtendedData>
          <Data name="description">
            <value>Rapid change draws ambitious Kindred hoping to carve out influence.</value>
          </Data>
          <Data name="faction">
            <value>Nominally Camarilla</value>
          </Data>
          <Data name="kindredpop">
            <value>0.0</value>
          </Data>
        </ExtendedData>
        <Polygon>
          <outerBoundaryIs>
            <LinearRing>
              <tessellate>1</tessellate>
              <coordinates>
                -79.3071993,43.8237754,0
                -79.3019325,43.8121222,0
                -79.2918356,43.8147647,0
                -79.2905267,43.8148266,0
                -79.288853,43.8140989,0
                -79.2879089,43.8141454,0
                -79.2859991,43.8145789,0
                -79.2839177,43.814966,0
                -79.2826517,43.8155544,0
                -79.2765363,43.8168704,0
                -79.2718585,43.8180471,0
                -79.2635973,43.8196882,0
                -79.2620738,43.8201527,0
                -79.2624172,43.8212055,0
                -79.2638977,43.8248746,0
                -79.2651637,43.8273669,0
                -79.2658504,43.8280635,0
                -79.2679318,43.8327074,0
                -79.2871579,43.8282957,0
                -79.3035944,43.8245185,0
                -79.3071993,43.8237754,0
              </coordinates>
            </LinearRing>
          </outerBoundaryIs>
        </Polygon>
      </Placemark>
      <Placemark>
        <name>Mimico</name>
        <description><![CDATA[description: Quiet streets conceal old grudges and hidden feeding grounds.<br>faction: Nominally Camarilla<br>kindredpop: 0]]></description>
        <styleUrl>#poly-757575-1200-76</styleUrl>
        <ExtendedData>
          <Data name="description">
            <value>Quiet streets conceal old grudges and hidden feeding grounds.</value>
          </Data>
          <Data name="faction">
            <value>Nominally Camarilla</value>
          </Data>
          <Data name="kindredpop">
            <value>0.0</value>
          </Data>
        </ExtendedData>
        <Polygon>
          <outerBoundaryIs>
            <LinearRing>
              <tessellate>1</tessellate>
              <coordinates>
                -79.5303806,43.617249,0
                -79.5295102,43.6151083,0
                -79.5251757,43.6048853,0
                -79.5250899,43.6038598,0
                -79.5262486,43.6015601,0
                -79.5237937,43.6027568,0
                -79.5179618,43.6058159,0
                -79.5025981,43.6125899,0
                -79.5016969,43.6112849,0
                -79.498092,43.6023665,0
                -79.4974053,43.6008748,0
                -79.4939721,43.5990723,0
                -79.477836,43.6118131,0
                -79.4731153,43.6175922,0
                -79.4744692,43.6185234,0
                -79.4775162,43.6201856,0
                -79.4817648,43.6219409,0
                -79.4852409,43.6228107,0
                -79.4870648,43.6241621,0
                -79.4865499,43.6247679,0
                -79.4879017,43.6252339,0
                -79.4886292,43.625856,0
                -79.5008931,43.6228913,0
                -79.5159993,43.6197846,0
                -79.5303806,43.617249,0
              </coordinates>
            </LinearRing>
          </outerBoundaryIs>
        </Polygon>
      </Placemark>
      <Placemark>
        <name>Moore Park</name>
        <description><![CDATA[description: Popular with the living, and increasingly with the dead.<br>faction: Nominally Camarilla<br>kindredpop: 0]]></description>
        <styleUrl>#poly-757575-1200-76</styleUrl>
        <ExtendedData>
          <Data name="description">
            <value>Popular with the living, and increasingly with the dead.</value>
          </Data>
          <Data name="faction">
            <value>Nominally Camarilla</value>
          </Data>
          <Data name="kindredpop">
            <value>0.0</value>
          </Data>
        </ExtendedData>
        <Polygon>
          <outerBoundaryIs>
            <LinearRing>
              <tessellate>1</tessellate>
              <coordinates>
                -79.3838005,43.6844586,0
                -79.3824272,43.6849241,0
                -79.3781356,43.6858396,0
                -79.3760757,43.6865068,0
                -79.3733935,43.688105,0
                -79.3710488,43.6903989,0
                -79.3724708,43.6909754,0
                -79.3735222,43.6916426,0
                -79.3760972,43.693039,0
                -79.3808069,43.694698,0
                -79.3813648,43.695082,0
                -79.3818744,43.6946786,0
                -79.3847605,43.694058,0
                -79.385018,43.6943334,0
                -79.3854364,43.6942442,0
                -79.385313,43.6939378,0
                -79.389111,43.6931116,0
                -79.3889233,43.6926345,0
                -79.3892183,43.6925725,0
                -79.3887785,43.6917036,0
                -79.389508,43.6915407,0
                -79.3895563,43.6915911,0
                -79.3899479,43.6915058,0
                -79.3904521,43.6917657,0
                -79.3906131,43.6916493,0
                -79.3905058,43.691401,0
                -79.3909984,43.6912919,0
                -79.3899685,43.6905626,0
                -79.3900114,43.6900196,0
                -79.3889748,43.6892841,0
                -79.3882304,43.6886697,0
                -79.3875223,43.6885611,0
                -79.386664,43.6877853,0
                -79.3858915,43.6869784,0
                -79.3852692,43.6866215,0
                -79.3855267,43.6863112,0
                -79.3854623,43.6853336,0
                -79.3844848,43.6845438,0
                -79.3840664,43.6843421,0
                -79.3838005,43.6844586,0
              </coordinates>
            </LinearRing>
          </outerBoundaryIs>
        </Polygon>
      </Placemark>
      <Placemark>
        <name>Morningside</name>
        <description><![CDATA[description: Quiet streets conceal old grudges and hidden feeding grounds.<br>faction: Nominally Camarilla<br>kindredpop: 0]]></description>
        <styleUrl>#poly-757575-1200-76</styleUrl>
        <ExtendedData>
          <Data name="description">
            <value>Quiet streets conceal old grudges and hidden feeding grounds.</value>
          </Data>
          <Data name="faction">
            <value>Nominally Camarilla</value>
          </Data>
          <Data name="kindredpop">
            <value>0.0</value>
          </Data>
        </ExtendedData>
        <Polygon>
          <outerBoundaryIs>
            <LinearRing>
              <tessellate>1</tessellate>
              <coordinates>
                -79.2050724,43.7825435,0
                -79.1934225,43.7852338,0
                -79.1936998,43.7872218,0
                -79.1962764,43.7935675,0
                -79.1969415,43.7963709,0
                -79.2120494,43.7941645,0
                -79.2182506,43.7930338,0
                -79.2252369,43.7892079,0
                -79.2245073,43.7884024,0
                -79.2230911,43.7884644,0
                -79.2221041,43.7879377,0
                -79.2229195,43.7868224,0
                -79.2227907,43.785676,0
                -79.2213316,43.785676,0
                -79.220602,43.7852113,0
                -79.2203016,43.784003,0
                -79.2193146,43.7827017,0
                -79.2179413,43.7831974,0
                -79.217598,43.7843438,0
                -79.2157526,43.7838171,0
                -79.2152805,43.7831974,0
                -79.2142506,43.7836622,0
                -79.2136498,43.7834453,0
                -79.2133493,43.7827327,0
                -79.2118473,43.7818961,0
                -79.2111607,43.7811525,0
                -79.2050724,43.7825435,0
              </coordinates>
            </LinearRing>
          </outerBoundaryIs>
        </Polygon>
      </Placemark>
      <Placemark>
        <name>Morningside Heights</name>
        <description><![CDATA[description: Quiet streets conceal old grudges and hidden feeding grounds.<br>faction: Uncontested<br>kindredpop: 0]]></description>
        <styleUrl>#poly-BDBDBD-1200-76</styleUrl>
        <ExtendedData>
          <Data name="description">
            <value>Quiet streets conceal old grudges and hidden feeding grounds.</value>
          </Data>
          <Data name="faction">
            <value>Uncontested</value>
          </Data>
          <Data name="kindredpop">
            <value>0.0</value>
          </Data>
        </ExtendedData>
        <Polygon>
          <outerBoundaryIs>
            <LinearRing>
              <tessellate>1</tessellate>
              <coordinates>
                -79.2393058,43.8267926,0
                -79.2401072,43.8235031,0
                -79.2389699,43.8231161,0
                -79.2360302,43.8232709,0
                -79.2306014,43.8232245,0
                -79.2240139,43.8198495,0
                -79.2213532,43.8196482,0
                -79.2175425,43.8199943,0
                -79.2044104,43.8121443,0
                -79.2013761,43.812526,0
                -79.1941019,43.8137182,0
                -79.1987797,43.8229613,0
                -79.1994878,43.8243856,0
                -79.1995093,43.8259801,0
                -79.1992303,43.827203,0
                -79.199638,43.8275126,0
                -79.200904,43.8258562,0
                -79.2020627,43.8255311,0
                -79.2032215,43.826042,0
                -79.2062899,43.8255621,0
                -79.2063972,43.8249893,0
                -79.2056891,43.8245713,0
                -79.2066976,43.8239521,0
                -79.208543,43.8241379,0
                -79.2101523,43.8246023,0
                -79.2110106,43.8257324,0
                -79.2124053,43.8258717,0
                -79.2148944,43.8257169,0
                -79.2203018,43.827621,0
                -79.2223757,43.8275357,0
                -79.2234486,43.8301672,0
                -79.2193931,43.8314675,0
                -79.2199081,43.8324427,0
                -79.2217105,43.8324272,0
                -79.2238134,43.8338977,0
                -79.223985,43.8353991,0
                -79.2220109,43.8363277,0
                -79.2218822,43.8366373,0
                -79.2229122,43.8375041,0
                -79.2226117,43.838572,0
                -79.2240923,43.8393149,0
                -79.2258304,43.8395006,0
                -79.2266029,43.8409555,0
                -79.2278045,43.8421162,0
                -79.2345208,43.8405376,0
                -79.2358297,43.8383863,0
                -79.2393058,43.8267926,0
              </coordinates>
            </LinearRing>
          </outerBoundaryIs>
        </Polygon>
      </Placemark>
      <Placemark>
        <name>Moss Park</name>
        <description><![CDATA[description: Industrial grit and decay make this a haven for outcasts and hunters alike.<br>faction: Nominally Camarilla<br>kindredpop: 5]]></description>
        <styleUrl>#poly-757575-1200-76</styleUrl>
        <ExtendedData>
          <Data name="description">
            <value>Industrial grit and decay make this a haven for outcasts and hunters alike.</value>
          </Data>
          <Data name="faction">
            <value>Nominally Camarilla</value>
          </Data>
          <Data name="kindredpop">
            <value>5.0</value>
          </Data>
        </ExtendedData>
        <Polygon>
          <outerBoundaryIs>
            <LinearRing>
              <tessellate>1</tessellate>
              <coordinates>
                -79.3738932,43.655369,0
                -79.373228,43.653669,0
                -79.3687541,43.6546471,0
                -79.3645353,43.6556033,0
                -79.3632288,43.6559279,0
                -79.3635721,43.6566188,0
                -79.3636794,43.6570379,0
                -79.3637974,43.6572009,0
                -79.3650222,43.6569331,0
                -79.3676186,43.6563121,0
                -79.3690348,43.6562655,0
                -79.3701506,43.6561413,0
                -79.3738932,43.655369,0
              </coordinates>
            </LinearRing>
          </outerBoundaryIs>
        </Polygon>
      </Placemark>
      <Placemark>
        <name>Mount Dennis</name>
        <description><![CDATA[description: Rebuilt again and again, the past here refuses to die.<br>faction: Nominally Camarilla<br>kindredpop: 0]]></description>
        <styleUrl>#poly-757575-1200-76</styleUrl>
        <ExtendedData>
          <Data name="description">
            <value>Rebuilt again and again, the past here refuses to die.</value>
          </Data>
          <Data name="faction">
            <value>Nominally Camarilla</value>
          </Data>
          <Data name="kindredpop">
            <value>0.0</value>
          </Data>
        </ExtendedData>
        <Polygon>
          <outerBoundaryIs>
            <LinearRing>
              <tessellate>1</tessellate>
              <coordinates>
                -79.5074119,43.6788258,0
                -79.5087614,43.6763664,0
                -79.5095024,43.675574,0
                -79.5082149,43.6750618,0
                -79.5060691,43.675574,0
                -79.5054898,43.6748756,0
                -79.5045242,43.6748756,0
                -79.503623,43.6737271,0
                -79.5029149,43.6737116,0
                -79.4984517,43.6757137,0
                -79.4954261,43.675605,0
                -79.4933356,43.6758307,0
                -79.4891943,43.675334,0
                -79.485804,43.6762342,0
                -79.4835509,43.6771343,0
                -79.4831647,43.6783758,0
                -79.4829072,43.6791983,0
                -79.47971,43.6837295,0
                -79.4812482,43.6846044,0
                -79.5017188,43.6946587,0
                -79.5034851,43.6953587,0
                -79.506294,43.6946826,0
                -79.5112293,43.6936431,0
                -79.5115511,43.6944964,0
                -79.5128386,43.6944344,0
                -79.5133142,43.6922786,0
                -79.513164,43.6906029,0
                -79.5126061,43.6893927,0
                -79.5124988,43.6880118,0
                -79.5113616,43.6872049,0
                -79.5103531,43.6840705,0
                -79.5091047,43.6825117,0
                -79.5060577,43.6823255,0
                -79.5054998,43.6804323,0
                -79.5071306,43.6793771,0
                -79.5074119,43.6788258,0
              </coordinates>
            </LinearRing>
          </outerBoundaryIs>
        </Polygon>
      </Placemark>
      <Placemark>
        <name>New Toronto</name>
        <description><![CDATA[description: Industrial grit and decay make this a haven for outcasts and hunters alike.<br>faction: Nominally Camarilla<br>kindredpop: 0]]></description>
        <styleUrl>#poly-757575-1200-76</styleUrl>
        <ExtendedData>
          <Data name="description">
            <value>Industrial grit and decay make this a haven for outcasts and hunters alike.</value>
          </Data>
          <Data name="faction">
            <value>Nominally Camarilla</value>
          </Data>
          <Data name="kindredpop">
            <value>0.0</value>
          </Data>
        </ExtendedData>
        <Polygon>
          <outerBoundaryIs>
            <LinearRing>
              <tessellate>1</tessellate>
              <coordinates>
                -79.5008354,43.5939896,0
                -79.4963722,43.5984029,0
                -79.4974053,43.6008748,0
                -79.5016969,43.6112849,0
                -79.5025981,43.6125899,0
                -79.5179618,43.6058159,0
                -79.5237937,43.6027568,0
                -79.5212187,43.596852,0
                -79.5214548,43.5963081,0
                -79.5188584,43.590387,0
                -79.5176582,43.5882704,0
                -79.5154695,43.5869959,0
                -79.5095472,43.5865918,0
                -79.5041399,43.5882393,0
                -79.5008354,43.5939896,0
              </coordinates>
            </LinearRing>
          </outerBoundaryIs>
        </Polygon>
      </Placemark>
      <Placemark>
        <name>Newtonbrook</name>
        <description><![CDATA[description: Popular with the living, and increasingly with the dead.<br>faction: Nominally Camarilla<br>kindredpop: 0]]></description>
        <styleUrl>#poly-757575-1200-76</styleUrl>
        <ExtendedData>
          <Data name="description">
            <value>Popular with the living, and increasingly with the dead.</value>
          </Data>
          <Data name="faction">
            <value>Nominally Camarilla</value>
          </Data>
          <Data name="kindredpop">
            <value>0.0</value>
          </Data>
        </ExtendedData>
        <Polygon>
          <outerBoundaryIs>
            <LinearRing>
              <tessellate>1</tessellate>
              <coordinates>
                -79.4703431,43.7873421,0
                -79.4702143,43.7819201,0
                -79.4669889,43.7688048,0
                -79.4561313,43.7712531,0
                -79.441976,43.7738948,0
                -79.4157118,43.7797202,0
                -79.3929238,43.7848635,0
                -79.3921873,43.7850486,0
                -79.3935675,43.7922989,0
                -79.3961854,43.8032643,0
                -79.4202609,43.7980296,0
                -79.4457955,43.7924538,0
                -79.4703431,43.7873421,0
              </coordinates>
            </LinearRing>
          </outerBoundaryIs>
        </Polygon>
      </Placemark>
      <Placemark>
        <name>Niagara</name>
        <description><![CDATA[description: Local Kindred speak of old blood and older debts.<br>faction: Nominally Camarilla<br>kindredpop: 0]]></description>
        <styleUrl>#poly-757575-1200-76</styleUrl>
        <ExtendedData>
          <Data name="description">
            <value>Local Kindred speak of old blood and older debts.</value>
          </Data>
          <Data name="faction">
            <value>Nominally Camarilla</value>
          </Data>
          <Data name="kindredpop">
            <value>0.0</value>
          </Data>
        </ExtendedData>
        <Polygon>
          <outerBoundaryIs>
            <LinearRing>
              <tessellate>1</tessellate>
              <coordinates>
                -79.4162846,43.6446902,0
                -79.4146967,43.6404355,0
                -79.4113178,43.640281,0
                -79.4038177,43.6401715,0
                -79.4013963,43.6407369,0
                -79.4039603,43.6471759,0
                -79.4162846,43.6446902,0
              </coordinates>
            </LinearRing>
          </outerBoundaryIs>
        </Polygon>
      </Placemark>
      <Placemark>
        <name>North Park</name>
        <description><![CDATA[description: Popular with the living, and increasingly with the dead.<br>faction: Nominally Camarilla<br>kindredpop: 0]]></description>
        <styleUrl>#poly-757575-1200-76</styleUrl>
        <ExtendedData>
          <Data name="description">
            <value>Popular with the living, and increasingly with the dead.</value>
          </Data>
          <Data name="faction">
            <value>Nominally Camarilla</value>
          </Data>
          <Data name="kindredpop">
            <value>0.0</value>
          </Data>
        </ExtendedData>
        <Polygon>
          <outerBoundaryIs>
            <LinearRing>
              <tessellate>1</tessellate>
              <coordinates>
                -79.4705886,43.7150643,0
                -79.4725198,43.7246793,0
                -79.4811924,43.722594,0
                -79.4781369,43.7088063,0
                -79.4698292,43.7107579,0
                -79.4705886,43.7150643,0
              </coordinates>
            </LinearRing>
          </outerBoundaryIs>
        </Polygon>
      </Placemark>
      <Placemark>
        <name>North Toronto/Sherwood Park</name>
        <description><![CDATA[description: A hotspot of nightlife and secrets where the lines between predator and prey blur.<br>faction: Nominally Camarilla<br>kindredpop: 0]]></description>
        <styleUrl>#poly-757575-1200-76</styleUrl>
        <ExtendedData>
          <Data name="description">
            <value>A hotspot of nightlife and secrets where the lines between predator and prey blur.</value>
          </Data>
          <Data name="faction">
            <value>Nominally Camarilla</value>
          </Data>
          <Data name="kindredpop">
            <value>0.0</value>
          </Data>
        </ExtendedData>
        <Polygon>
          <outerBoundaryIs>
            <LinearRing>
              <tessellate>1</tessellate>
              <coordinates>
                -79.4104644,43.7085697,0
                -79.409672,43.7057381,0
                -79.4087922,43.7051642,0
                -79.4085235,43.7046137,0
                -79.3982882,43.7067698,0
                -79.3771859,43.711052,0
                -79.3779976,43.7161534,0
                -79.3785555,43.7189199,0
                -79.3792314,43.7187725,0
                -79.3798429,43.7179196,0
                -79.3862802,43.7169658,0
                -79.3865163,43.7170976,0
                -79.386924,43.7187415,0
                -79.3895311,43.7182453,0
                -79.3898208,43.7187338,0
                -79.3941016,43.7179041,0
                -79.394756,43.7199434,0
                -79.396773,43.7194937,0
                -79.4002706,43.7208739,0
                -79.401365,43.7209592,0
                -79.399242,43.7109274,0
                -79.4104644,43.7085697,0
              </coordinates>
            </LinearRing>
          </outerBoundaryIs>
        </Polygon>
      </Placemark>
      <Placemark>
        <name>Northcliffe Village</name>
        <description><![CDATA[description: Popular with the living, and increasingly with the dead.<br>faction: Camarilla Held<br>kindredpop: 0]]></description>
        <styleUrl>#poly-C2185B-1200-76</styleUrl>
        <ExtendedData>
          <Data name="description">
            <value>Popular with the living, and increasingly with the dead.</value>
          </Data>
          <Data name="faction">
            <value>Camarilla Held</value>
          </Data>
          <Data name="kindredpop">
            <value>0.0</value>
          </Data>
        </ExtendedData>
        <Polygon>
          <outerBoundaryIs>
            <LinearRing>
              <tessellate>1</tessellate>
              <coordinates>
                -79.4429628,43.6862213,0
                -79.446091,43.6855637,0
                -79.443044,43.677991,0
                -79.4359279,43.6795221,0
                -79.4386956,43.6870866,0
                -79.4429628,43.6862213,0
              </coordinates>
            </LinearRing>
          </outerBoundaryIs>
        </Polygon>
      </Placemark>
      <Placemark>
        <name>Oakridge</name>
        <description><![CDATA[description: Industrial grit and decay make this a haven for outcasts and hunters alike.<br>faction: Nominally Camarilla<br>kindredpop: 1]]></description>
        <styleUrl>#poly-757575-1200-76</styleUrl>
        <ExtendedData>
          <Data name="description">
            <value>Industrial grit and decay make this a haven for outcasts and hunters alike.</value>
          </Data>
          <Data name="faction">
            <value>Nominally Camarilla</value>
          </Data>
          <Data name="kindredpop">
            <value>1.0</value>
          </Data>
        </ExtendedData>
        <Polygon>
          <outerBoundaryIs>
            <LinearRing>
              <tessellate>1</tessellate>
              <coordinates>
                -79.2883821,43.6912187,0
                -79.287599,43.6892625,0
                -79.2801961,43.6909537,0
                -79.2759046,43.6922725,0
                -79.2719778,43.6942584,0
                -79.2695746,43.6960426,0
                -79.2712374,43.7004652,0
                -79.2757864,43.6995499,0
                -79.2782111,43.7053361,0
                -79.2807646,43.711494,0
                -79.2811586,43.7120504,0
                -79.2824246,43.7117247,0
                -79.2818452,43.7108871,0
                -79.280944,43.7107475,0
                -79.2812873,43.7101581,0
                -79.2808581,43.7092585,0
                -79.2812873,43.7081417,0
                -79.280944,43.7069473,0
                -79.2819525,43.7062183,0
                -79.2825748,43.7061562,0
                -79.2821885,43.7054892,0
                -79.2825104,43.7039691,0
                -79.2833472,43.7032865,0
                -79.282682,43.7026195,0
                -79.2821456,43.702573,0
                -79.2818881,43.7022007,0
                -79.2823602,43.7013475,0
                -79.2817808,43.6996565,0
                -79.2825533,43.6992532,0
                -79.2855788,43.698462,0
                -79.2871882,43.6983069,0
                -79.287789,43.6985551,0
                -79.288776,43.6985241,0
                -79.290321,43.6976708,0
                -79.2909862,43.6976863,0
                -79.2890531,43.6928691,0
                -79.2883821,43.6912187,0
              </coordinates>
            </LinearRing>
          </outerBoundaryIs>
        </Polygon>
      </Placemark>
      <Placemark>
        <name>Oakwood Village</name>
        <description><![CDATA[description: Industrial grit and decay make this a haven for outcasts and hunters alike.<br>faction: Camarilla Held<br>kindredpop: 0]]></description>
        <styleUrl>#poly-C2185B-1200-76</styleUrl>
        <ExtendedData>
          <Data name="description">
            <value>Industrial grit and decay make this a haven for outcasts and hunters alike.</value>
          </Data>
          <Data name="faction">
            <value>Camarilla Held</value>
          </Data>
          <Data name="kindredpop">
            <value>0.0</value>
          </Data>
        </ExtendedData>
        <Polygon>
          <outerBoundaryIs>
            <LinearRing>
              <tessellate>1</tessellate>
              <coordinates>
                -79.4502398,43.6956356,0
                -79.446091,43.6855637,0
                -79.44255,43.6863098,0
                -79.4386956,43.6870866,0
                -79.4408115,43.6925641,0
                -79.4427511,43.6971716,0
                -79.4502398,43.6956356,0
              </coordinates>
            </LinearRing>
          </outerBoundaryIs>
        </Polygon>
      </Placemark>
      <Placemark>
        <name>Old East York</name>
        <description><![CDATA[description: Local Kindred speak of old blood and older debts.<br>faction: East York Barony<br>kindredpop: 4]]></description>
        <styleUrl>#poly-0097A7-1200-76</styleUrl>
        <ExtendedData>
          <Data name="description">
            <value>Local Kindred speak of old blood and older debts.</value>
          </Data>
          <Data name="faction">
            <value>East York Barony</value>
          </Data>
          <Data name="kindredpop">
            <value>4.0</value>
          </Data>
        </ExtendedData>
        <Polygon>
          <outerBoundaryIs>
            <LinearRing>
              <tessellate>1</tessellate>
              <coordinates>
                -79.3622072,43.6827811,0
                -79.3625361,43.68102,0
                -79.3617958,43.6812295,0
                -79.3577296,43.681245,0
                -79.3574893,43.6820209,0
                -79.3550002,43.6824244,0
                -79.3467902,43.684035,0
                -79.3460392,43.6821885,0
                -79.3424128,43.6829023,0
                -79.3412112,43.6832592,0
                -79.3362337,43.684191,0
                -79.3142175,43.6889073,0
                -79.313166,43.6864712,0
                -79.3113314,43.6869678,0
                -79.3115996,43.687666,0
                -79.30925,43.6882401,0
                -79.3094968,43.6888375,0
                -79.30395,43.6900555,0
                -79.304169,43.6906539,0
                -79.2971523,43.6920348,0
                -79.2970783,43.6922485,0
                -79.297486,43.6958712,0
                -79.2971212,43.6974692,0
                -79.302512,43.69749,0
                -79.3044861,43.6987001,0
                -79.3074472,43.6994137,0
                -79.3104084,43.6993827,0
                -79.3130262,43.7012753,0
                -79.3157299,43.7011822,0
                -79.3178757,43.7019578,0
                -79.3194206,43.7018027,0
                -79.3201073,43.7013373,0
                -79.3204506,43.7013683,0
                -79.3221672,43.7024542,0
                -79.3228538,43.7016786,0
                -79.3252142,43.7013373,0
                -79.328347,43.7016166,0
                -79.3316944,43.7018648,0
                -79.332381,43.7032919,0
                -79.3337114,43.7019268,0
                -79.338003,43.7000653,0
                -79.3398912,43.6984208,0
                -79.3427236,43.69749,0
                -79.3446119,43.69749,0
                -79.3479164,43.6979865,0
                -79.3507917,43.6978313,0
                -79.3528517,43.6969936,0
                -79.3551691,43.6951939,0
                -79.3588169,43.6918737,0
                -79.3603619,43.6896395,0
                -79.3608768,43.6879948,0
                -79.3610914,43.6852328,0
                -79.3622072,43.6827811,0
              </coordinates>
            </LinearRing>
          </outerBoundaryIs>
        </Polygon>
      </Placemark>
      <Placemark>
        <name>Old Mill</name>
        <description><![CDATA[description: Well-patrolled and heavily surveilled—perfect for Kindred hiding in plain sight.<br>faction: Nominally Camarilla<br>kindredpop: 0]]></description>
        <styleUrl>#poly-757575-1200-76</styleUrl>
        <ExtendedData>
          <Data name="description">
            <value>Well-patrolled and heavily surveilled—perfect for Kindred hiding in plain sight.</value>
          </Data>
          <Data name="faction">
            <value>Nominally Camarilla</value>
          </Data>
          <Data name="kindredpop">
            <value>0.0</value>
          </Data>
        </ExtendedData>
        <Polygon>
          <outerBoundaryIs>
            <LinearRing>
              <tessellate>1</tessellate>
              <coordinates>
                -79.4868999,43.6478584,0
                -79.4857197,43.6483086,0
                -79.484563,43.6493458,0
                -79.4876778,43.6571904,0
                -79.4899201,43.6561813,0
                -79.492023,43.6557388,0
                -79.4924575,43.655929,0
                -79.4929671,43.6557155,0
                -79.4934123,43.6553934,0
                -79.4937288,43.6552537,0
                -79.4947266,43.6551566,0
                -79.4951021,43.6549859,0
                -79.4956922,43.6541863,0
                -79.495821,43.6538525,0
                -79.4964057,43.6537749,0
                -79.4979399,43.6519895,0
                -79.492672,43.6522579,0
                -79.4911056,43.651404,0
                -79.4908695,43.6497427,0
                -79.4919424,43.648454,0
                -79.4902794,43.6478972,0
                -79.4881444,43.6477264,0
                -79.4868999,43.6478584,0
              </coordinates>
            </LinearRing>
          </outerBoundaryIs>
        </Polygon>
      </Placemark>
      <Placemark>
        <name>Old Town</name>
        <description><![CDATA[description: Local Kindred speak of old blood and older debts.<br>faction: Camarilla Held<br>kindredpop: 0]]></description>
        <styleUrl>#poly-C2185B-1200-76</styleUrl>
        <ExtendedData>
          <Data name="description">
            <value>Local Kindred speak of old blood and older debts.</value>
          </Data>
          <Data name="faction">
            <value>Camarilla Held</value>
          </Data>
          <Data name="kindredpop">
            <value>0.0</value>
          </Data>
        </ExtendedData>
        <Polygon>
          <outerBoundaryIs>
            <LinearRing>
              <tessellate>1</tessellate>
              <coordinates>
                -79.3742913,43.6498721,0
                -79.37189,43.6503622,0
                -79.3713751,43.649384,0
                -79.369637,43.649974,0
                -79.3627436,43.6515668,0
                -79.3645353,43.6556033,0
                -79.373228,43.653669,0
                -79.3791384,43.6524033,0
                -79.3779411,43.6491822,0
                -79.3742913,43.6498721,0
              </coordinates>
            </LinearRing>
          </outerBoundaryIs>
        </Polygon>
      </Placemark>
      <Placemark>
        <name>Palmerston</name>
        <description><![CDATA[description: An overlooked corner ideal for secret rites or quiet feeding.<br>faction: Contested<br>kindredpop: 0]]></description>
        <styleUrl>#poly-F9A825-1200-76</styleUrl>
        <ExtendedData>
          <Data name="description">
            <value>An overlooked corner ideal for secret rites or quiet feeding.</value>
          </Data>
          <Data name="faction">
            <value>Contested</value>
          </Data>
          <Data name="kindredpop">
            <value>0.0</value>
          </Data>
        </ExtendedData>
        <Polygon>
          <outerBoundaryIs>
            <LinearRing>
              <tessellate>1</tessellate>
              <coordinates>
                -79.4174576,43.6599165,0
                -79.4168997,43.6584573,0
                -79.4169212,43.6580769,0
                -79.4157249,43.6549953,0
                -79.4153504,43.654956,0
                -79.4075959,43.6564766,0
                -79.4112053,43.6651121,0
                -79.4188872,43.6633892,0
                -79.4174576,43.6599165,0
              </coordinates>
            </LinearRing>
          </outerBoundaryIs>
        </Polygon>
      </Placemark>
      <Placemark>
        <name>Parkdale</name>
        <description><![CDATA[description: Quiet streets conceal old grudges and hidden feeding grounds.<br>faction: Nominally Camarilla<br>kindredpop: 0]]></description>
        <styleUrl>#poly-757575-1200-76</styleUrl>
        <ExtendedData>
          <Data name="description">
            <value>Quiet streets conceal old grudges and hidden feeding grounds.</value>
          </Data>
          <Data name="faction">
            <value>Nominally Camarilla</value>
          </Data>
          <Data name="kindredpop">
            <value>0.0</value>
          </Data>
        </ExtendedData>
        <Polygon>
          <outerBoundaryIs>
            <LinearRing>
              <tessellate>1</tessellate>
              <coordinates>
                -79.4453357,43.6373369,0
                -79.4379758,43.6342931,0
                -79.4348644,43.6330507,0
                -79.432032,43.6324294,0
                -79.4296287,43.6326624,0
                -79.4253511,43.6338052,0
                -79.4273682,43.6389766,0
                -79.4286478,43.6422275,0
                -79.431036,43.6435715,0
                -79.4393186,43.6474067,0
                -79.4408543,43.6481588,0
                -79.4410657,43.6481134,0
                -79.4391935,43.6435716,0
                -79.4403737,43.643331,0
                -79.4422083,43.6429738,0
                -79.4409423,43.6397439,0
                -79.4460624,43.6387027,0
                -79.4474356,43.6384853,0
                -79.4453357,43.6373369,0
              </coordinates>
            </LinearRing>
          </outerBoundaryIs>
        </Polygon>
      </Placemark>
      <Placemark>
        <name>Parkview Hills</name>
        <description><![CDATA[description: Wealthy, aloof, and ruthless beneath the smiles.<br>faction: Nominally Camarilla<br>kindredpop: 0]]></description>
        <styleUrl>#poly-757575-1200-76</styleUrl>
        <ExtendedData>
          <Data name="description">
            <value>Wealthy, aloof, and ruthless beneath the smiles.</value>
          </Data>
          <Data name="faction">
            <value>Nominally Camarilla</value>
          </Data>
          <Data name="kindredpop">
            <value>0.0</value>
          </Data>
        </ExtendedData>
        <Polygon>
          <outerBoundaryIs>
            <LinearRing>
              <tessellate>1</tessellate>
              <coordinates>
                -79.3318374,43.7047391,0
                -79.332381,43.7032919,0
                -79.3316944,43.7018648,0
                -79.3252142,43.7013373,0
                -79.3228538,43.7016786,0
                -79.3221672,43.7024542,0
                -79.3204506,43.7013683,0
                -79.3201073,43.7013373,0
                -79.3194206,43.7018027,0
                -79.3178757,43.7019578,0
                -79.3170817,43.7016476,0
                -79.3145855,43.7035913,0
                -79.3131263,43.7048943,0
                -79.3111093,43.7078725,0
                -79.3176754,43.7106489,0
                -79.3184771,43.7112428,0
                -79.3193354,43.7107465,0
                -79.3220391,43.7102502,0
                -79.3226828,43.7103122,0
                -79.3249144,43.7095212,0
                -79.3255581,43.7082183,0
                -79.3281116,43.7080321,0
                -79.3298282,43.7067447,0
                -79.3302359,43.7062018,0
                -79.3315877,43.7063259,0
                -79.3318374,43.7047391,0
              </coordinates>
            </LinearRing>
          </outerBoundaryIs>
        </Polygon>
      </Placemark>
      <Placemark>
        <name>Parkwoods</name>
        <description><![CDATA[description: Wealthy, aloof, and ruthless beneath the smiles.<br>faction: Nominally Camarilla<br>kindredpop: 0]]></description>
        <styleUrl>#poly-757575-1200-76</styleUrl>
        <ExtendedData>
          <Data name="description">
            <value>Wealthy, aloof, and ruthless beneath the smiles.</value>
          </Data>
          <Data name="faction">
            <value>Nominally Camarilla</value>
          </Data>
          <Data name="kindredpop">
            <value>0.0</value>
          </Data>
        </ExtendedData>
        <Polygon>
          <outerBoundaryIs>
            <LinearRing>
              <tessellate>1</tessellate>
              <coordinates>
                -79.3296451,43.7680337,0
                -79.3387698,43.7675979,0
                -79.3357631,43.7582808,0
                -79.3340894,43.7532283,0
                -79.3338514,43.7517088,0
                -79.3333364,43.7473842,0
                -79.3331219,43.7460046,0
                -79.3321796,43.7420057,0
                -79.3321348,43.7395712,0
                -79.3241096,43.7409045,0
                -79.3166853,43.7413695,0
                -79.3130375,43.7415556,0
                -79.3098617,43.7421757,0
                -79.3113756,43.7458838,0
                -79.3151951,43.7579116,0
                -79.3197441,43.7680931,0
                -79.3296451,43.7680337,0
              </coordinates>
            </LinearRing>
          </outerBoundaryIs>
        </Polygon>
      </Placemark>
      <Placemark>
        <name>Parma Court</name>
        <description><![CDATA[description: Well-patrolled and heavily surveilled—perfect for Kindred hiding in plain sight.<br>faction: Camarilla Held<br>kindredpop: 0]]></description>
        <styleUrl>#poly-C2185B-1200-76</styleUrl>
        <ExtendedData>
          <Data name="description">
            <value>Well-patrolled and heavily surveilled—perfect for Kindred hiding in plain sight.</value>
          </Data>
          <Data name="faction">
            <value>Camarilla Held</value>
          </Data>
          <Data name="kindredpop">
            <value>0.0</value>
          </Data>
        </ExtendedData>
        <Polygon>
          <outerBoundaryIs>
            <LinearRing>
              <tessellate>1</tessellate>
              <coordinates>
                -79.3047171,43.7173907,0
                -79.3050124,43.7159946,0
                -79.3038108,43.7159326,0
                -79.3026306,43.7159791,0
                -79.3023302,43.7161885,0
                -79.3012681,43.7163668,0
                -79.301032,43.716266,0
                -79.2993047,43.7166693,0
                -79.3026806,43.7247983,0
                -79.3097918,43.7255322,0
                -79.3099957,43.7248189,0
                -79.3105107,43.7236326,0
                -79.3109935,43.7233302,0
                -79.311841,43.7225936,0
                -79.3100064,43.7216632,0
                -79.3076783,43.7203605,0
                -79.3068521,43.7184297,0
                -79.3045454,43.7188795,0
                -79.3047171,43.7173907,0
              </coordinates>
            </LinearRing>
          </outerBoundaryIs>
        </Polygon>
      </Placemark>
      <Placemark>
        <name>Playter Estates</name>
        <description><![CDATA[description: Once overlooked, now quietly influential in Kindred politics.<br>faction: East York Barony<br>kindredpop: 1]]></description>
        <styleUrl>#poly-0097A7-1200-76</styleUrl>
        <ExtendedData>
          <Data name="description">
            <value>Once overlooked, now quietly influential in Kindred politics.</value>
          </Data>
          <Data name="faction">
            <value>East York Barony</value>
          </Data>
          <Data name="kindredpop">
            <value>1.0</value>
          </Data>
        </ExtendedData>
        <Polygon>
          <outerBoundaryIs>
            <LinearRing>
              <tessellate>1</tessellate>
              <coordinates>
                -79.3588626,43.6761859,0
                -79.3532192,43.6773033,0
                -79.3534981,43.677862,0
                -79.3534767,43.678281,0
                -79.3550002,43.6824244,0
                -79.3574893,43.6820209,0
                -79.3577296,43.681245,0
                -79.3617958,43.6812295,0
                -79.3625146,43.68102,0
                -79.3615896,43.6756706,0
                -79.3588626,43.6761859,0
              </coordinates>
            </LinearRing>
          </outerBoundaryIs>
        </Polygon>
      </Placemark>
      <Placemark>
        <name>Pleasant View</name>
        <description><![CDATA[description: Rebuilt again and again, the past here refuses to die.<br>faction: Nominally Camarilla<br>kindredpop: 0]]></description>
        <styleUrl>#poly-757575-1200-76</styleUrl>
        <ExtendedData>
          <Data name="description">
            <value>Rebuilt again and again, the past here refuses to die.</value>
          </Data>
          <Data name="faction">
            <value>Nominally Camarilla</value>
          </Data>
          <Data name="kindredpop">
            <value>0.0</value>
          </Data>
        </ExtendedData>
        <Polygon>
          <outerBoundaryIs>
            <LinearRing>
              <tessellate>1</tessellate>
              <coordinates>
                -79.3314797,43.7931356,0
                -79.3353359,43.8018401,0
                -79.3388334,43.8011122,0
                -79.3430451,43.8000955,0
                -79.3447188,43.7998167,0
                -79.3436459,43.7950929,0
                -79.3397191,43.7761164,0
                -79.3329695,43.7752961,0
                -79.327133,43.7747074,0
                -79.3229962,43.7752565,0
                -79.3253428,43.7803093,0
                -79.3314797,43.7931356,0
              </coordinates>
            </LinearRing>
          </outerBoundaryIs>
        </Polygon>
      </Placemark>
      <Placemark>
        <name>Port Lands</name>
        <description><![CDATA[description: Once overlooked, now quietly influential in Kindred politics.<br>faction: Camarilla Held<br>kindredpop: 1]]></description>
        <styleUrl>#poly-C2185B-1200-76</styleUrl>
        <ExtendedData>
          <Data name="description">
            <value>Once overlooked, now quietly influential in Kindred politics.</value>
          </Data>
          <Data name="faction">
            <value>Camarilla Held</value>
          </Data>
          <Data name="kindredpop">
            <value>1.0</value>
          </Data>
        </ExtendedData>
        <Polygon>
          <outerBoundaryIs>
            <LinearRing>
              <tessellate>1</tessellate>
              <coordinates>
                -79.3480327,43.65016,0
                -79.358032,43.6460609,0
                -79.3594053,43.645533,0
                -79.3558862,43.6411231,0
                -79.3509939,43.6350357,0
                -79.3474319,43.6330167,0
                -79.3448999,43.6218337,0
                -79.3451145,43.6126683,0
                -79.3421533,43.6117672,0
                -79.3224981,43.616925,0
                -79.3197515,43.6272702,0
                -79.3189361,43.6508431,0
                -79.3155458,43.6558733,0
                -79.3127415,43.65727,0
                -79.3124411,43.6586361,0
                -79.3147157,43.6612751,0
                -79.3148592,43.6623933,0
                -79.3285396,43.6590484,0
                -79.347079,43.6510841,0
                -79.3480327,43.65016,0
              </coordinates>
            </LinearRing>
          </outerBoundaryIs>
        </Polygon>
      </Placemark>
      <Placemark>
        <name>Port Union</name>
        <description><![CDATA[description: Once overlooked, now quietly influential in Kindred politics.<br>faction: Nominally Camarilla<br>kindredpop: 4]]></description>
        <styleUrl>#poly-757575-1200-76</styleUrl>
        <ExtendedData>
          <Data name="description">
            <value>Once overlooked, now quietly influential in Kindred politics.</value>
          </Data>
          <Data name="faction">
            <value>Nominally Camarilla</value>
          </Data>
          <Data name="kindredpop">
            <value>4.0</value>
          </Data>
        </ExtendedData>
        <Polygon>
          <outerBoundaryIs>
            <LinearRing>
              <tessellate>1</tessellate>
              <coordinates>
                -79.144603,43.7974438,0
                -79.14765,43.7961273,0
                -79.1519234,43.7954261,0
                -79.1689178,43.7844593,0
                -79.1753122,43.7801835,0
                -79.1742576,43.7793356,0
                -79.1704381,43.7801257,0
                -79.1693223,43.778499,0
                -79.1678203,43.7791807,0
                -79.1677344,43.7802187,0
                -79.1655457,43.7796455,0
                -79.1660607,43.7782666,0
                -79.1652239,43.7779413,0
                -79.163915,43.7791652,0
                -79.1631425,43.7790413,0
                -79.1629064,43.7770582,0
                -79.1597307,43.7766088,0
                -79.1576922,43.7748891,0
                -79.152714,43.7716043,0
                -79.1515768,43.7716973,0
                -79.1503966,43.7702717,0
                -79.1488731,43.7710155,0
                -79.1471351,43.7699153,0
                -79.1462124,43.7703957,0
                -79.1453755,43.769373,0
                -79.1455901,43.7685363,0
                -79.144367,43.7663359,0
                -79.1325868,43.7742383,0
                -79.1348398,43.775168,0
                -79.1411698,43.7903809,0
                -79.1434014,43.7960189,0
                -79.144603,43.7974438,0
              </coordinates>
            </LinearRing>
          </outerBoundaryIs>
        </Polygon>
      </Placemark>
      <Placemark>
        <name>Princess Gardens</name>
        <description><![CDATA[description: Rebuilt again and again, the past here refuses to die.<br>faction: Uncontested<br>kindredpop: 0]]></description>
        <styleUrl>#poly-BDBDBD-1200-76</styleUrl>
        <ExtendedData>
          <Data name="description">
            <value>Rebuilt again and again, the past here refuses to die.</value>
          </Data>
          <Data name="faction">
            <value>Uncontested</value>
          </Data>
          <Data name="kindredpop">
            <value>0.0</value>
          </Data>
        </ExtendedData>
        <Polygon>
          <outerBoundaryIs>
            <LinearRing>
              <tessellate>1</tessellate>
              <coordinates>
                -79.5450547,43.6638505,0
                -79.5434454,43.6642075,0
                -79.5414713,43.6653251,0
                -79.5397547,43.6657442,0
                -79.5388964,43.6664116,0
                -79.5346478,43.6660546,0
                -79.5331243,43.6664116,0
                -79.5390167,43.6797806,0
                -79.5615319,43.6747426,0
                -79.563196,43.674523,0
                -79.5551333,43.6570956,0
                -79.5431879,43.6597989,0
                -79.5450547,43.6638505,0
              </coordinates>
            </LinearRing>
          </outerBoundaryIs>
        </Polygon>
      </Placemark>
      <Placemark>
        <name>Queen-River</name>
        <description><![CDATA[description: An overlooked corner ideal for secret rites or quiet feeding.<br>faction: Camarilla Held<br>kindredpop: 0]]></description>
        <styleUrl>#poly-C2185B-1200-76</styleUrl>
        <ExtendedData>
          <Data name="description">
            <value>An overlooked corner ideal for secret rites or quiet feeding.</value>
          </Data>
          <Data name="faction">
            <value>Camarilla Held</value>
          </Data>
          <Data name="kindredpop">
            <value>0.0</value>
          </Data>
        </ExtendedData>
        <Polygon>
          <outerBoundaryIs>
            <LinearRing>
              <tessellate>1</tessellate>
              <coordinates>
                -79.3558139,43.6617376,0
                -79.3564791,43.6644231,0
                -79.3568683,43.6643067,0
                -79.3591982,43.6637202,0
                -79.3574386,43.6595289,0
                -79.3564882,43.6574065,0
                -79.354505,43.6579344,0
                -79.3558139,43.6617376,0
              </coordinates>
            </LinearRing>
          </outerBoundaryIs>
        </Polygon>
      </Placemark>
      <Placemark>
        <name>Queensway/Stonegate</name>
        <description><![CDATA[description: Industrial grit and decay make this a haven for outcasts and hunters alike.<br>faction: Nominally Camarilla<br>kindredpop: 0]]></description>
        <styleUrl>#poly-757575-1200-76</styleUrl>
        <ExtendedData>
          <Data name="description">
            <value>Industrial grit and decay make this a haven for outcasts and hunters alike.</value>
          </Data>
          <Data name="faction">
            <value>Nominally Camarilla</value>
          </Data>
          <Data name="kindredpop">
            <value>0.0</value>
          </Data>
        </ExtendedData>
        <Polygon>
          <outerBoundaryIs>
            <LinearRing>
              <tessellate>1</tessellate>
              <coordinates>
                -79.5288613,43.626353,0
                -79.5258951,43.6180174,0
                -79.5159993,43.6197846,0
                -79.5132351,43.6203786,0
                -79.5025492,43.6225688,0
                -79.4990434,43.6233342,0
                -79.4886292,43.625856,0
                -79.4888887,43.6260571,0
                -79.4903264,43.6263677,0
                -79.4928584,43.6285422,0
                -79.4934378,43.6303128,0
                -79.4961629,43.6315863,0
                -79.4978795,43.6308719,0
                -79.4991026,43.6317572,0
                -79.4986091,43.6326424,0
                -79.4991455,43.6337451,0
                -79.5018492,43.6334811,0
                -79.5026646,43.6340867,0
                -79.5031765,43.6359046,0
                -79.5051721,43.635889,0
                -79.5052579,43.6375973,0
                -79.5190766,43.6343361,0
                -79.5169309,43.6289313,0
                -79.5288613,43.626353,0
              </coordinates>
            </LinearRing>
          </outerBoundaryIs>
        </Polygon>
      </Placemark>
      <Placemark>
        <name>Regal Heights</name>
        <description><![CDATA[description: Industrial grit and decay make this a haven for outcasts and hunters alike.<br>faction: Nominally Camarilla<br>kindredpop: 0]]></description>
        <styleUrl>#poly-757575-1200-76</styleUrl>
        <ExtendedData>
          <Data name="description">
            <value>Industrial grit and decay make this a haven for outcasts and hunters alike.</value>
          </Data>
          <Data name="faction">
            <value>Nominally Camarilla</value>
          </Data>
          <Data name="kindredpop">
            <value>0.0</value>
          </Data>
        </ExtendedData>
        <Polygon>
          <outerBoundaryIs>
            <LinearRing>
              <tessellate>1</tessellate>
              <coordinates>
                -79.4423,43.6761104,0
                -79.4410113,43.6729922,0
                -79.4385436,43.673613,0
                -79.4344358,43.6743334,0
                -79.4337392,43.6743698,0
                -79.4359279,43.6795221,0
                -79.4429922,43.6778901,0
                -79.4423,43.6761104,0
              </coordinates>
            </LinearRing>
          </outerBoundaryIs>
        </Polygon>
      </Placemark>
      <Placemark>
        <name>Regent Park</name>
        <description><![CDATA[description: Quiet streets conceal old grudges and hidden feeding grounds.<br>faction: Nominally Camarilla<br>kindredpop: 0]]></description>
        <styleUrl>#poly-757575-1200-76</styleUrl>
        <ExtendedData>
          <Data name="description">
            <value>Quiet streets conceal old grudges and hidden feeding grounds.</value>
          </Data>
          <Data name="faction">
            <value>Nominally Camarilla</value>
          </Data>
          <Data name="kindredpop">
            <value>0.0</value>
          </Data>
        </ExtendedData>
        <Polygon>
          <outerBoundaryIs>
            <LinearRing>
              <tessellate>1</tessellate>
              <coordinates>
                -79.3574386,43.6595289,0
                -79.3591982,43.6637202,0
                -79.3670821,43.6619317,0
                -79.3650222,43.6569331,0
                -79.3637974,43.6572009,0
                -79.3600779,43.6580386,0
                -79.35952,43.6583181,0
                -79.3574386,43.6595289,0
              </coordinates>
            </LinearRing>
          </outerBoundaryIs>
        </Polygon>
      </Placemark>
      <Placemark>
        <name>Rexdale</name>
        <description><![CDATA[description: Local Kindred speak of old blood and older debts.<br>faction: Nominally Camarilla<br>kindredpop: 0]]></description>
        <styleUrl>#poly-757575-1200-76</styleUrl>
        <ExtendedData>
          <Data name="description">
            <value>Local Kindred speak of old blood and older debts.</value>
          </Data>
          <Data name="faction">
            <value>Nominally Camarilla</value>
          </Data>
          <Data name="kindredpop">
            <value>0.0</value>
          </Data>
        </ExtendedData>
        <Polygon>
          <outerBoundaryIs>
            <LinearRing>
              <tessellate>1</tessellate>
              <coordinates>
                -79.5667831,43.7118539,0
                -79.5549384,43.7143665,0
                -79.5621053,43.729998,0
                -79.5669547,43.7320447,0
                -79.5684997,43.7349905,0
                -79.5700876,43.7360758,0
                -79.5737783,43.7357967,0
                -79.5772115,43.7338742,0
                -79.5802156,43.733006,0
                -79.5793144,43.7292227,0
                -79.5809022,43.7281683,0
                -79.5855371,43.7291297,0
                -79.5903865,43.7260285,0
                -79.5919744,43.7258734,0
                -79.592189,43.7244468,0
                -79.5939914,43.7234853,0
                -79.5909873,43.717034,0
                -79.5862237,43.7172512,0
                -79.5827047,43.7179646,0
                -79.581503,43.7190812,0
                -79.5776836,43.7201667,0
                -79.5765249,43.7215934,0
                -79.5718471,43.7224619,0
                -79.5667831,43.7118539,0
              </coordinates>
            </LinearRing>
          </outerBoundaryIs>
        </Polygon>
      </Placemark>
      <Placemark>
        <name>Richview</name>
        <description><![CDATA[description: Rebuilt again and again, the past here refuses to die.<br>faction: Nominally Camarilla<br>kindredpop: 0]]></description>
        <styleUrl>#poly-757575-1200-76</styleUrl>
        <ExtendedData>
          <Data name="description">
            <value>Rebuilt again and again, the past here refuses to die.</value>
          </Data>
          <Data name="faction">
            <value>Nominally Camarilla</value>
          </Data>
          <Data name="kindredpop">
            <value>0.0</value>
          </Data>
        </ExtendedData>
        <Polygon>
          <outerBoundaryIs>
            <LinearRing>
              <tessellate>1</tessellate>
              <coordinates>
                -79.577668,43.6772878,0
                -79.5735911,43.6733768,0
                -79.5643214,43.6744322,0
                -79.5615319,43.6747426,0
                -79.5390167,43.6797806,0
                -79.5266823,43.6823325,0
                -79.5342354,43.699834,0
                -79.569135,43.6919785,0
                -79.577668,43.6772878,0
              </coordinates>
            </LinearRing>
          </outerBoundaryIs>
        </Polygon>
      </Placemark>
      <Placemark>
        <name>Riverdale</name>
        <description><![CDATA[description: Industrial grit and decay make this a haven for outcasts and hunters alike.<br>faction: East York Barony<br>kindredpop: 0]]></description>
        <styleUrl>#poly-0097A7-1200-76</styleUrl>
        <ExtendedData>
          <Data name="description">
            <value>Industrial grit and decay make this a haven for outcasts and hunters alike.</value>
          </Data>
          <Data name="faction">
            <value>East York Barony</value>
          </Data>
          <Data name="kindredpop">
            <value>0.0</value>
          </Data>
        </ExtendedData>
        <Polygon>
          <outerBoundaryIs>
            <LinearRing>
              <tessellate>1</tessellate>
              <coordinates>
                -79.3615896,43.6756706,0
                -79.3606025,43.6733736,0
                -79.3579847,43.6704713,0
                -79.3563968,43.6667152,0
                -79.3559247,43.6646197,0
                -79.3427497,43.6676465,0
                -79.3423849,43.667662,0
                -79.3422296,43.6678808,0
                -79.3401696,43.6697743,0
                -79.3376376,43.6715127,0
                -79.3367364,43.6720094,0
                -79.3400889,43.6799382,0
                -79.3531977,43.6773033,0
                -79.3588411,43.6761859,0
                -79.3589054,43.6763256,0
                -79.3588626,43.6761859,0
                -79.3601704,43.6759454,0
                -79.3615896,43.6756706,0
              </coordinates>
            </LinearRing>
          </outerBoundaryIs>
        </Polygon>
      </Placemark>
      <Placemark>
        <name>Riverside</name>
        <description><![CDATA[description: Popular with the living, and increasingly with the dead.<br>faction: East York Barony<br>kindredpop: 0]]></description>
        <styleUrl>#poly-0097A7-1200-76</styleUrl>
        <ExtendedData>
          <Data name="description">
            <value>Popular with the living, and increasingly with the dead.</value>
          </Data>
          <Data name="faction">
            <value>East York Barony</value>
          </Data>
          <Data name="kindredpop">
            <value>0.0</value>
          </Data>
        </ExtendedData>
        <Polygon>
          <outerBoundaryIs>
            <LinearRing>
              <tessellate>1</tessellate>
              <coordinates>
                -79.3551157,43.6617684,0
                -79.3537206,43.6580251,0
                -79.3524761,43.6567366,0
                -79.3492892,43.6537701,0
                -79.3483665,43.6543445,0
                -79.3473365,43.6553381,0
                -79.3463066,43.6569992,0
                -79.3452766,43.6628516,0
                -79.3444827,43.6647298,0
                -79.3424064,43.667662,0
                -79.3427712,43.6676465,0
                -79.3559462,43.6646197,0
                -79.3551157,43.6617684,0
              </coordinates>
            </LinearRing>
          </outerBoundaryIs>
        </Polygon>
      </Placemark>
      <Placemark>
        <name>Roncesvalles</name>
        <description><![CDATA[description: Rebuilt again and again, the past here refuses to die.<br>faction: Camarilla Held<br>kindredpop: 1]]></description>
        <styleUrl>#poly-C2185B-1200-76</styleUrl>
        <ExtendedData>
          <Data name="description">
            <value>Rebuilt again and again, the past here refuses to die.</value>
          </Data>
          <Data name="faction">
            <value>Camarilla Held</value>
          </Data>
          <Data name="kindredpop">
            <value>1.0</value>
          </Data>
        </ExtendedData>
        <Polygon>
          <outerBoundaryIs>
            <LinearRing>
              <tessellate>1</tessellate>
              <coordinates>
                -79.4600359,43.6546833,0
                -79.4541217,43.6397753,0
                -79.4527055,43.6397442,0
                -79.4506885,43.6392473,0
                -79.4474356,43.6384853,0
                -79.4409423,43.6397439,0
                -79.4422083,43.6429738,0
                -79.4391935,43.6435716,0
                -79.4410657,43.6481134,0
                -79.4408543,43.6481588,0
                -79.4440944,43.6507361,0
                -79.4499953,43.6568065,0
                -79.4600359,43.6546833,0
              </coordinates>
            </LinearRing>
          </outerBoundaryIs>
        </Polygon>
      </Placemark>
      <Placemark>
        <name>Rosedale</name>
        <description><![CDATA[description: Popular with the living, and increasingly with the dead.<br>faction: Nominally Camarilla<br>kindredpop: 3]]></description>
        <styleUrl>#poly-757575-1200-76</styleUrl>
        <ExtendedData>
          <Data name="description">
            <value>Popular with the living, and increasingly with the dead.</value>
          </Data>
          <Data name="faction">
            <value>Nominally Camarilla</value>
          </Data>
          <Data name="kindredpop">
            <value>3.0</value>
          </Data>
        </ExtendedData>
        <Polygon>
          <outerBoundaryIs>
            <LinearRing>
              <tessellate>1</tessellate>
              <coordinates>
                -79.3912936,43.6810661,0
                -79.3892838,43.6761702,0
                -79.3890058,43.6756193,0
                -79.3878321,43.6758094,0
                -79.3870951,43.6743989,0
                -79.3863619,43.6738489,0
                -79.3839568,43.6734963,0
                -79.3826153,43.6734004,0
                -79.3809304,43.6732734,0
                -79.3783658,43.6731464,0
                -79.3771636,43.6731936,0
                -79.3768626,43.672294,0
                -79.3759943,43.6724607,0
                -79.3711591,43.6718656,0
                -79.3698931,43.6725951,0
                -79.3670035,43.6746024,0
                -79.3646861,43.6750836,0
                -79.3657375,43.6767596,0
                -79.3681623,43.6786685,0
                -79.3686558,43.6792427,0
                -79.3686558,43.6806083,0
                -79.3661667,43.6829205,0
                -79.3673898,43.6851239,0
                -79.3679262,43.6868308,0
                -79.3674112,43.687948,0
                -79.3675196,43.6886651,0
                -79.3684101,43.6897512,0
                -79.3691289,43.6899607,0
                -79.3698477,43.6898909,0
                -79.3710488,43.6903989,0
                -79.3733935,43.688105,0
                -79.3760757,43.6865068,0
                -79.3781356,43.6858396,0
                -79.3824272,43.6849241,0
                -79.3840664,43.6843421,0
                -79.3896843,43.6818187,0
                -79.3912936,43.6810661,0
              </coordinates>
            </LinearRing>
          </outerBoundaryIs>
        </Polygon>
      </Placemark>
      <Placemark>
        <name>Rouge </name>
        <description><![CDATA[description: Rebuilt again and again, the past here refuses to die.<br>faction: Nominally Camarilla<br>kindredpop: 0]]></description>
        <styleUrl>#poly-757575-1200-76</styleUrl>
        <ExtendedData>
          <Data name="description">
            <value>Rebuilt again and again, the past here refuses to die.</value>
          </Data>
          <Data name="faction">
            <value>Nominally Camarilla</value>
          </Data>
          <Data name="kindredpop">
            <value>0.0</value>
          </Data>
        </ExtendedData>
        <Polygon>
          <outerBoundaryIs>
            <LinearRing>
              <tessellate>1</tessellate>
              <coordinates>
                -79.1901804,43.8043024,0
                -79.1874338,43.7977979,0
                -79.1752693,43.7996079,0
                -79.1676089,43.7999331,0
                -79.1547558,43.7956585,0
                -79.1519234,43.7954261,0
                -79.1473508,43.7962181,0
                -79.144603,43.7974438,0
                -79.1340471,43.804767,0
                -79.1338754,43.8065014,0
                -79.1384244,43.8063775,0
                -79.1398407,43.8076164,0
                -79.1460634,43.8035591,0
                -79.1509128,43.8061607,0
                -79.1552902,43.805882,0
                -79.1552473,43.8079261,0
                -79.1528011,43.8087313,0
                -79.1546464,43.8112398,0
                -79.1561056,43.8102798,0
                -79.1587663,43.8091029,0
                -79.1597534,43.8101869,0
                -79.1606546,43.8122308,0
                -79.1642166,43.8115805,0
                -79.164002,43.8129121,0
                -79.1651607,43.8137173,0
                -79.1659332,43.8126953,0
                -79.1681219,43.8116424,0
                -79.1717268,43.8139031,0
                -79.1743446,43.8133766,0
                -79.1760612,43.812045,0
                -79.1776491,43.8122927,0
                -79.1783786,43.815792,0
                -79.1798807,43.8160707,0
                -79.1816831,43.814894,0
                -79.184258,43.8154204,0
                -79.1855026,43.8148321,0
                -79.1873909,43.8135315,0
                -79.189322,43.8109921,0
                -79.1919828,43.8089481,0
                -79.1901804,43.8043024,0
              </coordinates>
            </LinearRing>
          </outerBoundaryIs>
        </Polygon>
      </Placemark>
      <Placemark>
        <name>Runnymede</name>
        <description><![CDATA[description: Rebuilt again and again, the past here refuses to die.<br>faction: Nominally Camarilla<br>kindredpop: 0]]></description>
        <styleUrl>#poly-757575-1200-76</styleUrl>
        <ExtendedData>
          <Data name="description">
            <value>Rebuilt again and again, the past here refuses to die.</value>
          </Data>
          <Data name="faction">
            <value>Nominally Camarilla</value>
          </Data>
          <Data name="kindredpop">
            <value>0.0</value>
          </Data>
        </ExtendedData>
        <Polygon>
          <outerBoundaryIs>
            <LinearRing>
              <tessellate>1</tessellate>
              <coordinates>
                -79.4878743,43.6667052,0
                -79.4915208,43.6664789,0
                -79.4890725,43.6604115,0
                -79.4881683,43.6582896,0
                -79.4799676,43.6600875,0
                -79.4810722,43.6629643,0
                -79.4828103,43.6670156,0
                -79.4878743,43.6667052,0
              </coordinates>
            </LinearRing>
          </outerBoundaryIs>
        </Polygon>
      </Placemark>
      <Placemark>
        <name>Scarborough Centre</name>
        <description><![CDATA[description: A hotspot of nightlife and secrets where the lines between predator and prey blur.<br>faction: Scarborough Barony<br>kindredpop: 2]]></description>
        <styleUrl>#poly-9C27B0-1200-76</styleUrl>
        <ExtendedData>
          <Data name="description">
            <value>A hotspot of nightlife and secrets where the lines between predator and prey blur.</value>
          </Data>
          <Data name="faction">
            <value>Scarborough Barony</value>
          </Data>
          <Data name="kindredpop">
            <value>2.0</value>
          </Data>
        </ExtendedData>
        <Polygon>
          <outerBoundaryIs>
            <LinearRing>
              <tessellate>1</tessellate>
              <coordinates>
                -79.2614136,43.7699949,0
                -79.241792,43.7743232,0
                -79.2316313,43.7765666,0
                -79.2353309,43.7855057,0
                -79.2547358,43.7811093,0
                -79.2748154,43.7771276,0
                -79.2720779,43.7706173,0
                -79.2711338,43.7680141,0
                -79.2614136,43.7699949,0
              </coordinates>
            </LinearRing>
          </outerBoundaryIs>
        </Polygon>
      </Placemark>
      <Placemark>
        <name>Scarborough Junction</name>
        <description><![CDATA[description: Wealthy, aloof, and ruthless beneath the smiles.<br>faction: Contested<br>kindredpop: 1]]></description>
        <styleUrl>#poly-F9A825-1200-76</styleUrl>
        <ExtendedData>
          <Data name="description">
            <value>Wealthy, aloof, and ruthless beneath the smiles.</value>
          </Data>
          <Data name="faction">
            <value>Contested</value>
          </Data>
          <Data name="kindredpop">
            <value>1.0</value>
          </Data>
        </ExtendedData>
        <Polygon>
          <outerBoundaryIs>
            <LinearRing>
              <tessellate>1</tessellate>
              <coordinates>
                -79.2481966,43.7366753,0
                -79.2681308,43.7324271,0
                -79.2675729,43.7308766,0
                -79.2701907,43.7284578,0
                -79.2743964,43.7235888,0
                -79.2755122,43.7217589,0
                -79.2785592,43.714656,0
                -79.2795677,43.708483,0
                -79.2757864,43.6995499,0
                -79.2712374,43.7004652,0
                -79.264998,43.7017353,0
                -79.2643328,43.7029298,0
                -79.2591891,43.7107017,0
                -79.2523137,43.7211438,0
                -79.2458334,43.7303856,0
                -79.2454929,43.7307526,0
                -79.2481966,43.7366753,0
              </coordinates>
            </LinearRing>
          </outerBoundaryIs>
        </Polygon>
      </Placemark>
      <Placemark>
        <name>Scarborough Village</name>
        <description><![CDATA[description: Wealthy, aloof, and ruthless beneath the smiles.<br>faction: Uncontested<br>kindredpop: 0]]></description>
        <styleUrl>#poly-BDBDBD-1200-76</styleUrl>
        <ExtendedData>
          <Data name="description">
            <value>Wealthy, aloof, and ruthless beneath the smiles.</value>
          </Data>
          <Data name="faction">
            <value>Uncontested</value>
          </Data>
          <Data name="kindredpop">
            <value>0.0</value>
          </Data>
        </ExtendedData>
        <Polygon>
          <outerBoundaryIs>
            <LinearRing>
              <tessellate>1</tessellate>
              <coordinates>
                -79.2209059,43.7477849,0
                -79.223395,43.7457078,0
                -79.2287317,43.7415794,0
                -79.2245474,43.7320137,0
                -79.2251912,43.7314865,0
                -79.2245689,43.7302616,0
                -79.2235175,43.7297809,0
                -79.221951,43.7293933,0
                -79.2205992,43.7288816,0
                -79.2196122,43.7283699,0
                -79.2179266,43.7279623,0
                -79.2174759,43.7289857,0
                -79.2150479,43.7316154,0
                -79.2119613,43.734614,0
                -79.2076322,43.7398658,0
                -79.2053792,43.7443499,0
                -79.2044565,43.7477524,0
                -79.2047891,43.7489072,0
                -79.2060015,43.7496822,0
                -79.2019996,43.7542314,0
                -79.2030102,43.7541089,0
                -79.2067009,43.753148,0
                -79.2115932,43.751102,0
                -79.2188889,43.748932,0
                -79.2209059,43.7477849,0
              </coordinates>
            </LinearRing>
          </outerBoundaryIs>
        </Polygon>
      </Placemark>
      <Placemark>
        <name>Seaton Village</name>
        <description><![CDATA[description: Well-patrolled and heavily surveilled—perfect for Kindred hiding in plain sight.<br>faction: Nominally Camarilla<br>kindredpop: 0]]></description>
        <styleUrl>#poly-757575-1200-76</styleUrl>
        <ExtendedData>
          <Data name="description">
            <value>Well-patrolled and heavily surveilled—perfect for Kindred hiding in plain sight.</value>
          </Data>
          <Data name="faction">
            <value>Nominally Camarilla</value>
          </Data>
          <Data name="kindredpop">
            <value>0.0</value>
          </Data>
        </ExtendedData>
        <Polygon>
          <outerBoundaryIs>
            <LinearRing>
              <tessellate>1</tessellate>
              <coordinates>
                -79.4112053,43.6651121,0
                -79.4143717,43.6731405,0
                -79.4216338,43.6716622,0
                -79.4187799,43.6642895,0
                -79.4189516,43.6636065,0
                -79.4188872,43.6633892,0
                -79.4112053,43.6651121,0
              </coordinates>
            </LinearRing>
          </outerBoundaryIs>
        </Polygon>
      </Placemark>
      <Placemark>
        <name>Silverthorn</name>
        <description><![CDATA[description: Well-patrolled and heavily surveilled—perfect for Kindred hiding in plain sight.<br>faction: Uncontested<br>kindredpop: 0]]></description>
        <styleUrl>#poly-BDBDBD-1200-76</styleUrl>
        <ExtendedData>
          <Data name="description">
            <value>Well-patrolled and heavily surveilled—perfect for Kindred hiding in plain sight.</value>
          </Data>
          <Data name="faction">
            <value>Uncontested</value>
          </Data>
          <Data name="kindredpop">
            <value>0.0</value>
          </Data>
        </ExtendedData>
        <Polygon>
          <outerBoundaryIs>
            <LinearRing>
              <tessellate>1</tessellate>
              <coordinates>
                -79.4757965,43.6817815,0
                -79.4723418,43.6794227,0
                -79.4657662,43.6729636,0
                -79.463064,43.6735524,0
                -79.4640082,43.6767494,0
                -79.4649094,43.6785186,0
                -79.4659394,43.6801791,0
                -79.4676989,43.681824,0
                -79.4612476,43.6832229,0
                -79.4628999,43.688871,0
                -79.4635007,43.690314,0
                -79.4646379,43.6919897,0
                -79.4656035,43.6943635,0
                -79.4665691,43.6977999,0
                -79.469445,43.6955908,0
                -79.4701316,43.6962734,0
                -79.4708826,43.6966613,0
                -79.4721272,43.6966148,0
                -79.4751312,43.695808,0
                -79.4741657,43.6918673,0
                -79.4753887,43.6909363,0
                -79.4715693,43.6820608,0
                -79.4757965,43.6817815,0
              </coordinates>
            </LinearRing>
          </outerBoundaryIs>
        </Polygon>
      </Placemark>
      <Placemark>
        <name>Smithfield</name>
        <description><![CDATA[description: A prestigious address with hidden power games beneath the surface.<br>faction: Uncontested<br>kindredpop: 1]]></description>
        <styleUrl>#poly-BDBDBD-1200-76</styleUrl>
        <ExtendedData>
          <Data name="description">
            <value>A prestigious address with hidden power games beneath the surface.</value>
          </Data>
          <Data name="faction">
            <value>Uncontested</value>
          </Data>
          <Data name="kindredpop">
            <value>1.0</value>
          </Data>
        </ExtendedData>
        <Polygon>
          <outerBoundaryIs>
            <LinearRing>
              <tessellate>1</tessellate>
              <coordinates>
                -79.6081758,43.7568185,0
                -79.6079826,43.7563381,0
                -79.5987988,43.7350392,0
                -79.6031331,43.7342485,0
                -79.6060085,43.7336438,0
                -79.6207714,43.7353493,0
                -79.6230459,43.7350392,0
                -79.6231747,43.7347601,0
                -79.6219945,43.7332872,0
                -79.6214634,43.7329034,0
                -79.6198594,43.7323957,0
                -79.6171182,43.7312367,0
                -79.6168017,43.7318918,0
                -79.6162331,43.7317755,0
                -79.6154981,43.7318569,0
                -79.6145486,43.7296435,0
                -79.6111798,43.7300467,0
                -79.6102142,43.7279689,0
                -79.6106864,43.7277363,0
                -79.610815,43.7273796,0
                -79.6084762,43.7265423,0
                -79.6069956,43.7253948,0
                -79.606266,43.725643,0
                -79.6056652,43.725674,0
                -79.6040344,43.7263252,0
                -79.6019745,43.7262012,0
                -79.6002579,43.7278138,0
                -79.5989275,43.7277208,0
                -79.5981121,43.7266354,0
                -79.5984554,43.7251778,0
                -79.5957088,43.7233479,0
                -79.5939056,43.7234853,0
                -79.5921032,43.7244468,0
                -79.5918886,43.7258734,0
                -79.5903007,43.7260285,0
                -79.5854513,43.7291297,0
                -79.5808164,43.7281683,0
                -79.5792286,43.7292227,0
                -79.5801298,43.733006,0
                -79.5774356,43.7338357,0
                -79.581933,43.7432713,0
                -79.5781136,43.7439224,0
                -79.5684453,43.7462629,0
                -79.5732519,43.747255,0
                -79.5724794,43.7497661,0
                -79.5732089,43.7504481,0
                -79.574711,43.7499831,0
                -79.5779296,43.7504171,0
                -79.5801183,43.7516881,0
                -79.5829936,43.7526801,0
                -79.5829507,43.753889,0
                -79.5840665,43.754106,0
                -79.5840236,43.7552839,0
                -79.5851823,43.7561519,0
                -79.5851394,43.7571438,0
                -79.5836803,43.7574848,0
                -79.5839378,43.7587866,0
                -79.5822641,43.7585386,0
                -79.5804616,43.7591585,0
                -79.580805,43.7603364,0
                -79.57926,43.7608633,0
                -79.577243,43.762289,0
                -79.5780584,43.762568,0
                -79.5785304,43.7621031,0
                -79.5796033,43.762444,0
                -79.5823407,43.760693,0
                -79.5853448,43.7600421,0
                -79.5891643,43.7598252,0
                -79.5916533,43.7592982,0
                -79.595387,43.7596082,0
                -79.6081758,43.7568185,0
              </coordinates>
            </LinearRing>
          </outerBoundaryIs>
        </Polygon>
      </Placemark>
      <Placemark>
        <name>South Hill</name>
        <description><![CDATA[description: Rebuilt again and again, the past here refuses to die.<br>faction: Nominally Camarilla<br>kindredpop: 2]]></description>
        <styleUrl>#poly-757575-1200-76</styleUrl>
        <ExtendedData>
          <Data name="description">
            <value>Rebuilt again and again, the past here refuses to die.</value>
          </Data>
          <Data name="faction">
            <value>Nominally Camarilla</value>
          </Data>
          <Data name="kindredpop">
            <value>2.0</value>
          </Data>
        </ExtendedData>
        <Polygon>
          <outerBoundaryIs>
            <LinearRing>
              <tessellate>1</tessellate>
              <coordinates>
                -79.3978904,43.6780638,0
                -79.4002252,43.6834405,0
                -79.4014912,43.686637,0
                -79.4111316,43.6846554,0
                -79.4073747,43.6755031,0
                -79.4070976,43.6748477,0
                -79.4055723,43.6751927,0
                -79.4029786,43.6757301,0
                -79.4004492,43.6764149,0
                -79.3995882,43.6767389,0
                -79.39759,43.6772607,0
                -79.3978904,43.6780638,0
              </coordinates>
            </LinearRing>
          </outerBoundaryIs>
        </Polygon>
      </Placemark>
      <Placemark>
        <name>St. James Town</name>
        <description><![CDATA[description: Local Kindred speak of old blood and older debts.<br>faction: Nominally Camarilla<br>kindredpop: 0]]></description>
        <styleUrl>#poly-757575-1200-76</styleUrl>
        <ExtendedData>
          <Data name="description">
            <value>Local Kindred speak of old blood and older debts.</value>
          </Data>
          <Data name="faction">
            <value>Nominally Camarilla</value>
          </Data>
          <Data name="kindredpop">
            <value>0.0</value>
          </Data>
        </ExtendedData>
        <Polygon>
          <outerBoundaryIs>
            <LinearRing>
              <tessellate>1</tessellate>
              <coordinates>
                -79.3762833,43.6708816,0
                -79.3746352,43.6670541,0
                -79.3695927,43.6681872,0
                -79.3711591,43.6718656,0
                -79.3759943,43.6724607,0
                -79.3768626,43.672294,0
                -79.3762833,43.6708816,0
              </coordinates>
            </LinearRing>
          </outerBoundaryIs>
        </Polygon>
      </Placemark>
      <Placemark>
        <name>St. Lawrence</name>
        <description><![CDATA[description: A hotspot of nightlife and secrets where the lines between predator and prey blur.<br>faction: Nominally Camarilla<br>kindredpop: 0]]></description>
        <styleUrl>#poly-757575-1200-76</styleUrl>
        <ExtendedData>
          <Data name="description">
            <value>A hotspot of nightlife and secrets where the lines between predator and prey blur.</value>
          </Data>
          <Data name="faction">
            <value>Nominally Camarilla</value>
          </Data>
          <Data name="kindredpop">
            <value>0.0</value>
          </Data>
        </ExtendedData>
        <Polygon>
          <outerBoundaryIs>
            <LinearRing>
              <tessellate>1</tessellate>
              <coordinates>
                -79.3779411,43.6491822,0
                -79.376203,43.6450365,0
                -79.3614831,43.6483593,0
                -79.3621377,43.6501746,0
                -79.3627436,43.6515668,0
                -79.369637,43.649974,0
                -79.3713751,43.649384,0
                -79.37189,43.6503622,0
                -79.3779411,43.6491822,0
              </coordinates>
            </LinearRing>
          </outerBoundaryIs>
        </Polygon>
      </Placemark>
      <Placemark>
        <name>Steeles</name>
        <description><![CDATA[description: Once overlooked, now quietly influential in Kindred politics.<br>faction: Nominally Camarilla<br>kindredpop: 0]]></description>
        <styleUrl>#poly-757575-1200-76</styleUrl>
        <ExtendedData>
          <Data name="description">
            <value>Once overlooked, now quietly influential in Kindred politics.</value>
          </Data>
          <Data name="faction">
            <value>Nominally Camarilla</value>
          </Data>
          <Data name="kindredpop">
            <value>0.0</value>
          </Data>
        </ExtendedData>
        <Polygon>
          <outerBoundaryIs>
            <LinearRing>
              <tessellate>1</tessellate>
              <coordinates>
                -79.3321972,43.8178492,0
                -79.3412367,43.8156218,0
                -79.3363077,43.8040544,0
                -79.334634,43.8043641,0
                -79.3320806,43.8038531,0
                -79.3079929,43.809519,0
                -79.3053014,43.8104654,0
                -79.3031771,43.8118435,0
                -79.3019325,43.8121222,0
                -79.3071993,43.8237754,0
                -79.3321972,43.8178492,0
              </coordinates>
            </LinearRing>
          </outerBoundaryIs>
        </Polygon>
      </Placemark>
      <Placemark>
        <name>Summerhill</name>
        <description><![CDATA[description: Popular with the living, and increasingly with the dead.<br>faction: Nominally Camarilla<br>kindredpop: 1]]></description>
        <styleUrl>#poly-757575-1200-76</styleUrl>
        <ExtendedData>
          <Data name="description">
            <value>Popular with the living, and increasingly with the dead.</value>
          </Data>
          <Data name="faction">
            <value>Nominally Camarilla</value>
          </Data>
          <Data name="kindredpop">
            <value>1.0</value>
          </Data>
        </ExtendedData>
        <Polygon>
          <outerBoundaryIs>
            <LinearRing>
              <tessellate>1</tessellate>
              <coordinates>
                -79.3969013,43.6755339,0
                -79.3931891,43.6762322,0
                -79.3916012,43.6759529,0
                -79.3906142,43.6761236,0
                -79.3892838,43.6761702,0
                -79.3912936,43.6810661,0
                -79.3840664,43.6843421,0
                -79.3844848,43.6845438,0
                -79.3854623,43.6853336,0
                -79.38587,43.6850078,0
                -79.3864923,43.6847905,0
                -79.3866854,43.6854733,0
                -79.3882733,43.6851474,0
                -79.3880802,43.6846819,0
                -79.3887668,43.6846509,0
                -79.388917,43.6852095,0
                -79.3900543,43.6850233,0
                -79.3902903,43.6855819,0
                -79.4002252,43.6834405,0
                -79.3993045,43.6812913,0
                -79.3978904,43.6780638,0
                -79.3969013,43.6755339,0
              </coordinates>
            </LinearRing>
          </outerBoundaryIs>
        </Polygon>
      </Placemark>
      <Placemark>
        <name>Sunnylea</name>
        <description><![CDATA[description: A hotspot of nightlife and secrets where the lines between predator and prey blur.<br>faction: Uncontested<br>kindredpop: 0]]></description>
        <styleUrl>#poly-BDBDBD-1200-76</styleUrl>
        <ExtendedData>
          <Data name="description">
            <value>A hotspot of nightlife and secrets where the lines between predator and prey blur.</value>
          </Data>
          <Data name="faction">
            <value>Uncontested</value>
          </Data>
          <Data name="kindredpop">
            <value>0.0</value>
          </Data>
        </ExtendedData>
        <Polygon>
          <outerBoundaryIs>
            <LinearRing>
              <tessellate>1</tessellate>
              <coordinates>
                -79.5342018,43.6385783,0
                -79.5310689,43.6314656,0
                -79.5190766,43.6343361,0
                -79.5052579,43.6375973,0
                -79.5051721,43.635889,0
                -79.5031765,43.6359046,0
                -79.5026646,43.6340867,0
                -79.4842539,43.6382642,0
                -79.4851495,43.6420878,0
                -79.4896556,43.6413113,0
                -79.4911148,43.6442617,0
                -79.4928743,43.6463734,0
                -79.4919424,43.648454,0
                -79.4967918,43.6499445,0
                -79.4991522,43.6500687,0
                -79.5169765,43.6461623,0
                -79.528022,43.6436406,0
                -79.5342018,43.6385783,0
              </coordinates>
            </LinearRing>
          </outerBoundaryIs>
        </Polygon>
      </Placemark>
      <Placemark>
        <name>Swansea</name>
        <description><![CDATA[description: Once overlooked, now quietly influential in Kindred politics.<br>faction: Uncontested<br>kindredpop: 0]]></description>
        <styleUrl>#poly-BDBDBD-1200-76</styleUrl>
        <ExtendedData>
          <Data name="description">
            <value>Once overlooked, now quietly influential in Kindred politics.</value>
          </Data>
          <Data name="faction">
            <value>Uncontested</value>
          </Data>
          <Data name="kindredpop">
            <value>0.0</value>
          </Data>
        </ExtendedData>
        <Polygon>
          <outerBoundaryIs>
            <LinearRing>
              <tessellate>1</tessellate>
              <coordinates>
                -79.4678507,43.6318779,0
                -79.4633446,43.6332135,0
                -79.4663828,43.6377089,0
                -79.4674986,43.6389512,0
                -79.4667475,43.6396034,0
                -79.4676488,43.640442,0
                -79.4691937,43.6429886,0
                -79.470846,43.647181,0
                -79.4711249,43.6473828,0
                -79.4707601,43.6500223,0
                -79.470052,43.6501,0
                -79.4695156,43.6506744,0
                -79.4694512,43.6512955,0
                -79.4700791,43.6525829,0
                -79.484563,43.6493458,0
                -79.4857197,43.6483086,0
                -79.4868999,43.6478584,0
                -79.4881444,43.6477264,0
                -79.4902794,43.6478972,0
                -79.4919424,43.648454,0
                -79.4928743,43.6463734,0
                -79.4911148,43.6442617,0
                -79.4896556,43.6413113,0
                -79.4851495,43.6420878,0
                -79.4842539,43.6382642,0
                -79.4806705,43.6380779,0
                -79.4779024,43.6380624,0
                -79.4754777,43.6340402,0
                -79.4700489,43.631167,0
                -79.4678507,43.6318779,0
              </coordinates>
            </LinearRing>
          </outerBoundaryIs>
        </Polygon>
      </Placemark>
      <Placemark>
        <name>Syme</name>
        <description><![CDATA[description: A prestigious address with hidden power games beneath the surface.<br>faction: Nominally Camarilla<br>kindredpop: 0]]></description>
        <styleUrl>#poly-757575-1200-76</styleUrl>
        <ExtendedData>
          <Data name="description">
            <value>A prestigious address with hidden power games beneath the surface.</value>
          </Data>
          <Data name="faction">
            <value>Nominally Camarilla</value>
          </Data>
          <Data name="kindredpop">
            <value>0.0</value>
          </Data>
        </ExtendedData>
        <Polygon>
          <outerBoundaryIs>
            <LinearRing>
              <tessellate>1</tessellate>
              <coordinates>
                -79.4881292,43.668022,0
                -79.4835725,43.6689818,0
                -79.4800358,43.6697613,0
                -79.4817095,43.674138,0
                -79.4835509,43.6771343,0
                -79.4855972,43.6763565,0
                -79.4891943,43.675334,0
                -79.4933356,43.6758307,0
                -79.4954261,43.675605,0
                -79.4918413,43.6671684,0
                -79.4881292,43.668022,0
              </coordinates>
            </LinearRing>
          </outerBoundaryIs>
        </Polygon>
      </Placemark>
      <Placemark>
        <name><![CDATA[Tam O'Shanter]]></name>
        <description><![CDATA[description: Well-patrolled and heavily surveilled—perfect for Kindred hiding in plain sight.<br>faction: Uncontested<br>kindredpop: 0]]></description>
        <styleUrl>#poly-BDBDBD-1200-76</styleUrl>
        <ExtendedData>
          <Data name="description">
            <value>Well-patrolled and heavily surveilled—perfect for Kindred hiding in plain sight.</value>
          </Data>
          <Data name="faction">
            <value>Uncontested</value>
          </Data>
          <Data name="kindredpop">
            <value>0.0</value>
          </Data>
        </ExtendedData>
        <Polygon>
          <outerBoundaryIs>
            <LinearRing>
              <tessellate>1</tessellate>
              <coordinates>
                -79.3229962,43.7752565,0
                -79.3197441,43.7680931,0
                -79.3128348,43.768496,0
                -79.2945656,43.772581,0
                -79.2846049,43.7748501,0
                -79.2935211,43.7951492,0
                -79.2957313,43.7945451,0
                -79.2962677,43.7940959,0
                -79.2978985,43.7917416,0
                -79.2984564,43.7913543,0
                -79.3065674,43.7894801,0
                -79.3072755,43.7890309,0
                -79.307769,43.7882099,0
                -79.3080909,43.7866763,0
                -79.3086917,43.7861187,0
                -79.3159229,43.7842752,0
                -79.3172962,43.7835006,0
                -79.3195493,43.7818275,0
                -79.3253428,43.7803093,0
                -79.3229962,43.7752565,0
              </coordinates>
            </LinearRing>
          </outerBoundaryIs>
        </Polygon>
      </Placemark>
      <Placemark>
        <name>Teddington Park</name>
        <description><![CDATA[description: Rapid change draws ambitious Kindred hoping to carve out influence.<br>faction: Nominally Camarilla<br>kindredpop: 0]]></description>
        <styleUrl>#poly-757575-1200-76</styleUrl>
        <ExtendedData>
          <Data name="description">
            <value>Rapid change draws ambitious Kindred hoping to carve out influence.</value>
          </Data>
          <Data name="faction">
            <value>Nominally Camarilla</value>
          </Data>
          <Data name="kindredpop">
            <value>0.0</value>
          </Data>
        </ExtendedData>
        <Polygon>
          <outerBoundaryIs>
            <LinearRing>
              <tessellate>1</tessellate>
              <coordinates>
                -79.4042403,43.7328862,0
                -79.4038057,43.7311112,0
                -79.3962312,43.7326617,0
                -79.3965315,43.7335333,0
                -79.3946218,43.7339055,0
                -79.3942355,43.7337349,0
                -79.3930983,43.7335488,0
                -79.3927335,43.7329597,0
                -79.3906307,43.732324,0
                -79.3881416,43.732231,0
                -79.3854808,43.7323395,0
                -79.3848156,43.732324,0
                -79.384365,43.7312386,0
                -79.3839788,43.730696,0
                -79.3833994,43.7307425,0
                -79.383099,43.7313317,0
                -79.3826913,43.7313317,0
                -79.3819188,43.730944,0
                -79.3816828,43.7302928,0
                -79.3813068,43.7302562,0
                -79.3811137,43.7319618,0
                -79.382723,43.7408919,0
                -79.388151,43.739649,0
                -79.3979357,43.7374165,0
                -79.3983005,43.7372149,0
                -79.4002531,43.7365173,0
                -79.4017552,43.7367343,0
                -79.4031499,43.7364088,0
                -79.4034932,43.7367033,0
                -79.4049095,43.7360987,0
                -79.4042403,43.7328862,0
              </coordinates>
            </LinearRing>
          </outerBoundaryIs>
        </Polygon>
      </Placemark>
      <Placemark>
        <name>The Annex</name>
        <description><![CDATA[description: Rapid change draws ambitious Kindred hoping to carve out influence.<br>faction: Nominally Camarilla<br>kindredpop: 2]]></description>
        <styleUrl>#poly-757575-1200-76</styleUrl>
        <ExtendedData>
          <Data name="description">
            <value>Rapid change draws ambitious Kindred hoping to carve out influence.</value>
          </Data>
          <Data name="faction">
            <value>Nominally Camarilla</value>
          </Data>
          <Data name="kindredpop">
            <value>2.0</value>
          </Data>
        </ExtendedData>
        <Polygon>
          <outerBoundaryIs>
            <LinearRing>
              <tessellate>1</tessellate>
              <coordinates>
                -79.3942012,43.668672,0
                -79.3969013,43.6755339,0
                -79.39759,43.6772607,0
                -79.3995882,43.6767389,0
                -79.4004492,43.6764149,0
                -79.4029786,43.6757301,0
                -79.4055723,43.6751927,0
                -79.4070976,43.6748477,0
                -79.4087713,43.6745839,0
                -79.4094361,43.6741198,0
                -79.4143717,43.6731405,0
                -79.4112053,43.6651121,0
                -79.3942012,43.668672,0
              </coordinates>
            </LinearRing>
          </outerBoundaryIs>
        </Polygon>
      </Placemark>
      <Placemark>
        <name>The Danforth</name>
        <description><![CDATA[description: A hotspot of nightlife and secrets where the lines between predator and prey blur.<br>faction: Nominally Camarilla<br>kindredpop: 1]]></description>
        <styleUrl>#poly-757575-1200-76</styleUrl>
        <ExtendedData>
          <Data name="description">
            <value>A hotspot of nightlife and secrets where the lines between predator and prey blur.</value>
          </Data>
          <Data name="faction">
            <value>Nominally Camarilla</value>
          </Data>
          <Data name="kindredpop">
            <value>1.0</value>
          </Data>
        </ExtendedData>
        <Polygon>
          <outerBoundaryIs>
            <LinearRing>
              <tessellate>1</tessellate>
              <coordinates>
                -79.3543219,43.6825299,0
                -79.3550002,43.6824244,0
                -79.3534767,43.678281,0
                -79.3534981,43.677862,0
                -79.3532192,43.6773033,0
                -79.3323642,43.6814435,0
                -79.3296769,43.6749426,0
                -79.3214586,43.6782017,0
                -79.3249034,43.6865798,0
                -79.3386256,43.6837014,0
                -79.3412112,43.6832592,0
                -79.3424128,43.6829023,0
                -79.3460392,43.6821885,0
                -79.3467902,43.684035,0
                -79.3543219,43.6825299,0
              </coordinates>
            </LinearRing>
          </outerBoundaryIs>
        </Polygon>
      </Placemark>
      <Placemark>
        <name>The Elms</name>
        <description><![CDATA[description: Rapid change draws ambitious Kindred hoping to carve out influence.<br>faction: Uncontested<br>kindredpop: 0]]></description>
        <styleUrl>#poly-BDBDBD-1200-76</styleUrl>
        <ExtendedData>
          <Data name="description">
            <value>Rapid change draws ambitious Kindred hoping to carve out influence.</value>
          </Data>
          <Data name="faction">
            <value>Uncontested</value>
          </Data>
          <Data name="kindredpop">
            <value>0.0</value>
          </Data>
        </ExtendedData>
        <Polygon>
          <outerBoundaryIs>
            <LinearRing>
              <tessellate>1</tessellate>
              <coordinates>
                -79.5541727,43.7126044,0
                -79.5524132,43.7090681,0
                -79.5463469,43.7110282,0
                -79.5385364,43.7127963,0
                -79.5379723,43.7146237,0
                -79.5408047,43.71512,0
                -79.5403971,43.7165468,0
                -79.5410622,43.716857,0
                -79.5424141,43.7165933,0
                -79.5441521,43.717741,0
                -79.5428861,43.7203308,0
                -79.5410837,43.7216335,0
                -79.541191,43.7260065,0
                -79.5382513,43.7270454,0
                -79.5388521,43.72872,0
                -79.5384778,43.731776,0
                -79.5389499,43.7321481,0
                -79.5395078,43.731869,0
                -79.5392503,43.7310318,0
                -79.5406236,43.7294192,0
                -79.5435848,43.7298223,0
                -79.5450868,43.7308767,0
                -79.5438423,43.731807,0
                -79.5445289,43.7324582,0
                -79.5452156,43.7321481,0
                -79.545516,43.7314349,0
                -79.5472326,43.731714,0
                -79.5489492,43.7329544,0
                -79.5497525,43.7318337,0
                -79.5498383,43.7306863,0
                -79.5512545,43.730004,0
                -79.5548594,43.7295079,0
                -79.5561039,43.7278022,0
                -79.5576489,43.7278022,0
                -79.5594084,43.7289497,0
                -79.5621053,43.729998,0
                -79.5549384,43.7143665,0
                -79.5541727,43.7126044,0
              </coordinates>
            </LinearRing>
          </outerBoundaryIs>
        </Polygon>
      </Placemark>
      <Placemark>
        <name>The Pocket</name>
        <description><![CDATA[description: Industrial grit and decay make this a haven for outcasts and hunters alike.<br>faction: Camarilla Held<br>kindredpop: 0]]></description>
        <styleUrl>#poly-C2185B-1200-76</styleUrl>
        <ExtendedData>
          <Data name="description">
            <value>Industrial grit and decay make this a haven for outcasts and hunters alike.</value>
          </Data>
          <Data name="faction">
            <value>Camarilla Held</value>
          </Data>
          <Data name="kindredpop">
            <value>0.0</value>
          </Data>
        </ExtendedData>
        <Polygon>
          <outerBoundaryIs>
            <LinearRing>
              <tessellate>1</tessellate>
              <coordinates>
                -79.3400889,43.6799382,0
                -79.3367364,43.6720094,0
                -79.3337538,43.6733441,0
                -79.3296769,43.6749426,0
                -79.3323642,43.6814435,0
                -79.3400889,43.6799382,0
              </coordinates>
            </LinearRing>
          </outerBoundaryIs>
        </Polygon>
      </Placemark>
      <Placemark>
        <name>Thistletown</name>
        <description><![CDATA[description: A prestigious address with hidden power games beneath the surface.<br>faction: Uncontested<br>kindredpop: 0]]></description>
        <styleUrl>#poly-BDBDBD-1200-76</styleUrl>
        <ExtendedData>
          <Data name="description">
            <value>A prestigious address with hidden power games beneath the surface.</value>
          </Data>
          <Data name="faction">
            <value>Uncontested</value>
          </Data>
          <Data name="kindredpop">
            <value>0.0</value>
          </Data>
        </ExtendedData>
        <Polygon>
          <outerBoundaryIs>
            <LinearRing>
              <tessellate>1</tessellate>
              <coordinates>
                -79.5548594,43.7295079,0
                -79.5512545,43.730004,0
                -79.5498383,43.7306863,0
                -79.5497525,43.7318337,0
                -79.5489492,43.7329544,0
                -79.5504941,43.7334815,0
                -79.55058,43.7345668,0
                -79.5489492,43.7357451,0
                -79.5502367,43.7359932,0
                -79.5501508,43.7377296,0
                -79.5484342,43.7382877,0
                -79.5483055,43.7389389,0
                -79.5460739,43.7401171,0
                -79.5462455,43.7410163,0
                -79.5467772,43.7413096,0
                -79.5477046,43.7418844,0
                -79.5493354,43.7417914,0
                -79.5504941,43.7423805,0
                -79.5496788,43.7435586,0
                -79.5507087,43.7441787,0
                -79.5542707,43.7431556,0
                -79.5563735,43.7431866,0
                -79.5570937,43.742316,0
                -79.5570602,43.7409852,0
                -79.5579185,43.7409232,0
                -79.5585193,43.7416674,0
                -79.5577039,43.7421014,0
                -79.5586481,43.7429075,0
                -79.5594634,43.7425045,0
                -79.5606651,43.7427215,0
                -79.5614805,43.7425355,0
                -79.5625104,43.7430936,0
                -79.5622529,43.7442097,0
                -79.5646991,43.7455738,0
                -79.5685311,43.7462629,0
                -79.5781994,43.7439224,0
                -79.5820188,43.7432713,0
                -79.5775214,43.7338357,0
                -79.5772115,43.7338742,0
                -79.5737783,43.7357967,0
                -79.5700876,43.7360758,0
                -79.5684997,43.7349905,0
                -79.5669547,43.7320447,0
                -79.5621053,43.729998,0
                -79.5594084,43.7289497,0
                -79.5576489,43.7278022,0
                -79.5561039,43.7278022,0
                -79.5548594,43.7295079,0
              </coordinates>
            </LinearRing>
          </outerBoundaryIs>
        </Polygon>
      </Placemark>
      <Placemark>
        <name>Thorncliffe Park</name>
        <description><![CDATA[description: An overlooked corner ideal for secret rites or quiet feeding.<br>faction: Uncontested<br>kindredpop: 0]]></description>
        <styleUrl>#poly-BDBDBD-1200-76</styleUrl>
        <ExtendedData>
          <Data name="description">
            <value>An overlooked corner ideal for secret rites or quiet feeding.</value>
          </Data>
          <Data name="faction">
            <value>Uncontested</value>
          </Data>
          <Data name="kindredpop">
            <value>0.0</value>
          </Data>
        </ExtendedData>
        <Polygon>
          <outerBoundaryIs>
            <LinearRing>
              <tessellate>1</tessellate>
              <coordinates>
                -79.3528594,43.7018561,0
                -79.3515505,43.7012046,0
                -79.3506492,43.6995292,0
                -79.3482674,43.699917,0
                -79.3471946,43.6990172,0
                -79.3457354,43.6984898,0
                -79.344448,43.698226,0
                -79.3435682,43.6985829,0
                -79.3429674,43.6991258,0
                -79.3418945,43.6992655,0
                -79.3392123,43.7011891,0
                -79.3361009,43.7031126,0
                -79.3351568,43.7032988,0
                -79.3352426,43.7040279,0
                -79.3369378,43.7050672,0
                -79.3381609,43.7052068,0
                -79.3383111,43.7057342,0
                -79.3373455,43.7064012,0
                -79.338025,43.7075513,0
                -79.3377675,43.7083423,0
                -79.3381108,43.7093816,0
                -79.3389048,43.7099865,0
                -79.33957,43.7103277,0
                -79.3394198,43.7107465,0
                -79.3399348,43.7109792,0
                -79.340321,43.7117081,0
                -79.3394412,43.7126698,0
                -79.3398918,43.713073,0
                -79.3407501,43.7127008,0
                -79.3415226,43.7128404,0
                -79.3437328,43.7142673,0
                -79.3448056,43.7148101,0
                -79.3448056,43.7151513,0
                -79.3452777,43.7152754,0
                -79.3455352,43.7150582,0
                -79.3461789,43.7152133,0
                -79.3464579,43.7159112,0
                -79.3484177,43.7162657,0
                -79.3485577,43.7155253,0
                -79.3492229,43.7131834,0
                -79.3500383,43.7111206,0
                -79.3516047,43.7091817,0
                -79.3565501,43.7044932,0
                -79.3591149,43.7021239,0
                -79.3569065,43.7017923,0
                -79.3542689,43.7020501,0
                -79.3528594,43.7018561,0
              </coordinates>
            </LinearRing>
          </outerBoundaryIs>
        </Polygon>
      </Placemark>
      <Placemark>
        <name>Thorncrest Village</name>
        <description><![CDATA[description: Local Kindred speak of old blood and older debts.<br>faction: Uncontested<br>kindredpop: 3]]></description>
        <styleUrl>#poly-BDBDBD-1200-76</styleUrl>
        <ExtendedData>
          <Data name="description">
            <value>Local Kindred speak of old blood and older debts.</value>
          </Data>
          <Data name="faction">
            <value>Uncontested</value>
          </Data>
          <Data name="kindredpop">
            <value>3.0</value>
          </Data>
        </ExtendedData>
        <Polygon>
          <outerBoundaryIs>
            <LinearRing>
              <tessellate>1</tessellate>
              <coordinates>
                -79.5450547,43.6638505,0
                -79.5431879,43.6597989,0
                -79.5312673,43.6624015,0
                -79.5331243,43.6664116,0
                -79.5346478,43.6660546,0
                -79.5388964,43.6664116,0
                -79.5397547,43.6657442,0
                -79.5414713,43.6653251,0
                -79.5434454,43.6642075,0
                -79.5450547,43.6638505,0
              </coordinates>
            </LinearRing>
          </outerBoundaryIs>
        </Polygon>
      </Placemark>
      <Placemark>
        <name>Topham Park</name>
        <description><![CDATA[description: Popular with the living, and increasingly with the dead.<br>faction: East York Barony<br>kindredpop: 0]]></description>
        <styleUrl>#poly-0097A7-1200-76</styleUrl>
        <ExtendedData>
          <Data name="description">
            <value>Popular with the living, and increasingly with the dead.</value>
          </Data>
          <Data name="faction">
            <value>East York Barony</value>
          </Data>
          <Data name="kindredpop">
            <value>0.0</value>
          </Data>
        </ExtendedData>
        <Polygon>
          <outerBoundaryIs>
            <LinearRing>
              <tessellate>1</tessellate>
              <coordinates>
                -79.3050124,43.7159946,0
                -79.3051412,43.7155294,0
                -79.3099477,43.7093719,0
                -79.3111093,43.7078725,0
                -79.3128123,43.70537,0
                -79.3078234,43.7065411,0
                -79.3028345,43.7076734,0
                -79.2973306,43.7088678,0
                -79.2959643,43.7087621,0
                -79.2993047,43.7166693,0
                -79.301032,43.716266,0
                -79.3012681,43.7163668,0
                -79.3023302,43.7161885,0
                -79.3026306,43.7159791,0
                -79.3038108,43.7159326,0
                -79.3050124,43.7159946,0
              </coordinates>
            </LinearRing>
          </outerBoundaryIs>
        </Polygon>
      </Placemark>
      <Placemark>
        <name>Toronto Islands</name>
        <description><![CDATA[description: A hotspot of nightlife and secrets where the lines between predator and prey blur.<br>faction: Uncontested<br>kindredpop: 2]]></description>
        <styleUrl>#poly-BDBDBD-1200-76</styleUrl>
        <ExtendedData>
          <Data name="description">
            <value>A hotspot of nightlife and secrets where the lines between predator and prey blur.</value>
          </Data>
          <Data name="faction">
            <value>Uncontested</value>
          </Data>
          <Data name="kindredpop">
            <value>2.0</value>
          </Data>
        </ExtendedData>
        <Polygon>
          <outerBoundaryIs>
            <LinearRing>
              <tessellate>1</tessellate>
              <coordinates>
                -79.3665845,43.6186705,0
                -79.3534095,43.6285805,0
                -79.3493754,43.628829,0
                -79.3488604,43.6310344,0
                -79.3540961,43.635414,0
                -79.3583876,43.6334572,0
                -79.3629367,43.6287979,0
                -79.3669707,43.6250702,0
                -79.3770129,43.6241072,0
                -79.385596,43.6278039,0
                -79.3879992,43.6328981,0
                -79.3951661,43.6337368,0
                -79.4050795,43.6278971,0
                -79.40435,43.6265303,0
                -79.3900163,43.6114932,0
                -79.3814332,43.6115865,0
                -79.3746955,43.6136061,0
                -79.3665845,43.6186705,0
              </coordinates>
            </LinearRing>
          </outerBoundaryIs>
        </Polygon>
      </Placemark>
      <Placemark>
        <name>Treffan Court</name>
        <description><![CDATA[description: Rebuilt again and again, the past here refuses to die.<br>faction: Nominally Camarilla<br>kindredpop: 2]]></description>
        <styleUrl>#poly-757575-1200-76</styleUrl>
        <ExtendedData>
          <Data name="description">
            <value>Rebuilt again and again, the past here refuses to die.</value>
          </Data>
          <Data name="faction">
            <value>Nominally Camarilla</value>
          </Data>
          <Data name="kindredpop">
            <value>2.0</value>
          </Data>
        </ExtendedData>
        <Polygon>
          <outerBoundaryIs>
            <LinearRing>
              <tessellate>1</tessellate>
              <coordinates>
                -79.3569066,43.6582525,0
                -79.3574386,43.6595289,0
                -79.3600779,43.6580386,0
                -79.3637974,43.6572009,0
                -79.3636794,43.6570379,0
                -79.3635721,43.6566188,0
                -79.3632288,43.6559279,0
                -79.3564882,43.6574065,0
                -79.3569066,43.6582525,0
              </coordinates>
            </LinearRing>
          </outerBoundaryIs>
        </Polygon>
      </Placemark>
      <Placemark>
        <name>Trinity-Bellwoods</name>
        <description><![CDATA[description: Quiet streets conceal old grudges and hidden feeding grounds.<br>faction: Contested<br>kindredpop: 0]]></description>
        <styleUrl>#poly-F9A825-1200-76</styleUrl>
        <ExtendedData>
          <Data name="description">
            <value>Quiet streets conceal old grudges and hidden feeding grounds.</value>
          </Data>
          <Data name="faction">
            <value>Contested</value>
          </Data>
          <Data name="kindredpop">
            <value>0.0</value>
          </Data>
        </ExtendedData>
        <Polygon>
          <outerBoundaryIs>
            <LinearRing>
              <tessellate>1</tessellate>
              <coordinates>
                -79.4175006,43.6445014,0
                -79.4162846,43.6446902,0
                -79.4039603,43.6471759,0
                -79.4060417,43.6523306,0
                -79.4207943,43.6493544,0
                -79.4188202,43.644184,0
                -79.4175006,43.6445014,0
              </coordinates>
            </LinearRing>
          </outerBoundaryIs>
        </Polygon>
      </Placemark>
      <Placemark>
        <name>University</name>
        <description><![CDATA[description: Wealthy, aloof, and ruthless beneath the smiles.<br>faction: Camarilla Held<br>kindredpop: 3]]></description>
        <styleUrl>#poly-C2185B-1200-76</styleUrl>
        <ExtendedData>
          <Data name="description">
            <value>Wealthy, aloof, and ruthless beneath the smiles.</value>
          </Data>
          <Data name="faction">
            <value>Camarilla Held</value>
          </Data>
          <Data name="kindredpop">
            <value>3.0</value>
          </Data>
        </ExtendedData>
        <Polygon>
          <outerBoundaryIs>
            <LinearRing>
              <tessellate>1</tessellate>
              <coordinates>
                -79.394716,43.6590002,0
                -79.3904354,43.6598625,0
                -79.3831019,43.661351,0
                -79.3867819,43.6701985,0
                -79.3942012,43.668672,0
                -79.4038035,43.666679,0
                -79.4032026,43.6658641,0
                -79.4010569,43.6604001,0
                -79.4001557,43.6601362,0
                -79.3999625,43.6597792,0
                -79.4000055,43.6593135,0
                -79.4005204,43.659003,0
                -79.4000056,43.657891,0
                -79.394716,43.6590002,0
              </coordinates>
            </LinearRing>
          </outerBoundaryIs>
        </Polygon>
      </Placemark>
      <Placemark>
        <name>Upper Beaches</name>
        <description><![CDATA[description: Popular with the living, and increasingly with the dead.<br>faction: Uncontested<br>kindredpop: 2]]></description>
        <styleUrl>#poly-BDBDBD-1200-76</styleUrl>
        <ExtendedData>
          <Data name="description">
            <value>Popular with the living, and increasingly with the dead.</value>
          </Data>
          <Data name="faction">
            <value>Uncontested</value>
          </Data>
          <Data name="kindredpop">
            <value>2.0</value>
          </Data>
        </ExtendedData>
        <Polygon>
          <outerBoundaryIs>
            <LinearRing>
              <tessellate>1</tessellate>
              <coordinates>
                -79.3106367,43.6823883,0
                -79.3214586,43.6782017,0
                -79.3162391,43.6654817,0
                -79.3137501,43.666056,0
                -79.312763,43.666382,0
                -79.3126343,43.6671426,0
                -79.3100808,43.6720627,0
                -79.3058107,43.6758651,0
                -79.3043926,43.6768172,0
                -79.3006609,43.6783327,0
                -79.2928074,43.6801018,0
                -79.2839883,43.6808001,0
                -79.287599,43.6892625,0
                -79.2992213,43.6865935,0
                -79.3020751,43.68574,0
                -79.3106367,43.6823883,0
              </coordinates>
            </LinearRing>
          </outerBoundaryIs>
        </Polygon>
      </Placemark>
      <Placemark>
        <name>Upper Jarvis</name>
        <description><![CDATA[description: Quiet streets conceal old grudges and hidden feeding grounds.<br>faction: Camarilla Held<br>kindredpop: 2]]></description>
        <styleUrl>#poly-C2185B-1200-76</styleUrl>
        <ExtendedData>
          <Data name="description">
            <value>Quiet streets conceal old grudges and hidden feeding grounds.</value>
          </Data>
          <Data name="faction">
            <value>Camarilla Held</value>
          </Data>
          <Data name="kindredpop">
            <value>2.0</value>
          </Data>
        </ExtendedData>
        <Polygon>
          <outerBoundaryIs>
            <LinearRing>
              <tessellate>1</tessellate>
              <coordinates>
                -79.3758826,43.6698131,0
                -79.3768626,43.672294,0
                -79.3805055,43.67151,0
                -79.3783074,43.6662742,0
                -79.376686,43.6624376,0
                -79.3730873,43.6632391,0
                -79.3744664,43.6665303,0
                -79.3746352,43.6670541,0
                -79.3758826,43.6698131,0
              </coordinates>
            </LinearRing>
          </outerBoundaryIs>
        </Polygon>
      </Placemark>
      <Placemark>
        <name>Victoria Village</name>
        <description><![CDATA[description: An overlooked corner ideal for secret rites or quiet feeding.<br>faction: Uncontested<br>kindredpop: 4]]></description>
        <styleUrl>#poly-BDBDBD-1200-76</styleUrl>
        <ExtendedData>
          <Data name="description">
            <value>An overlooked corner ideal for secret rites or quiet feeding.</value>
          </Data>
          <Data name="faction">
            <value>Uncontested</value>
          </Data>
          <Data name="kindredpop">
            <value>4.0</value>
          </Data>
        </ExtendedData>
        <Polygon>
          <outerBoundaryIs>
            <LinearRing>
              <tessellate>1</tessellate>
              <coordinates>
                -79.3182842,43.7261655,0
                -79.3157522,43.7262896,0
                -79.3102805,43.7255918,0
                -79.3026806,43.7247983,0
                -79.3048732,43.7299025,0
                -79.3084566,43.7389415,0
                -79.3098617,43.7421757,0
                -79.3130375,43.7415556,0
                -79.3165247,43.7413444,0
                -79.3241096,43.7409045,0
                -79.3306009,43.7397786,0
                -79.3301723,43.7384381,0
                -79.3315572,43.737119,0
                -79.3306364,43.7362791,0
                -79.3310262,43.7348474,0
                -79.329317,43.7339685,0
                -79.3284734,43.7343813,0
                -79.3273872,43.7330364,0
                -79.3247,43.7311527,0
                -79.3251623,43.7294321,0
                -79.3229113,43.729588,0
                -79.3205549,43.7314502,0
                -79.3197048,43.7315153,0
                -79.3201503,43.729661,0
                -79.31881,43.7290534,0
                -79.3205067,43.7280244,0
                -79.3232991,43.726959,0
                -79.3222751,43.7252005,0
                -79.3182842,43.7261655,0
              </coordinates>
            </LinearRing>
          </outerBoundaryIs>
        </Polygon>
      </Placemark>
      <Placemark>
        <name>Wallace Emerson</name>
        <description><![CDATA[description: An overlooked corner ideal for secret rites or quiet feeding.<br>faction: Nominally Camarilla<br>kindredpop: 0]]></description>
        <styleUrl>#poly-757575-1200-76</styleUrl>
        <ExtendedData>
          <Data name="description">
            <value>An overlooked corner ideal for secret rites or quiet feeding.</value>
          </Data>
          <Data name="faction">
            <value>Nominally Camarilla</value>
          </Data>
          <Data name="kindredpop">
            <value>0.0</value>
          </Data>
        </ExtendedData>
        <Polygon>
          <outerBoundaryIs>
            <LinearRing>
              <tessellate>1</tessellate>
              <coordinates>
                -79.4464401,43.6667062,0
                -79.4467333,43.6675779,0
                -79.4490297,43.6672767,0
                -79.4452195,43.6578088,0
                -79.4353275,43.6598579,0
                -79.4389513,43.6684291,0
                -79.4401853,43.668456,0
                -79.4435433,43.6677772,0
                -79.4441441,43.6672185,0
                -79.4464401,43.6667062,0
              </coordinates>
            </LinearRing>
          </outerBoundaryIs>
        </Polygon>
      </Placemark>
      <Placemark>
        <name>Wanless Park</name>
        <description><![CDATA[description: Rapid change draws ambitious Kindred hoping to carve out influence.<br>faction: Uncontested<br>kindredpop: 0]]></description>
        <styleUrl>#poly-BDBDBD-1200-76</styleUrl>
        <ExtendedData>
          <Data name="description">
            <value>Rapid change draws ambitious Kindred hoping to carve out influence.</value>
          </Data>
          <Data name="faction">
            <value>Uncontested</value>
          </Data>
          <Data name="kindredpop">
            <value>0.0</value>
          </Data>
        </ExtendedData>
        <Polygon>
          <outerBoundaryIs>
            <LinearRing>
              <tessellate>1</tessellate>
              <coordinates>
                -79.3930983,43.7335488,0
                -79.3942355,43.7337349,0
                -79.3946218,43.7339055,0
                -79.3965315,43.7335333,0
                -79.3962312,43.7326617,0
                -79.3938923,43.7268317,0
                -79.3865485,43.7283947,0
                -79.3819243,43.7275108,0
                -79.3813068,43.7302562,0
                -79.3816828,43.7302928,0
                -79.3819188,43.730944,0
                -79.3826913,43.7313317,0
                -79.383099,43.7313317,0
                -79.3833994,43.7307425,0
                -79.3839788,43.730696,0
                -79.384365,43.7312386,0
                -79.3848156,43.732324,0
                -79.3854808,43.7323395,0
                -79.3881416,43.732231,0
                -79.3906307,43.732324,0
                -79.3927335,43.7329597,0
                -79.3930983,43.7335488,0
              </coordinates>
            </LinearRing>
          </outerBoundaryIs>
        </Polygon>
      </Placemark>
      <Placemark>
        <name>Warren Park</name>
        <description><![CDATA[description: Well-patrolled and heavily surveilled—perfect for Kindred hiding in plain sight.<br>faction: Nominally Camarilla<br>kindredpop: 0]]></description>
        <styleUrl>#poly-757575-1200-76</styleUrl>
        <ExtendedData>
          <Data name="description">
            <value>Well-patrolled and heavily surveilled—perfect for Kindred hiding in plain sight.</value>
          </Data>
          <Data name="faction">
            <value>Nominally Camarilla</value>
          </Data>
          <Data name="kindredpop">
            <value>0.0</value>
          </Data>
        </ExtendedData>
        <Polygon>
          <outerBoundaryIs>
            <LinearRing>
              <tessellate>1</tessellate>
              <coordinates>
                -79.5004076,43.6649575,0
                -79.502165,43.6643832,0
                -79.5042616,43.6620165,0
                -79.5019202,43.6603151,0
                -79.499753,43.6591353,0
                -79.4993132,43.658246,0
                -79.4949573,43.6591464,0
                -79.4948661,43.6594025,0
                -79.4954724,43.6596826,0
                -79.4942763,43.6605836,0
                -79.4942014,43.6612058,0
                -79.4945397,43.6619301,0
                -79.49483,43.6628821,0
                -79.4959686,43.6639789,0
                -79.4962703,43.6644549,0
                -79.4967436,43.6646825,0
                -79.4979076,43.665003,0
                -79.4986801,43.6656084,0
                -79.5004076,43.6649575,0
              </coordinates>
            </LinearRing>
          </outerBoundaryIs>
        </Polygon>
      </Placemark>
      <Placemark>
        <name>West Bend</name>
        <description><![CDATA[description: A hotspot of nightlife and secrets where the lines between predator and prey blur.<br>faction: Camarilla Held<br>kindredpop: 0]]></description>
        <styleUrl>#poly-C2185B-1200-76</styleUrl>
        <ExtendedData>
          <Data name="description">
            <value>A hotspot of nightlife and secrets where the lines between predator and prey blur.</value>
          </Data>
          <Data name="faction">
            <value>Camarilla Held</value>
          </Data>
          <Data name="kindredpop">
            <value>0.0</value>
          </Data>
        </ExtendedData>
        <Polygon>
          <outerBoundaryIs>
            <LinearRing>
              <tessellate>1</tessellate>
              <coordinates>
                -79.4623634,43.6602932,0
                -79.4600359,43.6546833,0
                -79.4499953,43.6568065,0
                -79.457244,43.6644339,0
                -79.457759,43.6643097,0
                -79.4585293,43.6644754,0
                -79.459409,43.6641339,0
                -79.4624063,43.6633047,0
                -79.4639083,43.6637083,0
                -79.4623634,43.6602932,0
              </coordinates>
            </LinearRing>
          </outerBoundaryIs>
        </Polygon>
      </Placemark>
      <Placemark>
        <name>West Deane Park</name>
        <description><![CDATA[description: Popular with the living, and increasingly with the dead.<br>faction: Uncontested<br>kindredpop: 0]]></description>
        <styleUrl>#poly-BDBDBD-1200-76</styleUrl>
        <ExtendedData>
          <Data name="description">
            <value>Popular with the living, and increasingly with the dead.</value>
          </Data>
          <Data name="faction">
            <value>Uncontested</value>
          </Data>
          <Data name="kindredpop">
            <value>0.0</value>
          </Data>
        </ExtendedData>
        <Polygon>
          <outerBoundaryIs>
            <LinearRing>
              <tessellate>1</tessellate>
              <coordinates>
                -79.5711783,43.6618575,0
                -79.5674422,43.6541884,0
                -79.5551333,43.6570956,0
                -79.563196,43.674523,0
                -79.5677021,43.6740884,0
                -79.5681742,43.6734987,0
                -79.5717362,43.6716362,0
                -79.5751265,43.6711706,0
                -79.5711783,43.6618575,0
              </coordinates>
            </LinearRing>
          </outerBoundaryIs>
        </Polygon>
      </Placemark>
      <Placemark>
        <name>West Don Lands</name>
        <description><![CDATA[description: Industrial grit and decay make this a haven for outcasts and hunters alike.<br>faction: East York Barony<br>kindredpop: 3]]></description>
        <styleUrl>#poly-0097A7-1200-76</styleUrl>
        <ExtendedData>
          <Data name="description">
            <value>Industrial grit and decay make this a haven for outcasts and hunters alike.</value>
          </Data>
          <Data name="faction">
            <value>East York Barony</value>
          </Data>
          <Data name="kindredpop">
            <value>3.0</value>
          </Data>
        </ExtendedData>
        <Polygon>
          <outerBoundaryIs>
            <LinearRing>
              <tessellate>1</tessellate>
              <coordinates>
                -79.3533459,43.6512091,0
                -79.3492892,43.6537701,0
                -79.3524761,43.6567366,0
                -79.3534631,43.6563175,0
                -79.3554802,43.655091,0
                -79.3563599,43.654765,0
                -79.3570037,43.654796,0
                -79.3604583,43.6527467,0
                -79.3611235,43.6519394,0
                -79.3627436,43.6515668,0
                -79.3621377,43.6501746,0
                -79.3597559,43.6507491,0
                -79.359949,43.6512071,0
                -79.3576101,43.6517815,0
                -79.3571166,43.6508189,0
                -79.3566338,43.6494294,0
                -79.3533459,43.6512091,0
              </coordinates>
            </LinearRing>
          </outerBoundaryIs>
        </Polygon>
      </Placemark>
      <Placemark>
        <name>West Hill</name>
        <description><![CDATA[description: Popular with the living, and increasingly with the dead.<br>faction: Uncontested<br>kindredpop: 0]]></description>
        <styleUrl>#poly-BDBDBD-1200-76</styleUrl>
        <ExtendedData>
          <Data name="description">
            <value>Popular with the living, and increasingly with the dead.</value>
          </Data>
          <Data name="faction">
            <value>Uncontested</value>
          </Data>
          <Data name="kindredpop">
            <value>0.0</value>
          </Data>
        </ExtendedData>
        <Polygon>
          <outerBoundaryIs>
            <LinearRing>
              <tessellate>1</tessellate>
              <coordinates>
                -79.1567154,43.757927,0
                -79.1504069,43.7590738,0
                -79.144367,43.7663359,0
                -79.1455901,43.7685363,0
                -79.1453755,43.769373,0
                -79.1462124,43.7703957,0
                -79.1471351,43.7699153,0
                -79.1488731,43.7710155,0
                -79.1503966,43.7702717,0
                -79.1515768,43.7716973,0
                -79.152714,43.7716043,0
                -79.1576922,43.7748891,0
                -79.1597307,43.7766088,0
                -79.1629064,43.7770582,0
                -79.1631425,43.7790413,0
                -79.163915,43.7791652,0
                -79.1652239,43.7779413,0
                -79.1660607,43.7782666,0
                -79.1655457,43.7796455,0
                -79.1677344,43.7802187,0
                -79.1678203,43.7791807,0
                -79.1693223,43.778499,0
                -79.1704381,43.7801257,0
                -79.1742576,43.7793356,0
                -79.1760632,43.7807413,0
                -79.1785523,43.7806638,0
                -79.1799685,43.7808962,0
                -79.1813633,43.7813454,0
                -79.1826507,43.780261,0
                -79.1848823,43.7807103,0
                -79.1850755,43.7811131,0
                -79.1860411,43.781175,0
                -79.186556,43.7794244,0
                -79.1876289,43.7791145,0
                -79.1887233,43.7794244,0
                -79.1906974,43.7788512,0
                -79.192893,43.7783346,0
                -79.1929145,43.7776529,0
                -79.1927214,43.7771881,0
                -79.1933866,43.7767078,0
                -79.1946526,43.7772346,0
                -79.1951347,43.775529,0
                -79.195757,43.7754515,0
                -79.1966367,43.7763037,0
                -79.1981602,43.7761952,0
                -79.1989541,43.77556,0
                -79.198525,43.774367,0
                -79.1996623,43.7736542,0
                -79.1995764,43.7725077,0
                -79.198761,43.7715625,0
                -79.1991473,43.7709117,0
                -79.2000914,43.7694862,0
                -79.2008424,43.7679521,0
                -79.2017436,43.7673633,0
                -79.2033744,43.7669449,0
                -79.2034603,43.7662166,0
                -79.2016793,43.7644655,0
                -79.2014647,43.7632413,0
                -79.2027522,43.7626369,0
                -79.2024303,43.76211,0
                -79.2018295,43.7614436,0
                -79.2018724,43.7607462,0
                -79.2025805,43.7603588,0
                -79.203074,43.7580806,0
                -79.2036319,43.7574297,0
                -79.2048121,43.7573677,0
                -79.203353,43.7540975,0
                -79.2019996,43.7542314,0
                -79.1718301,43.7600898,0
                -79.1704244,43.7557527,0
                -79.1567154,43.757927,0
              </coordinates>
            </LinearRing>
          </outerBoundaryIs>
        </Polygon>
      </Placemark>
      <Placemark>
        <name>West Queen West</name>
        <description><![CDATA[description: A hotspot of nightlife and secrets where the lines between predator and prey blur.<br>faction: Camarilla Held<br>kindredpop: 0]]></description>
        <styleUrl>#poly-C2185B-1200-76</styleUrl>
        <ExtendedData>
          <Data name="description">
            <value>A hotspot of nightlife and secrets where the lines between predator and prey blur.</value>
          </Data>
          <Data name="faction">
            <value>Camarilla Held</value>
          </Data>
          <Data name="kindredpop">
            <value>0.0</value>
          </Data>
        </ExtendedData>
        <Polygon>
          <outerBoundaryIs>
            <LinearRing>
              <tessellate>1</tessellate>
              <coordinates>
                -79.4231325,43.6398585,0
                -79.4197078,43.6405605,0
                -79.4146967,43.6404355,0
                -79.4162846,43.6446902,0
                -79.4175006,43.6445014,0
                -79.4188202,43.644184,0
                -79.4286478,43.6422275,0
                -79.4273682,43.6389766,0
                -79.4231325,43.6398585,0
              </coordinates>
            </LinearRing>
          </outerBoundaryIs>
        </Polygon>
      </Placemark>
      <Placemark>
        <name>West Rouge</name>
        <description><![CDATA[description: Once overlooked, now quietly influential in Kindred politics.<br>faction: Uncontested<br>kindredpop: 1]]></description>
        <styleUrl>#poly-BDBDBD-1200-76</styleUrl>
        <ExtendedData>
          <Data name="description">
            <value>Once overlooked, now quietly influential in Kindred politics.</value>
          </Data>
          <Data name="faction">
            <value>Uncontested</value>
          </Data>
          <Data name="kindredpop">
            <value>1.0</value>
          </Data>
        </ExtendedData>
        <Polygon>
          <outerBoundaryIs>
            <LinearRing>
              <tessellate>1</tessellate>
              <coordinates>
                -79.1160163,43.7946115,0
                -79.1178188,43.7944256,0
                -79.1192135,43.7946735,0
                -79.1211447,43.7948593,0
                -79.1210589,43.795324,0
                -79.1201362,43.7957422,0
                -79.1211233,43.7972136,0
                -79.1221318,43.7975078,0
                -79.123548,43.7971671,0
                -79.1243419,43.7976008,0
                -79.1239771,43.7989327,0
                -79.1249856,43.8001097,0
                -79.1258654,43.8003111,0
                -79.1276464,43.8002182,0
                -79.1301355,43.8016739,0
                -79.1312298,43.8019217,0
                -79.1346201,43.8007757,0
                -79.1354141,43.8007757,0
                -79.1353926,43.8011938,0
                -79.1334185,43.8030677,0
                -79.1340471,43.804767,0
                -79.144603,43.7974438,0
                -79.1434014,43.7960189,0
                -79.1348398,43.775168,0
                -79.1325868,43.7742383,0
                -79.1165528,43.7924431,0
                -79.1160163,43.7946115,0
              </coordinates>
            </LinearRing>
          </outerBoundaryIs>
        </Polygon>
      </Placemark>
      <Placemark>
        <name>Weston</name>
        <description><![CDATA[description: Rapid change draws ambitious Kindred hoping to carve out influence.<br>faction: Uncontested<br>kindredpop: 5]]></description>
        <styleUrl>#poly-BDBDBD-1200-76</styleUrl>
        <ExtendedData>
          <Data name="description">
            <value>Rapid change draws ambitious Kindred hoping to carve out influence.</value>
          </Data>
          <Data name="faction">
            <value>Uncontested</value>
          </Data>
          <Data name="kindredpop">
            <value>5.0</value>
          </Data>
        </ExtendedData>
        <Polygon>
          <outerBoundaryIs>
            <LinearRing>
              <tessellate>1</tessellate>
              <coordinates>
                -79.511545,43.712484,0
                -79.5172313,43.7139884,0
                -79.5214584,43.7153067,0
                -79.523218,43.7159116,0
                -79.5284237,43.7151044,0
                -79.5378926,43.7124551,0
                -79.5393088,43.7113694,0
                -79.5398667,43.710687,0
                -79.5390943,43.709322,0
                -79.537206,43.7082673,0
                -79.5359614,43.7083603,0
                -79.5353606,43.7070574,0
                -79.5359614,43.7048547,0
                -79.5339015,43.7048237,0
                -79.5319609,43.7050385,0
                -79.5305233,43.7044723,0
                -79.5290641,43.7034019,0
                -79.5285921,43.7025798,0
                -79.5217042,43.7000822,0
                -79.5209102,43.6995393,0
                -79.520524,43.6982982,0
                -79.519258,43.6972743,0
                -79.5183568,43.6970105,0
                -79.5166187,43.6968088,0
                -79.5134644,43.6972743,0
                -79.5119838,43.6970571,0
                -79.5118551,43.6964831,0
                -79.5127134,43.6952264,0
                -79.5128386,43.6944344,0
                -79.5115511,43.6944964,0
                -79.5112293,43.6936431,0
                -79.506294,43.6946826,0
                -79.5034851,43.6953587,0
                -79.5017188,43.6946587,0
                -79.5060962,43.7116292,0
                -79.511545,43.712484,0
              </coordinates>
            </LinearRing>
          </outerBoundaryIs>
        </Polygon>
      </Placemark>
      <Placemark>
        <name>Wexford</name>
        <description><![CDATA[description: An overlooked corner ideal for secret rites or quiet feeding.<br>faction: Uncontested<br>kindredpop: 0]]></description>
        <styleUrl>#poly-BDBDBD-1200-76</styleUrl>
        <ExtendedData>
          <Data name="description">
            <value>An overlooked corner ideal for secret rites or quiet feeding.</value>
          </Data>
          <Data name="faction">
            <value>Uncontested</value>
          </Data>
          <Data name="kindredpop">
            <value>0.0</value>
          </Data>
        </ExtendedData>
        <Polygon>
          <outerBoundaryIs>
            <LinearRing>
              <tessellate>1</tessellate>
              <coordinates>
                -79.2937413,43.732241,0
                -79.2845574,43.7366132,0
                -79.2855015,43.7381325,0
                -79.2870465,43.7396208,0
                -79.2892781,43.7450776,0
                -79.2905441,43.7457597,0
                -79.291102,43.7467362,0
                -79.2907801,43.7472168,0
                -79.2940846,43.7552457,0
                -79.2964879,43.7622508,0
                -79.2999173,43.7613831,0
                -79.3089295,43.748302,0
                -79.3113756,43.7458838,0
                -79.3040195,43.7278374,0
                -79.2937413,43.732241,0
              </coordinates>
            </LinearRing>
          </outerBoundaryIs>
        </Polygon>
      </Placemark>
      <Placemark>
        <name>White Haven</name>
        <description><![CDATA[description: Rebuilt again and again, the past here refuses to die.<br>faction: Nominally Camarilla<br>kindredpop: 2]]></description>
        <styleUrl>#poly-757575-1200-76</styleUrl>
        <ExtendedData>
          <Data name="description">
            <value>Rebuilt again and again, the past here refuses to die.</value>
          </Data>
          <Data name="faction">
            <value>Nominally Camarilla</value>
          </Data>
          <Data name="kindredpop">
            <value>2.0</value>
          </Data>
        </ExtendedData>
        <Polygon>
          <outerBoundaryIs>
            <LinearRing>
              <tessellate>1</tessellate>
              <coordinates>
                -79.2535066,43.7908112,0
                -79.2588557,43.7897223,0
                -79.2584266,43.788638,0
                -79.2573537,43.7876157,0
                -79.2547358,43.7811093,0
                -79.2438936,43.7834376,0
                -79.2353309,43.7855057,0
                -79.2387213,43.7939012,0
                -79.2535066,43.7908112,0
              </coordinates>
            </LinearRing>
          </outerBoundaryIs>
        </Polygon>
      </Placemark>
      <Placemark>
        <name>Willowdale</name>
        <description><![CDATA[description: A prestigious address with hidden power games beneath the surface.<br>faction: Uncontested<br>kindredpop: 0]]></description>
        <styleUrl>#poly-BDBDBD-1200-76</styleUrl>
        <ExtendedData>
          <Data name="description">
            <value>A prestigious address with hidden power games beneath the surface.</value>
          </Data>
          <Data name="faction">
            <value>Uncontested</value>
          </Data>
          <Data name="kindredpop">
            <value>0.0</value>
          </Data>
        </ExtendedData>
        <Polygon>
          <outerBoundaryIs>
            <LinearRing>
              <tessellate>1</tessellate>
              <coordinates>
                -79.3987303,43.7597733,0
                -79.3935805,43.761943,0
                -79.3871876,43.7631866,0
                -79.3922072,43.7849364,0
                -79.3922087,43.7851261,0
                -79.4199735,43.7788325,0
                -79.4380643,43.7748041,0
                -79.4561528,43.7713306,0
                -79.4554661,43.7708037,0
                -79.4555949,43.769998,0
                -79.4552516,43.7695022,0
                -79.4527196,43.7695331,0
                -79.4521617,43.7688514,0
                -79.4512604,43.7695331,0
                -79.4505738,43.7694402,0
                -79.4501446,43.7686654,0
                -79.4472693,43.7676737,0
                -79.4470118,43.7671158,0
                -79.4460248,43.766434,0
                -79.4456385,43.7646055,0
                -79.4445227,43.7640476,0
                -79.4433211,43.7629938,0
                -79.4419907,43.7612271,0
                -79.4398879,43.7616301,0
                -79.4406598,43.7637283,0
                -79.4389432,43.7639452,0
                -79.4371407,43.7634803,0
                -79.4127648,43.768935,0
                -79.4096105,43.7563979,0
                -79.4084304,43.7538096,0
                -79.3987303,43.7597733,0
              </coordinates>
            </LinearRing>
          </outerBoundaryIs>
        </Polygon>
      </Placemark>
      <Placemark>
        <name>Wilson Heights</name>
        <description><![CDATA[description: Rapid change draws ambitious Kindred hoping to carve out influence.<br>faction: Nominally Camarilla<br>kindredpop: 1]]></description>
        <styleUrl>#poly-757575-1200-76</styleUrl>
        <ExtendedData>
          <Data name="description">
            <value>Rapid change draws ambitious Kindred hoping to carve out influence.</value>
          </Data>
          <Data name="faction">
            <value>Nominally Camarilla</value>
          </Data>
          <Data name="kindredpop">
            <value>1.0</value>
          </Data>
        </ExtendedData>
        <Polygon>
          <outerBoundaryIs>
            <LinearRing>
              <tessellate>1</tessellate>
              <coordinates>
                -79.4634269,43.7501145,0
                -79.4628644,43.7483698,0
                -79.4614911,43.7472227,0
                -79.4587874,43.7457191,0
                -79.4553971,43.7427118,0
                -79.4533586,43.740805,0
                -79.4512987,43.7379059,0
                -79.448874,43.7300142,0
                -79.4421362,43.7314251,0
                -79.4338107,43.7361695,0
                -79.4341113,43.7372176,0
                -79.4373729,43.7507042,0
                -79.4384502,43.7554463,0
                -79.4512818,43.7527805,0
                -79.4634269,43.7501145,0
              </coordinates>
            </LinearRing>
          </outerBoundaryIs>
        </Polygon>
      </Placemark>
      <Placemark>
        <name>Woburn</name>
        <description><![CDATA[description: A hotspot of nightlife and secrets where the lines between predator and prey blur.<br>faction: Uncontested<br>kindredpop: 0]]></description>
        <styleUrl>#poly-BDBDBD-1200-76</styleUrl>
        <ExtendedData>
          <Data name="description">
            <value>A hotspot of nightlife and secrets where the lines between predator and prey blur.</value>
          </Data>
          <Data name="faction">
            <value>Uncontested</value>
          </Data>
          <Data name="kindredpop">
            <value>0.0</value>
          </Data>
        </ExtendedData>
        <Polygon>
          <outerBoundaryIs>
            <LinearRing>
              <tessellate>1</tessellate>
              <coordinates>
                -79.2320175,43.7484241,0
                -79.2287317,43.7415794,0
                -79.2209059,43.7477849,0
                -79.2188889,43.748932,0
                -79.2115932,43.751102,0
                -79.2067009,43.753148,0
                -79.203353,43.7540975,0
                -79.2048121,43.7573677,0
                -79.2036319,43.7574297,0
                -79.203074,43.7580806,0
                -79.2025805,43.7603588,0
                -79.2018724,43.7607462,0
                -79.2018295,43.7614436,0
                -79.2027522,43.7626369,0
                -79.2014647,43.7632413,0
                -79.2016793,43.7644655,0
                -79.2034603,43.7662166,0
                -79.2033744,43.7669449,0
                -79.2017436,43.7673633,0
                -79.2008424,43.7679521,0
                -79.198761,43.7715625,0
                -79.1995764,43.7725077,0
                -79.1996623,43.7736542,0
                -79.198525,43.774367,0
                -79.2006464,43.7742116,0
                -79.2021484,43.7747694,0
                -79.2030067,43.7770314,0
                -79.2071695,43.7767216,0
                -79.2067404,43.7774653,0
                -79.2078562,43.7778371,0
                -79.2085857,43.7785807,0
                -79.2083712,43.7796033,0
                -79.2095728,43.7798511,0
                -79.2106028,43.7798821,0
                -79.2111607,43.7811525,0
                -79.2118473,43.7818961,0
                -79.2133493,43.7827327,0
                -79.2136498,43.7834453,0
                -79.2142506,43.7836622,0
                -79.2152805,43.7831974,0
                -79.2157526,43.7838171,0
                -79.217598,43.7843438,0
                -79.2179413,43.7831974,0
                -79.2193146,43.7827017,0
                -79.2203016,43.784003,0
                -79.220602,43.7852113,0
                -79.2213316,43.785676,0
                -79.2227907,43.785676,0
                -79.2229195,43.7868224,0
                -79.2221041,43.7879377,0
                -79.2230911,43.7884644,0
                -79.2245073,43.7884024,0
                -79.2252369,43.7892079,0
                -79.227456,43.7881236,0
                -79.2353309,43.7855057,0
                -79.2316313,43.7765666,0
                -79.241792,43.7743232,0
                -79.2352474,43.7576649,0
                -79.2353118,43.756704,0
                -79.2338312,43.7532012,0
                -79.2320175,43.7484241,0
              </coordinates>
            </LinearRing>
          </outerBoundaryIs>
        </Polygon>
      </Placemark>
      <Placemark>
        <name>Woodbine Gardens</name>
        <description><![CDATA[description: Rapid change draws ambitious Kindred hoping to carve out influence.<br>faction: East York Barony<br>kindredpop: 0]]></description>
        <styleUrl>#poly-0097A7-1200-76</styleUrl>
        <ExtendedData>
          <Data name="description">
            <value>Rapid change draws ambitious Kindred hoping to carve out influence.</value>
          </Data>
          <Data name="faction">
            <value>East York Barony</value>
          </Data>
          <Data name="kindredpop">
            <value>0.0</value>
          </Data>
        </ExtendedData>
        <Polygon>
          <outerBoundaryIs>
            <LinearRing>
              <tessellate>1</tessellate>
              <coordinates>
                -79.3154065,43.7029346,0
                -79.3170817,43.7016476,0
                -79.3157299,43.7011822,0
                -79.3130262,43.7012753,0
                -79.3104084,43.6993827,0
                -79.3074472,43.6994137,0
                -79.3044861,43.6987001,0
                -79.302512,43.69749,0
                -79.2971212,43.6974692,0
                -79.2956728,43.6973683,0
                -79.2950505,43.6977019,0
                -79.2945355,43.6976864,0
                -79.2936236,43.698082,0
                -79.2922074,43.6977174,0
                -79.2909862,43.6976863,0
                -79.292102,43.6997496,0
                -79.2959643,43.7087621,0
                -79.2973306,43.7088678,0
                -79.3128123,43.70537,0
                -79.3131263,43.7048943,0
                -79.3154065,43.7029346,0
              </coordinates>
            </LinearRing>
          </outerBoundaryIs>
        </Polygon>
      </Placemark>
      <Placemark>
        <name>Wychwood Park</name>
        <description><![CDATA[description: Well-patrolled and heavily surveilled—perfect for Kindred hiding in plain sight.<br>faction: Uncontested<br>kindredpop: 0]]></description>
        <styleUrl>#poly-BDBDBD-1200-76</styleUrl>
        <ExtendedData>
          <Data name="description">
            <value>Well-patrolled and heavily surveilled—perfect for Kindred hiding in plain sight.</value>
          </Data>
          <Data name="faction">
            <value>Uncontested</value>
          </Data>
          <Data name="kindredpop">
            <value>0.0</value>
          </Data>
        </ExtendedData>
        <Polygon>
          <outerBoundaryIs>
            <LinearRing>
              <tessellate>1</tessellate>
              <coordinates>
                -79.4212294,43.6760614,0
                -79.4194678,43.6765618,0
                -79.4171844,43.6767726,0
                -79.4157127,43.6766704,0
                -79.4170988,43.6800691,0
                -79.4222594,43.6790566,0
                -79.4221306,43.6786376,0
                -79.4212294,43.6760614,0
              </coordinates>
            </LinearRing>
          </outerBoundaryIs>
        </Polygon>
      </Placemark>
      <Placemark>
        <name>York Mills</name>
        <description><![CDATA[description: A prestigious address with hidden power games beneath the surface.<br>faction: Uncontested<br>kindredpop: 0]]></description>
        <styleUrl>#poly-BDBDBD-1200-76</styleUrl>
        <ExtendedData>
          <Data name="description">
            <value>A prestigious address with hidden power games beneath the surface.</value>
          </Data>
          <Data name="faction">
            <value>Uncontested</value>
          </Data>
          <Data name="kindredpop">
            <value>0.0</value>
          </Data>
        </ExtendedData>
        <Polygon>
          <outerBoundaryIs>
            <LinearRing>
              <tessellate>1</tessellate>
              <coordinates>
                -79.3827804,43.7488296,0
                -79.3817933,43.7490466,0
                -79.3641551,43.7528906,0
                -79.3624814,43.7529836,0
                -79.3600317,43.7529493,0
                -79.3619235,43.7616937,0
                -79.3617519,43.7640492,0
                -79.3627045,43.7661464,0
                -79.37309,43.7657745,0
                -79.3871662,43.7631091,0
                -79.3935591,43.7618655,0
                -79.3987089,43.7596958,0
                -79.4084089,43.7537321,0
                -79.4102075,43.7521767,0
                -79.4111731,43.7515412,0
                -79.4099071,43.7500067,0
                -79.4102718,43.7470771,0
                -79.4107225,43.7466741,0
                -79.4106366,43.746178,0
                -79.4097139,43.7458215,0
                -79.4085552,43.7444729,0
                -79.4087913,43.7434497,0
                -79.4067548,43.7441136,0
                -79.4051455,43.7443462,0
                -79.4025858,43.7441483,0
                -79.3964122,43.7454468,0
                -79.3954895,43.7430285,0
                -79.3924425,43.742734,0
                -79.3891166,43.7414318,0
                -79.388151,43.739649,0
                -79.382723,43.7408919,0
                -79.3806202,43.741357,0
                -79.3803627,43.7416981,0
                -79.3762643,43.7425352,0
                -79.3776868,43.7437293,0
                -79.3792317,43.7459306,0
                -79.38112,43.7475117,0
                -79.3827804,43.7488296,0
              </coordinates>
            </LinearRing>
          </outerBoundaryIs>
        </Polygon>
      </Placemark>
      <Placemark>
        <name>York University Heights</name>
        <description><![CDATA[description: A hotspot of nightlife and secrets where the lines between predator and prey blur.<br>faction: Uncontested<br>kindredpop: 1]]></description>
        <styleUrl>#poly-BDBDBD-1200-76</styleUrl>
        <ExtendedData>
          <Data name="description">
            <value>A hotspot of nightlife and secrets where the lines between predator and prey blur.</value>
          </Data>
          <Data name="faction">
            <value>Uncontested</value>
          </Data>
          <Data name="kindredpop">
            <value>1.0</value>
          </Data>
        </ExtendedData>
        <Polygon>
          <outerBoundaryIs>
            <LinearRing>
              <tessellate>1</tessellate>
              <coordinates>
                -79.4946037,43.7815095,0
                -79.5168798,43.776346,0
                -79.5163219,43.7748587,0
                -79.5108717,43.7694356,0
                -79.5097559,43.7690947,0
                -79.5089405,43.7672352,0
                -79.5063656,43.7647868,0
                -79.5070951,43.7634851,0
                -79.4919031,43.7666929,0
                -79.486367,43.7447776,0
                -79.4849816,43.7449368,0
                -79.4837371,43.7455879,0
                -79.4828358,43.746735,0
                -79.48275,43.7529041,0
                -79.481248,43.7541441,0
                -79.4740382,43.75557,0
                -79.4707337,43.754516,0
                -79.4691029,43.7535861,0
                -79.4659272,43.7505792,0
                -79.4648114,43.7501761,0
                -79.4634269,43.7501145,0
                -79.4651864,43.7609327,0
                -79.4669889,43.7688048,0
                -79.4702143,43.7819201,0
                -79.4703431,43.7873421,0
                -79.4946037,43.7815095,0
              </coordinates>
            </LinearRing>
          </outerBoundaryIs>
        </Polygon>
      </Placemark>
      <Placemark>
        <name>Yorkville</name>
        <description><![CDATA[description: Wealthy, aloof, and ruthless beneath the smiles.<br>faction: Nominally Camarilla<br>kindredpop: 3]]></description>
        <styleUrl>#poly-757575-1200-76</styleUrl>
        <ExtendedData>
          <Data name="description">
            <value>Wealthy, aloof, and ruthless beneath the smiles.</value>
          </Data>
          <Data name="faction">
            <value>Nominally Camarilla</value>
          </Data>
          <Data name="kindredpop">
            <value>3.0</value>
          </Data>
        </ExtendedData>
        <Polygon>
          <outerBoundaryIs>
            <LinearRing>
              <tessellate>1</tessellate>
              <coordinates>
                -79.3908726,43.6693491,0
                -79.3768626,43.6722785,0
                -79.3771636,43.6731781,0
                -79.3783658,43.6731464,0
                -79.3809304,43.6732579,0
                -79.3826153,43.6734004,0
                -79.3839568,43.6734808,0
                -79.3863619,43.6738334,0
                -79.3870951,43.6743834,0
                -79.3878321,43.6758094,0
                -79.3890058,43.6756193,0
                -79.3892838,43.6761547,0
                -79.3906142,43.6761081,0
                -79.3916012,43.6759374,0
                -79.3931891,43.6762167,0
                -79.3969013,43.6755339,0
                -79.3942012,43.6686565,0
                -79.3908726,43.6693491,0
              </coordinates>
            </LinearRing>
          </outerBoundaryIs>
        </Polygon>
      </Placemark>
    </Folder>
    <Folder>
      <name>Persons of Interest</name>
      <Placemark>
        <name>Sunburners</name>
        <description><![CDATA[description: <br>faction: Sabbat<br>religion: <br>clan: Thin-Blood<br>status: Thin-Blood]]></description>
        <styleUrl>#icon-1899-F57C00</styleUrl>
        <ExtendedData>
          <Data name="description">
            <value/>
          </Data>
          <Data name="faction">
            <value>Sabbat</value>
          </Data>
          <Data name="religion">
            <value/>
          </Data>
          <Data name="clan">
            <value>Thin-Blood</value>
          </Data>
          <Data name="status">
            <value>Thin-Blood</value>
          </Data>
        </ExtendedData>
        <Point>
          <coordinates>
            -79.2462499,43.7145695,0
          </coordinates>
        </Point>
      </Placemark>
      <Placemark>
        <name>King Dre</name>
        <description><![CDATA[description: Baron<br>faction: Anarch<br>religion: <br>clan: Brujah<br>status: Kindred]]></description>
        <styleUrl>#icon-1899-558B2F</styleUrl>
        <ExtendedData>
          <Data name="description">
            <value>Baron</value>
          </Data>
          <Data name="faction">
            <value>Anarch</value>
          </Data>
          <Data name="religion">
            <value/>
          </Data>
          <Data name="clan">
            <value>Brujah</value>
          </Data>
          <Data name="status">
            <value>Kindred</value>
          </Data>
        </ExtendedData>
        <Point>
          <coordinates>
            -79.2586223,43.7757116,0
          </coordinates>
        </Point>
      </Placemark>
      <Placemark>
        <name>Erin Ko</name>
        <description><![CDATA[description: <br>faction: Anarch<br>religion: <br>clan: Thin-Blood<br>status: Thin-Blood]]></description>
        <styleUrl>#icon-1899-558B2F</styleUrl>
        <ExtendedData>
          <Data name="description">
            <value/>
          </Data>
          <Data name="faction">
            <value>Anarch</value>
          </Data>
          <Data name="religion">
            <value/>
          </Data>
          <Data name="clan">
            <value>Thin-Blood</value>
          </Data>
          <Data name="status">
            <value>Thin-Blood</value>
          </Data>
        </ExtendedData>
        <Point>
          <coordinates>
            -79.3977548,43.6534275,0
          </coordinates>
        </Point>
      </Placemark>
      <Placemark>
        <name>Evelyn Skye</name>
        <description><![CDATA[description: Baron<br>faction: Anarch<br>religion: <br>clan: Hecata<br>status: Kindred]]></description>
        <styleUrl>#icon-1899-558B2F</styleUrl>
        <ExtendedData>
          <Data name="description">
            <value>Baron</value>
          </Data>
          <Data name="faction">
            <value>Anarch</value>
          </Data>
          <Data name="religion">
            <value/>
          </Data>
          <Data name="clan">
            <value>Hecata</value>
          </Data>
          <Data name="status">
            <value>Kindred</value>
          </Data>
        </ExtendedData>
        <Point>
          <coordinates>
            -79.4058689,43.6557546,0
          </coordinates>
        </Point>
      </Placemark>
      <Placemark>
        <name>Moth</name>
        <description><![CDATA[description: <br>faction: Anarch<br>religion: <br>clan: Ravnos<br>status: Kindred]]></description>
        <styleUrl>#icon-1899-558B2F</styleUrl>
        <ExtendedData>
          <Data name="description">
            <value/>
          </Data>
          <Data name="faction">
            <value>Anarch</value>
          </Data>
          <Data name="religion">
            <value/>
          </Data>
          <Data name="clan">
            <value>Ravnos</value>
          </Data>
          <Data name="status">
            <value>Kindred</value>
          </Data>
        </ExtendedData>
        <Point>
          <coordinates>
            -79.3977251,43.6480604,0
          </coordinates>
        </Point>
      </Placemark>
      <Placemark>
        <name>Prince Lucien DuSang</name>
        <description><![CDATA[description: <br>faction: Camarilla<br>religion: <br>clan: Toreador<br>status: Kindred]]></description>
        <styleUrl>#icon-1899-FFD600</styleUrl>
        <ExtendedData>
          <Data name="description">
            <value/>
          </Data>
          <Data name="faction">
            <value>Camarilla</value>
          </Data>
          <Data name="religion">
            <value/>
          </Data>
          <Data name="clan">
            <value>Toreador</value>
          </Data>
          <Data name="status">
            <value>Kindred</value>
          </Data>
        </ExtendedData>
        <Point>
          <coordinates>
            -79.3962216,43.6679838,0
          </coordinates>
        </Point>
      </Placemark>
      <Placemark>
        <name>Maeve Rousseau</name>
        <description><![CDATA[description: <br>faction: Camarilla<br>religion: Church of Caine<br>clan: Ventrue<br>status: Kindred]]></description>
        <styleUrl>#icon-1899-FFD600</styleUrl>
        <ExtendedData>
          <Data name="description">
            <value/>
          </Data>
          <Data name="faction">
            <value>Camarilla</value>
          </Data>
          <Data name="religion">
            <value>Church of Caine</value>
          </Data>
          <Data name="clan">
            <value>Ventrue</value>
          </Data>
          <Data name="status">
            <value>Kindred</value>
          </Data>
        </ExtendedData>
        <Point>
          <coordinates>
            -79.3883512,43.673197,0
          </coordinates>
        </Point>
      </Placemark>
      <Placemark>
        <name>Sabine Moreau</name>
        <description><![CDATA[description: <br>faction: Camarilla<br>religion: Church of Caine<br>clan: Malkavian<br>status: Kindred]]></description>
        <styleUrl>#icon-1899-FFD600</styleUrl>
        <ExtendedData>
          <Data name="description">
            <value/>
          </Data>
          <Data name="faction">
            <value>Camarilla</value>
          </Data>
          <Data name="religion">
            <value>Church of Caine</value>
          </Data>
          <Data name="clan">
            <value>Malkavian</value>
          </Data>
          <Data name="status">
            <value>Kindred</value>
          </Data>
        </ExtendedData>
        <Point>
          <coordinates>
            -79.3847835,43.6515136,0
          </coordinates>
        </Point>
      </Placemark>
      <Placemark>
        <name>Dmitri</name>
        <description><![CDATA[description: <br>faction: <br>religion: <br>clan: <br>status: Mortal]]></description>
        <styleUrl>#icon-1899-BDBDBD</styleUrl>
        <ExtendedData>
          <Data name="description">
            <value/>
          </Data>
          <Data name="faction">
            <value/>
          </Data>
          <Data name="religion">
            <value/>
          </Data>
          <Data name="clan">
            <value/>
          </Data>
          <Data name="status">
            <value>Mortal</value>
          </Data>
        </ExtendedData>
        <Point>
          <coordinates>
            -79.2095209,43.7840147,0
          </coordinates>
        </Point>
      </Placemark>
      <Placemark>
        <name>Isabelle</name>
        <description><![CDATA[description: Sister<br>faction: Olly's Touchstones<br>religion: <br>clan: <br>status: Mortal]]></description>
        <styleUrl>#icon-1899-673AB7</styleUrl>
        <ExtendedData>
          <Data name="description">
            <value>Sister</value>
          </Data>
          <Data name="faction">
            <value><![CDATA[Olly's Touchstones]]></value>
          </Data>
          <Data name="religion">
            <value/>
          </Data>
          <Data name="clan">
            <value/>
          </Data>
          <Data name="status">
            <value>Mortal</value>
          </Data>
        </ExtendedData>
        <Point>
          <coordinates>
            -79.2783109,43.6972029,0
          </coordinates>
        </Point>
      </Placemark>
      <Placemark>
        <name>Ostrich (Sami)</name>
        <description><![CDATA[description: <br>faction: Olly's Touchstones<br>religion: <br>clan: <br>status: Mortal]]></description>
        <styleUrl>#icon-1899-673AB7</styleUrl>
        <ExtendedData>
          <Data name="description">
            <value/>
          </Data>
          <Data name="faction">
            <value><![CDATA[Olly's Touchstones]]></value>
          </Data>
          <Data name="religion">
            <value/>
          </Data>
          <Data name="clan">
            <value/>
          </Data>
          <Data name="status">
            <value>Mortal</value>
          </Data>
        </ExtendedData>
        <Point>
          <coordinates>
            -79.5633118,43.7150087,0
          </coordinates>
        </Point>
      </Placemark>
      <Placemark>
        <name>Gamut (DJ)</name>
        <description><![CDATA[description: <br>faction: Olly's Touchstones<br>religion: <br>clan: <br>status: Mortal]]></description>
        <styleUrl>#icon-1899-673AB7</styleUrl>
        <ExtendedData>
          <Data name="description">
            <value/>
          </Data>
          <Data name="faction">
            <value><![CDATA[Olly's Touchstones]]></value>
          </Data>
          <Data name="religion">
            <value/>
          </Data>
          <Data name="clan">
            <value/>
          </Data>
          <Data name="status">
            <value>Mortal</value>
          </Data>
        </ExtendedData>
        <Point>
          <coordinates>
            -79.4410029,43.6648795,0
          </coordinates>
        </Point>
      </Placemark>
      <Placemark>
        <name>Bonnie</name>
        <description><![CDATA[description: Researcher at St. Michael's<br>faction: Claude's Touchstones<br>religion: <br>clan: <br>status: Mortal]]></description>
        <styleUrl>#icon-1899-1A237E</styleUrl>
        <ExtendedData>
          <Data name="description">
            <value><![CDATA[Researcher at St. Michael's]]></value>
          </Data>
          <Data name="faction">
            <value><![CDATA[Claude's Touchstones]]></value>
          </Data>
          <Data name="religion">
            <value/>
          </Data>
          <Data name="clan">
            <value/>
          </Data>
          <Data name="status">
            <value>Mortal</value>
          </Data>
        </ExtendedData>
        <Point>
          <coordinates>
            -79.4348225,43.6531127,0
          </coordinates>
        </Point>
      </Placemark>
      <Placemark>
        <name>Celeste</name>
        <description><![CDATA[description: Doctor<br>faction: Claude's Touchstones<br>religion: <br>clan: <br>status: Mortal]]></description>
        <styleUrl>#icon-1899-1A237E</styleUrl>
        <ExtendedData>
          <Data name="description">
            <value>Doctor</value>
          </Data>
          <Data name="faction">
            <value><![CDATA[Claude's Touchstones]]></value>
          </Data>
          <Data name="religion">
            <value/>
          </Data>
          <Data name="clan">
            <value/>
          </Data>
          <Data name="status">
            <value>Mortal</value>
          </Data>
        </ExtendedData>
        <Point>
          <coordinates>
            -79.3922077,43.6733773,0
          </coordinates>
        </Point>
      </Placemark>
      <Placemark>
        <name>Emmery</name>
        <description><![CDATA[description: Med school advisor<br>faction: Claude's Touchstones<br>religion: <br>clan: <br>status: Mortal]]></description>
        <styleUrl>#icon-1899-1A237E</styleUrl>
        <ExtendedData>
          <Data name="description">
            <value>Med school advisor</value>
          </Data>
          <Data name="faction">
            <value><![CDATA[Claude's Touchstones]]></value>
          </Data>
          <Data name="religion">
            <value/>
          </Data>
          <Data name="clan">
            <value/>
          </Data>
          <Data name="status">
            <value>Mortal</value>
          </Data>
        </ExtendedData>
        <Point>
          <coordinates>
            -79.3487355,43.6795142,0
          </coordinates>
        </Point>
      </Placemark>
      <Placemark>
        <name>Arjun Qamar</name>
        <description><![CDATA[description: Buyer - Blood Sorceror<br>faction: Anarch<br>religion: <br>clan: Ministry<br>status: Kindred]]></description>
        <styleUrl>#icon-1899-558B2F</styleUrl>
        <ExtendedData>
          <Data name="description">
            <value>Buyer - Blood Sorceror</value>
          </Data>
          <Data name="faction">
            <value>Anarch</value>
          </Data>
          <Data name="religion">
            <value/>
          </Data>
          <Data name="clan">
            <value>Ministry</value>
          </Data>
          <Data name="status">
            <value>Kindred</value>
          </Data>
        </ExtendedData>
        <Point>
          <coordinates>
            -79.2958624,43.6821839,0
          </coordinates>
        </Point>
      </Placemark>
      <Placemark>
        <name>Atetsenretha</name>
        <description><![CDATA[description: <br>faction: None<br>religion: <br>clan: Tzimisce<br>status: Kindred]]></description>
        <styleUrl>#icon-1899-006064</styleUrl>
        <ExtendedData>
          <Data name="description">
            <value/>
          </Data>
          <Data name="faction">
            <value>None</value>
          </Data>
          <Data name="religion">
            <value/>
          </Data>
          <Data name="clan">
            <value>Tzimisce</value>
          </Data>
          <Data name="status">
            <value>Kindred</value>
          </Data>
        </ExtendedData>
        <Point>
          <coordinates>
            -79.3381775,43.6339984,0
          </coordinates>
        </Point>
      </Placemark>
      <Placemark>
        <name><![CDATA[Colette d'Aurevoir]]></name>
        <description><![CDATA[description: Buyer - Collector<br>faction: Camarilla<br>religion: <br>clan: Toreador<br>status: Kindred]]></description>
        <styleUrl>#icon-1899-FFD600</styleUrl>
        <ExtendedData>
          <Data name="description">
            <value>Buyer - Collector</value>
          </Data>
          <Data name="faction">
            <value>Camarilla</value>
          </Data>
          <Data name="religion">
            <value/>
          </Data>
          <Data name="clan">
            <value>Toreador</value>
          </Data>
          <Data name="status">
            <value>Kindred</value>
          </Data>
        </ExtendedData>
        <Point>
          <coordinates>
            -79.3645276,43.6638084,0
          </coordinates>
        </Point>
      </Placemark>
      <Placemark>
        <name>Darya Vukovi?</name>
        <description><![CDATA[description: Seller - Tattooist<br>faction: Anarch<br>religion: <br>clan: Banu Haqim<br>status: Kindred]]></description>
        <styleUrl>#icon-1899-558B2F</styleUrl>
        <ExtendedData>
          <Data name="description">
            <value>Seller - Tattooist</value>
          </Data>
          <Data name="faction">
            <value>Anarch</value>
          </Data>
          <Data name="religion">
            <value/>
          </Data>
          <Data name="clan">
            <value>Banu Haqim</value>
          </Data>
          <Data name="status">
            <value>Kindred</value>
          </Data>
        </ExtendedData>
        <Point>
          <coordinates>
            -79.2402454,43.7393216,0
          </coordinates>
        </Point>
      </Placemark>
      <Placemark>
        <name>Rami Saadeh</name>
        <description><![CDATA[description: Seller - El<br>faction: Anarch<br>religion: <br>clan: Banu Haqim<br>status: Kindred]]></description>
        <styleUrl>#icon-1899-558B2F</styleUrl>
        <ExtendedData>
          <Data name="description">
            <value>Seller - El</value>
          </Data>
          <Data name="faction">
            <value>Anarch</value>
          </Data>
          <Data name="religion">
            <value/>
          </Data>
          <Data name="clan">
            <value>Banu Haqim</value>
          </Data>
          <Data name="status">
            <value>Kindred</value>
          </Data>
        </ExtendedData>
        <Point>
          <coordinates>
            -79.2685916,43.7540003,0
          </coordinates>
        </Point>
      </Placemark>
      <Placemark>
        <name>Amira al-Najjar</name>
        <description><![CDATA[description: <br>faction: Sabbat<br>religion: Church of Set<br>clan: Ministry<br>status: Kindred]]></description>
        <styleUrl>#icon-1899-F57C00</styleUrl>
        <ExtendedData>
          <Data name="description">
            <value/>
          </Data>
          <Data name="faction">
            <value>Sabbat</value>
          </Data>
          <Data name="religion">
            <value>Church of Set</value>
          </Data>
          <Data name="clan">
            <value>Ministry</value>
          </Data>
          <Data name="status">
            <value>Kindred</value>
          </Data>
        </ExtendedData>
        <Point>
          <coordinates>
            -79.2540638,43.7289031,0
          </coordinates>
        </Point>
      </Placemark>
      <Placemark>
        <name>Jason Cho</name>
        <description><![CDATA[description: <br>faction: Camarilla<br>religion: <br>clan: Ventrue<br>status: Kindred]]></description>
        <styleUrl>#icon-1899-FFD600</styleUrl>
        <ExtendedData>
          <Data name="description">
            <value/>
          </Data>
          <Data name="faction">
            <value>Camarilla</value>
          </Data>
          <Data name="religion">
            <value/>
          </Data>
          <Data name="clan">
            <value>Ventrue</value>
          </Data>
          <Data name="status">
            <value>Kindred</value>
          </Data>
        </ExtendedData>
        <Point>
          <coordinates>
            -79.3904486,43.6554254,0
          </coordinates>
        </Point>
      </Placemark>
      <Placemark>
        <name>Dominik Levesque</name>
        <description><![CDATA[description: <br>faction: Camarilla<br>religion: Church of Caine<br>clan: Tremere<br>status: Kindred]]></description>
        <styleUrl>#icon-1899-FFD600</styleUrl>
        <ExtendedData>
          <Data name="description">
            <value/>
          </Data>
          <Data name="faction">
            <value>Camarilla</value>
          </Data>
          <Data name="religion">
            <value>Church of Caine</value>
          </Data>
          <Data name="clan">
            <value>Tremere</value>
          </Data>
          <Data name="status">
            <value>Kindred</value>
          </Data>
        </ExtendedData>
        <Point>
          <coordinates>
            -79.389075,43.6649882,0
          </coordinates>
        </Point>
      </Placemark>
      <Placemark>
        <name>Viorica Dal</name>
        <description><![CDATA[description: Buyer - Blood Sorceror<br>faction: Anarch<br>religion: <br>clan: Tremere<br>status: Kindred]]></description>
        <styleUrl>#icon-1899-558B2F</styleUrl>
        <ExtendedData>
          <Data name="description">
            <value>Buyer - Blood Sorceror</value>
          </Data>
          <Data name="faction">
            <value>Anarch</value>
          </Data>
          <Data name="religion">
            <value/>
          </Data>
          <Data name="clan">
            <value>Tremere</value>
          </Data>
          <Data name="status">
            <value>Kindred</value>
          </Data>
        </ExtendedData>
        <Point>
          <coordinates>
            -79.3962848,43.6272269,0
          </coordinates>
        </Point>
      </Placemark>
      <Placemark>
        <name>Elijah Kane</name>
        <description><![CDATA[description: Sheriff<br>faction: Camarilla<br>religion: <br>clan: Banu Haqim<br>status: Kindred]]></description>
        <styleUrl>#icon-1899-FFD600</styleUrl>
        <ExtendedData>
          <Data name="description">
            <value>Sheriff</value>
          </Data>
          <Data name="faction">
            <value>Camarilla</value>
          </Data>
          <Data name="religion">
            <value/>
          </Data>
          <Data name="clan">
            <value>Banu Haqim</value>
          </Data>
          <Data name="status">
            <value>Kindred</value>
          </Data>
        </ExtendedData>
        <Point>
          <coordinates>
            -79.3913066,43.6661058,0
          </coordinates>
        </Point>
      </Placemark>
      <Placemark>
        <name>Marcus Söderström</name>
        <description><![CDATA[description: <br>faction: Camarilla<br>religion: <br>clan: Malkavian<br>status: Kindred]]></description>
        <styleUrl>#icon-1899-FFD600</styleUrl>
        <ExtendedData>
          <Data name="description">
            <value/>
          </Data>
          <Data name="faction">
            <value>Camarilla</value>
          </Data>
          <Data name="religion">
            <value/>
          </Data>
          <Data name="clan">
            <value>Malkavian</value>
          </Data>
          <Data name="status">
            <value>Kindred</value>
          </Data>
        </ExtendedData>
        <Point>
          <coordinates>
            -79.3781746,43.6677821,0
          </coordinates>
        </Point>
      </Placemark>
      <Placemark>
        <name>Tatiana Mirek (Tash)</name>
        <description><![CDATA[description: <br>faction: Camarilla<br>religion: <br>clan: Tremere<br>status: Kindred]]></description>
        <styleUrl>#icon-1899-FFD600</styleUrl>
        <ExtendedData>
          <Data name="description">
            <value/>
          </Data>
          <Data name="faction">
            <value>Camarilla</value>
          </Data>
          <Data name="religion">
            <value/>
          </Data>
          <Data name="clan">
            <value>Tremere</value>
          </Data>
          <Data name="status">
            <value>Kindred</value>
          </Data>
        </ExtendedData>
        <Point>
          <coordinates>
            -79.3947397,43.6819977,0
          </coordinates>
        </Point>
      </Placemark>
      <Placemark>
        <name>Latchkey Sam</name>
        <description><![CDATA[description: <br>faction: Sabbat<br>religion: <br>clan: Thin-Blood<br>status: Thin-Blood]]></description>
        <styleUrl>#icon-1899-F57C00</styleUrl>
        <ExtendedData>
          <Data name="description">
            <value/>
          </Data>
          <Data name="faction">
            <value>Sabbat</value>
          </Data>
          <Data name="religion">
            <value/>
          </Data>
          <Data name="clan">
            <value>Thin-Blood</value>
          </Data>
          <Data name="status">
            <value>Thin-Blood</value>
          </Data>
        </ExtendedData>
        <Point>
          <coordinates>
            -79.2992109,43.7106656,0
          </coordinates>
        </Point>
      </Placemark>
      <Placemark>
        <name>Father Vivek</name>
        <description><![CDATA[description: <br>faction: Sabbat<br>religion: Church of Set<br>clan: Ministry<br>status: Kindred]]></description>
        <styleUrl>#icon-1899-F57C00</styleUrl>
        <ExtendedData>
          <Data name="description">
            <value/>
          </Data>
          <Data name="faction">
            <value>Sabbat</value>
          </Data>
          <Data name="religion">
            <value>Church of Set</value>
          </Data>
          <Data name="clan">
            <value>Ministry</value>
          </Data>
          <Data name="status">
            <value>Kindred</value>
          </Data>
        </ExtendedData>
        <Point>
          <coordinates>
            -79.3586905,43.6777765,0
          </coordinates>
        </Point>
      </Placemark>
      <Placemark>
        <name>Fenix Reyes (Bitecoin)</name>
        <description><![CDATA[description: <br>faction: Sabbat<br>religion: <br>clan: Lasombra<br>status: Kindred]]></description>
        <styleUrl>#icon-1899-F57C00</styleUrl>
        <ExtendedData>
          <Data name="description">
            <value/>
          </Data>
          <Data name="faction">
            <value>Sabbat</value>
          </Data>
          <Data name="religion">
            <value/>
          </Data>
          <Data name="clan">
            <value>Lasombra</value>
          </Data>
          <Data name="status">
            <value>Kindred</value>
          </Data>
        </ExtendedData>
        <Point>
          <coordinates>
            -79.3541418,43.6515754,0
          </coordinates>
        </Point>
      </Placemark>
      <Placemark>
        <name>Raya Wong</name>
        <description><![CDATA[description: <br>faction: None<br>religion: Church of Caine<br>clan: Hecata<br>status: Kindred]]></description>
        <styleUrl>#icon-1899-006064</styleUrl>
        <ExtendedData>
          <Data name="description">
            <value/>
          </Data>
          <Data name="faction">
            <value>None</value>
          </Data>
          <Data name="religion">
            <value>Church of Caine</value>
          </Data>
          <Data name="clan">
            <value>Hecata</value>
          </Data>
          <Data name="status">
            <value>Kindred</value>
          </Data>
        </ExtendedData>
        <Point>
          <coordinates>
            -79.3121711,43.6763495,0
          </coordinates>
        </Point>
      </Placemark>
    </Folder>
  </Document>
</kml>
